Created at,Total,Subtotal,item_count,total_7d_avg,total_30d_avg,items_7d_avg,total_7d_std,total_prev_day,total_prev_week,total_prev_month,total_same_day_last_week,items_same_day_last_week,total_growth_1d,total_growth_1w,quarter,day_of_year,week_of_year,week_sin,week_cos,year_sin,year_cos,total_discount,discount_ratio,avg_shipping_cost,avg_items_per_order,days_to_next_shopping_holiday,next_shopping_holiday,pre_holiday_period
2022-11-01 00:00:00+02:00,8226.94,7826.9400000000005,47,,,,,,,,,,,,4,305,44,0.7818314824680298,0.6234898018587336,-0.858763958275803,0.5123714121284235,471.0,0.06017677406496025,36.36363636363637,4.2727272727272725,30,Black Friday,0
2022-11-02 00:00:00+02:00,12499.8,11899.8,51,,,,,8226.94,,,,,0.5193741536950554,,4,306,44,0.9749279121818236,-0.22252093395631434,-0.8498170915275277,0.5270777086423724,250.0,0.02100875644968823,46.15384615384615,3.923076923076923,29,Black Friday,0
2022-11-03 00:00:00+02:00,8859.89,8309.89,39,,,,,12499.8,,,,,-0.2911974591593466,,4,307,44,0.43388373911755823,-0.900968867902419,-0.8406184056344783,0.5416278206559811,464.99,0.05595621602692696,45.833333333333336,3.25,28,Black Friday,0
2022-11-04 00:00:00+02:00,9996.93,9746.93,39,,,,,8859.89,,,,,0.1283356791111403,,4,308,44,-0.433883739117558,-0.9009688679024191,-0.8311706263658079,0.5560174366570446,2122.97,0.21780909476111962,22.727272727272727,3.5454545454545454,27,Black Friday,0
2022-11-05 00:00:00+02:00,13578.82,12848.82,64,,,,,9996.93,,,,,0.3582989977923221,,4,309,44,-0.9749279121818236,-0.2225209339563146,-0.8214765533024145,0.5702422926917867,1174.96,0.09144497315706812,42.94117647058823,3.764705882352941,26,Black Friday,0
2022-11-06 00:00:00+02:00,15894.89,15164.89,82,,,,,13578.82,,,,,0.17056489444590905,,4,310,44,-0.7818314824680299,0.6234898018587334,-0.8115390590073611,0.5842981736283683,2529.86,0.16682349822517673,34.76190476190476,3.9047619047619047,25,Black Friday,0
2022-11-07 00:00:00+02:00,9945.92,9465.92,63,11286.17,,55.0,2789.0731587512487,15894.89,,,,,-0.37426934064973083,,4,311,45,0.0,1.0,-0.8013610881746769,0.5981809144059159,1889.94,0.19965729691355938,36.92307692307692,4.846153846153846,24,Black Friday,0
2022-11-08 00:00:00+02:00,10616.880000000001,9916.880000000001,64,11627.59,,57.42857142857143,2481.486856221488,9945.92,8226.94,,8226.94,47.0,0.06746082815868215,0.2905016932176483,4,312,45,0.7818314824680298,0.6234898018587336,-0.7909456567567774,0.6118864012687242,2104.95,0.2122592992957462,50.0,4.571428571428571,23,Black Friday,0
2022-11-09 00:00:00+02:00,14919.74,14359.74,82,11973.295714285714,,61.857142857142854,2774.514262526309,10616.880000000001,12499.8,,12499.8,51.0,0.40528479176556553,0.19359829757276126,4,313,45,0.9749279121818236,-0.22252093395631434,-0.780295851070776,0.6254105729852457,2314.95,0.1612111361347768,32.94117647058823,4.823529411764706,22,Black Friday,0
2022-11-10 00:00:00+02:00,5767.91,5517.91,47,11531.584285714285,,63.0,3503.220665239617,14919.74,8859.89,,8859.89,39.0,-0.6134041209833415,-0.34898627409595373,4,314,45,0.43388373911755823,-0.900968867902419,-0.7694148268839381,0.6387494220515268,1584.98,0.28724281476138613,31.25,5.875,21,Black Friday,0
2022-11-11 00:00:00+02:00,15819.89,15469.89,74,12363.435714285715,,68.0,3760.0065315584106,5767.91,9996.93,,9996.93,39.0,1.742742171774525,0.5824748197696692,4,315,45,-0.433883739117558,-0.9009688679024191,-0.7583058084785625,0.6518989958787125,1559.98,0.1008397603344303,23.333333333333332,4.933333333333334,20,Black Friday,0
2022-11-12 00:00:00+02:00,12731.95,12381.95,66,12242.454285714284,,68.28571428571429,3727.869878330239,15819.89,13578.82,,13578.82,64.0,-0.19519351904469617,-0.06236698034144339,4,316,45,-0.9749279121818236,-0.2225209339563146,-0.7469720876965551,0.6648553979642867,1370.0,0.11064493072577421,23.333333333333332,4.4,19,Black Friday,0
2022-11-13 00:00:00+02:00,22111.87,21701.87,78,13130.594285714285,,67.71428571428571,5194.959323802441,12731.95,15894.89,,15894.89,82.0,0.7367229685947556,0.3911307344687507,4,317,45,-0.7818314824680299,0.6234898018587334,-0.7354170229639858,0.6776147890466887,3539.98,0.16311866212450818,27.333333333333332,5.2,18,Black Friday,0
2022-11-14 00:00:00+02:00,11703.93,11473.93,41,13381.738571428572,,64.57142857142857,5055.975355426583,22111.87,9945.92,,9945.92,63.0,-0.4706946992723817,0.17675690132235133,4,318,46,0.0,1.0,-0.7236440382959123,0.690173388242972,4089.98,0.3564585107282335,20.90909090909091,3.727272727272727,17,Black Friday,0
2022-11-15 00:00:00+02:00,5049.93,4849.93,34,12586.460000000001,,60.285714285714285,5926.278144499013,11703.93,10616.880000000001,,10616.880000000001,64.0,-0.568526981962469,-0.5243489612767593,4,319,46,0.7818314824680298,0.6234898018587336,-0.7116566222817751,0.7025274741691566,665.0,0.13711538104673676,28.571428571428573,4.857142857142857,16,Black Friday,0
2022-11-16 00:00:00+02:00,18763.93,18313.93,61,13135.630000000001,,57.285714285714285,6342.061469480304,5049.93,14919.74,,14919.74,82.0,2.7156812074622816,0.2576579752730275,4,320,46,0.9749279121818236,-0.22252093395631434,-0.6994583270516471,0.7146733860429608,3194.96,0.17445518247585307,23.68421052631579,3.210526315789474,15,Black Friday,0
2022-11-17 00:00:00+02:00,6477.96,6277.96,28,13237.065714285714,,54.57142857142857,6208.860731481144,18763.93,5767.91,,5767.91,47.0,-0.6547652863765746,0.12310351583155765,4,321,46,0.43388373911755823,-0.900968867902419,-0.6870527672236675,0.726607524768565,915.0,0.14574798182849205,22.22222222222222,3.111111111111111,14,Black Friday,0
2022-11-18 00:00:00+02:00,17137.9,17007.9,107,13425.352857142858,,59.285714285714285,6319.244047539006,6477.96,15819.89,,15819.89,74.0,1.6455705191140422,0.08331347436676251,4,322,46,-0.433883739117558,-0.9009688679024191,-0.6744436188329457,0.7383263540031063,7287.87,0.428499109237472,8.125,6.6875,13,Black Friday,0
2022-11-19 00:00:00+02:00,23179.85,22979.85,119,14917.91,,66.85714285714286,7287.802494682469,17137.9,12731.95,,12731.95,66.0,0.3525490287608164,0.820604856286743,4,323,46,-0.9749279121818236,-0.2225209339563146,-0.661634618242279,0.749826401204568,3213.0,0.13981814502705633,12.5,7.4375,12,Black Friday,0
2022-11-20 00:00:00+02:00,16712.96,16512.96,95,14146.637142857144,,69.28571428571429,6658.046541450715,23179.85,22111.87,,22111.87,78.0,-0.278987568944579,-0.24416342896371945,4,324,46,-0.7818314824680299,0.6234898018587334,-0.6486295610349818,0.7611042586607742,2599.99,0.15745148053407748,10.526315789473685,5.0,11,Black Friday,0
2022-11-21 00:00:00+02:00,16963.93,16863.93,70,14898.065714285713,,73.42857142857143,6633.190648300052,16712.96,11703.93,,11703.93,41.0,0.015016490196829269,0.44942168997934884,4,325,47,0.0,1.0,-0.6354323008901775,0.7721565844991641,3195.96,0.1895145437629307,7.142857142857143,5.0,10,Black Friday,0
2022-11-22 00:00:00+02:00,7691.900000000001,7491.900000000001,33,15275.490000000002,,73.28571428571429,6026.900981914339,16963.93,5049.93,,5049.93,34.0,-0.5465732291986585,0.5231696280938547,4,326,47,0.7818314824680298,0.6234898018587336,-0.622046748440868,0.7829801036770625,960.0,0.12813838946061745,18.181818181818183,3.0,9,Black Friday,0
2022-11-23 00:00:00+02:00,19012.920000000002,18532.920000000002,64,15311.06,,73.71428571428571,6051.604821199638,7691.900000000001,18763.93,,18763.93,61.0,1.471810605962116,0.01326960823239065,4,327,47,0.9749279121818236,-0.22252093395631434,-0.6084768701151264,0.7935716089521472,4141.98,0.2234931138752015,32.0,4.266666666666667,8,Black Friday,0
2022-11-24 00:00:00+02:00,26681.87,25971.87,141,18197.332857142854,,89.85714285714286,5953.838997889556,19012.920000000002,6477.96,,6477.96,28.0,0.40335466619540794,3.1188692119123917,4,328,47,0.43388373911755823,-0.900968867902419,-0.594726686960764,0.8039279618328208,2232.03,0.08594028847364477,25.357142857142858,5.035714285714286,7,Black Friday,1
2022-11-25 00:00:00+02:00,67830.98,66900.98,349,25439.20142857143,,124.42857142857143,19612.721639957257,26681.87,17137.9,,17137.9,107.0,1.5422123711718854,2.9579516743591685,4,329,47,-0.433883739117558,-0.9009688679024191,-0.5808002734538014,0.8140460935082175,6383.0,0.09540966365515124,12.916666666666666,4.847222222222222,6,Black Friday,1
2022-11-26 00:00:00+02:00,100145.24,98735.24,493,36434.25714285714,,177.85714285714286,34248.118877282745,67830.98,23179.85,,23179.85,119.0,0.4763938247685646,3.320357551925487,4,330,47,-0.9749279121818236,-0.2225209339563146,-0.5667017562911184,0.8239230057575536,4759.7,0.04820669904686513,18.076923076923077,6.32051282051282,5,Black Friday,1
2022-11-27 00:00:00+02:00,55386.96,54046.96,269,41959.114285714284,,202.71428571428572,33650.67839644637,100145.24,16712.96,,16712.96,95.0,-0.4469336735325613,2.3140125986061117,4,331,47,-0.7818314824680299,0.6234898018587334,-0.5524353131676203,0.8335557718385695,2013.0,0.03724538808473224,20.0,4.014925373134329,4,Black Friday,1
2022-11-28 00:00:00+02:00,52012.0,50442.0,266,46965.98142857143,,230.71428571428572,31872.216696391668,55386.96,16963.93,,16963.93,70.0,-0.06093419823005264,2.066034816224778,4,332,48,0.0,1.0,-0.5380051715382992,0.8429415373547832,1964.0,0.03893580746203561,21.805555555555557,3.6944444444444446,3,Black Friday,1
2022-11-29 00:00:00+02:00,59521.0,58291.0,299,54370.138571428564,,268.7142857142857,26852.850255756483,52012.0,7691.900000000001,,7691.900000000001,33.0,0.14437052987772048,6.738140121426435,4,333,48,0.7818314824680298,0.6234898018587336,-0.5234156073655503,0.8520775211013093,3088.0,0.05297558799814723,17.82608695652174,4.333333333333333,2,Black Friday,1
2022-11-30 00:00:00+02:00,68655.96,67245.96,398,61462.00142857143,24463.355,316.42857142857144,22092.018009672207,59521.0,19012.920000000002,,19012.920000000002,64.0,0.15347457199979853,2.6110160880075233,4,334,48,0.9749279121818236,-0.22252093395631434,-0.5086709438521042,0.8609610158889945,4805.0,0.07145410668536815,16.785714285714285,4.738095238095238,1,Black Friday,1
2022-12-01 00:00:00+02:00,32722.98,31842.98,139,62325.01714285714,25279.88966666667,316.14285714285717,20572.650923250603,68655.96,26681.87,8226.94,26681.87,141.0,-0.5233774314713537,0.22641254154974888,4,335,48,0.43388373911755823,-0.900968867902419,-0.4937755501599774,0.8695893893466109,843.0,0.02647365290560117,21.463414634146343,3.3902439024390243,0,Black Friday,1
2022-12-02 00:00:00+02:00,46552.97,45022.97,220,59285.30142857144,26414.995333333332,297.7142857142857,21186.342057978793,32722.98,67830.98,12499.8,67830.98,349.0,0.422638463856287,-0.31369161996480066,4,336,48,-0.433883739117558,-0.9009688679024191,-0.4787338401157883,0.8779600847008883,1264.0,0.02807455838653025,25.081967213114755,3.6065573770491803,23,Christmas,0
2022-12-03 00:00:00+02:00,44948.979999999996,43738.979999999996,251,51400.12142857142,27617.965,263.14285714285717,11503.11280626311,46552.97,100145.24,8859.89,100145.24,493.0,-0.03445515935932775,-0.5511620921773217,4,337,48,-0.9749279121818236,-0.2225209339563146,-0.4635502709028512,0.8860706215341377,3113.0,0.07117221297798898,22.40740740740741,4.648148148148148,22,Christmas,0
2022-12-04 00:00:00+02:00,29560.0,28330.0,161,47710.555714285714,28270.06733333333,247.71428571428572,13902.849716884019,44948.979999999996,55386.96,9996.93,55386.96,269.0,-0.3423654997288036,-0.46630037106206945,4,338,48,-0.7818314824680299,0.6234898018587334,-0.4482293417404106,0.893918596519257,875.0,0.030885986586657255,29.285714285714285,3.8333333333333335,21,Christmas,0
2022-12-05 00:00:00+02:00,21892.98,20822.98,92,43407.83857142857,28547.206,222.85714285714286,16724.166898240837,29560.0,52012.0,13578.82,52012.0,266.0,-0.25937144790257105,-0.579078289625471,4,339,49,0.0,1.0,-0.4327755925504317,0.9015016841318838,0.0,0.0,35.666666666666664,3.066666666666667,20,Christmas,0
2022-12-06 00:00:00+02:00,21932.23,21052.23,128,38038.014285714286,28748.450666666668,198.42857142857142,16722.785119486794,21892.98,59521.0,15894.89,59521.0,299.0,0.001792812125165133,-0.6315211437979873,4,340,49,0.7818314824680298,0.6234898018587336,-0.41719360261231697,0.9088176373395028,115.7,0.005495854833430948,36.666666666666664,5.333333333333333,19,Christmas,0
2022-12-07 00:00:00+02:00,10300.970000000001,9850.970000000001,37,29701.58714285714,28760.28566666667,146.85714285714286,13059.620695760055,21932.23,68655.96,9945.92,68655.96,398.0,-0.5303272854607124,-0.849962479586623,4,341,49,0.9749279121818236,-0.22252093395631434,-0.4014879892059737,0.9158642882672868,100.0,0.010151284594308986,34.61538461538461,2.8461538461538463,18,Christmas,0
2022-12-08 00:00:00+02:00,15897.94,14937.94,65,27298.01,28936.321,136.28571428571428,13930.145574606675,10300.970000000001,32722.98,10616.880000000001,32722.98,139.0,0.5433439763439754,-0.5141658858698077,4,342,49,0.43388373911755823,-0.900968867902419,-0.38566340624360745,0.9226395488404875,540.0,0.03614956279112113,43.63636363636363,2.9545454545454546,17,Christmas,0
2022-12-09 00:00:00+02:00,10382.99,10102.99,41,22130.869999999995,28785.095999999998,110.71428571428571,12198.106416708048,15897.94,46552.97,14919.74,46552.97,220.0,-0.3468971451647195,-0.7769639616978251,4,343,49,-0.433883739117558,-0.9009688679024191,-0.3697245428906732,0.9291414114031743,0.0,0.0,28.0,4.1,16,Christmas,0
2022-12-10 00:00:00+02:00,7521.98,7271.98,23,16784.155714285713,28843.565000000002,78.14285714285714,8014.6204776913455,10382.99,44948.979999999996,5767.91,44948.979999999996,251.0,-0.275547794999321,-0.8326551570246978,4,344,49,-0.9749279121818236,-0.2225209339563146,-0.3536761221763721,0.935367949313148,0.0,0.0,25.0,2.3,15,Christmas,0
2022-12-11 00:00:00+02:00,9394.95,8814.95,27,13903.434285714287,28629.400333333335,59.0,6037.288583469918,7521.98,29560.0,15819.89,29560.0,161.0,0.2489995985099669,-0.6821735453315291,4,345,49,-0.7818314824680299,0.6234898018587334,-0.33752289959411347,0.941317317512847,380.0,0.04310858257846045,44.61538461538461,2.076923076923077,14,Christmas,0
2022-12-12 00:00:00+02:00,23110.88,22760.88,82,14077.42,28975.364666666665,57.57142857142857,6316.980282012467,9394.95,21892.98,12731.95,21892.98,92.0,1.4599258112070848,0.055629704133471236,4,346,50,0.0,1.0,-0.32126966169236515,0.946987753076075,0.0,0.0,18.42105263157895,4.315789473684211,13,Christmas,0
2022-12-13 00:00:00+02:00,18121.9,17741.9,48,13533.087142857143,28842.365666666665,46.142857142857146,5657.018204831186,23110.88,21932.23,22111.87,21932.23,128.0,-0.21587148563793324,-0.17373199168529596,4,347,50,0.7818314824680298,0.6234898018587336,-0.3049212246562894,0.9523775757303973,203.0,0.011441841065500311,23.75,3.0,12,Christmas,0
2022-12-14 00:00:00+02:00,18819.9,18369.9,43,14750.077142857144,29079.56466666667,47.0,5761.184573785565,18121.9,10300.970000000001,11703.93,10300.970000000001,37.0,0.03851693255122246,0.827002699745752,4,348,50,0.9749279121818236,-0.22252093395631434,-0.2884824328806098,0.9574851883550389,0.0,0.0,34.61538461538461,3.3076923076923075,11,Christmas,0
2022-12-15 00:00:00+02:00,10000.99,9670.99,24,13907.655714285716,29244.6,41.142857142857146,5991.88351950338,18819.9,15897.94,5049.93,15897.94,65.0,-0.4685949447127775,-0.37092541549408287,4,349,50,0.43388373911755823,-0.900968867902419,-0.27195815753410524,0.9623090774541487,100.0,0.010340203019546086,36.666666666666664,2.6666666666666665,10,Christmas,0
2022-12-16 00:00:00+02:00,13583.98,13283.98,28,14364.94,29071.935,39.285714285714285,5797.0357915720715,10000.99,10382.99,18763.93,10382.99,41.0,0.3582635319103409,0.30829173484709127,4,350,50,-0.433883739117558,-0.9009688679024191,-0.2553532951161881,0.9668478136052773,0.0,0.0,30.0,2.8,9,Christmas,0
2022-12-17 00:00:00+02:00,14093.96,13863.96,39,15303.794285714288,29325.801666666663,41.57142857142857,4978.469323376029,13583.98,7521.98,6477.96,7521.98,23.0,0.037542752565890014,0.8737034663745451,4,351,50,-0.9749279121818236,-0.2225209339563146,-0.23867276600594997,0.9711000518829505,465.0,0.03354020063531632,25.555555555555557,4.333333333333333,8,Christmas,0
2022-12-18 00:00:00+02:00,10714.96,10434.96,30,15492.367142857143,29111.703666666665,42.0,4736.4716487160995,14093.96,9394.95,17137.9,9394.95,27.0,-0.23974809067146496,0.14050207824416283,4,352,50,-0.7818314824680299,0.6234898018587334,-0.22192151300416674,0.9750645322571945,975.0,0.09343591158950298,28.0,3.0,7,Christmas,1
2022-12-19 00:00:00+02:00,9569.98,9089.98,43,13557.952857142856,28658.041333333334,36.42857142857143,3773.685267492702,10714.96,23110.88,23179.85,23110.88,82.0,-0.10685807506514255,-0.5859101860249372,4,353,51,0.0,1.0,-0.20510449986861926,0.9787400799669153,0.0,0.0,36.92307692307692,3.3076923076923075,6,Christmas,1
2022-12-20 00:00:00+02:00,9290.0,8610.0,49,12296.252857142856,28410.609333333334,36.57142857142857,3456.559050716696,9569.98,18121.9,16712.96,18121.9,48.0,-0.029256069500667614,-0.487360596846909,4,354,51,0.7818314824680298,0.6234898018587336,-0.1882267098432439,0.9821256058680006,0.0,0.0,45.333333333333336,3.2666666666666666,5,Christmas,1
2022-12-21 00:00:00+02:00,7185.0,7005.0,21,10634.124285714284,28084.645000000004,33.42857142857143,2446.5975297672053,9290.0,18819.9,16963.93,18819.9,43.0,-0.2265877287405813,-0.6182232636730269,4,355,51,0.9749279121818236,-0.22252093395631434,-0.1712931441814778,0.9852201067560606,0.0,0.0,25.714285714285715,3.0,4,Christmas,1
2022-12-22 00:00:00+02:00,10464.98,10254.98,52,10700.408571428572,28177.081000000002,37.42857142857143,2432.832106684588,7185.0,10000.99,7691.900000000001,10000.99,24.0,0.4565038274182325,0.046394406953711664,4,356,51,0.43388373911755823,-0.900968867902419,-0.154308820664281,0.9880226656636976,2520.0,0.2457342676436229,26.25,6.5,3,Christmas,1
2022-12-23 00:00:00+02:00,5204.0,5004.0,13,9503.268571428573,27716.783666666666,35.285714285714285,2809.968745350871,10464.98,13583.98,19012.920000000002,13583.98,28.0,-0.5027224132296478,-0.6169016738835009,4,357,51,-0.433883739117558,-0.9009688679024191,-0.13727877211326517,0.9905324521322227,0.0,0.0,33.333333333333336,2.1666666666666665,2,Christmas,1
2022-12-24 00:00:00+02:00,13712.0,13532.0,46,9448.702857142856,27284.45466666667,36.285714285714285,2707.8182061193856,5204.0,14093.96,26681.87,14093.96,39.0,1.6348962336664106,-0.02710097091236241,4,358,51,-0.9749279121818236,-0.2225209339563146,-0.12020804489935275,0.9927487224577402,0.0,0.0,22.5,5.75,1,Christmas,1
2022-12-25 00:00:00+02:00,19180.0,18980.0,58,10657.994285714285,25662.755333333334,40.285714285714285,4598.037864868339,13712.0,10714.96,67830.98,10714.96,30.0,0.3987747957993,0.7900206813651196,4,359,51,-0.7818314824680299,0.6234898018587334,-0.10310169744743544,0.9946708199115211,250.0,0.013171759747102213,15.384615384615385,4.461538461538462,0,Christmas,1
2022-12-26 00:00:00+02:00,29261.0,28371.0,108,13470.997142857143,23299.947333333334,49.57142857142857,8330.15470284865,19180.0,9569.98,100145.24,9569.98,43.0,0.5255995828988529,2.0575821475071003,4,360,52,0.0,1.0,-0.0859647987374467,0.9962981749346077,264.0,0.009305276514750977,30.689655172413794,3.7241379310344827,50,Valentine's Day,0
2022-12-27 00:00:00+02:00,17887.0,17607.0,49,14699.14,22049.94866666667,49.57142857142857,8244.299689514826,29261.0,9290.0,55386.96,9290.0,49.0,-0.38870851987286836,0.9254036598493003,4,361,52,0.7818314824680298,0.6234898018587336,-0.06880242680232064,0.9976303053065857,264.0,0.014994036462770489,23.333333333333332,4.083333333333333,49,Valentine's Day,0
2022-12-28 00:00:00+02:00,14992.0,14162.0,42,15814.425714285713,20815.94866666667,52.57142857142857,7557.857894180696,17887.0,7185.0,52012.0,7185.0,21.0,-0.16184938782355895,1.0865692414752957,4,362,52,0.9749279121818236,-0.22252093395631434,-0.05161966722325418,0.9986668162884759,302.0,0.021324671656545686,43.68421052631579,2.210526315789474,48,Valentine's Day,0
2022-12-29 00:00:00+02:00,18933.0,18433.0,56,17024.14285714286,19463.015333333336,53.142857142857146,7229.48041997888,14992.0,10464.98,59521.0,10464.98,52.0,0.2628735325506937,0.8091768928368712,4,363,52,0.43388373911755823,-0.900968867902419,-0.034421611622745804,0.9994074007397048,0.0,0.0,29.41176470588235,3.2941176470588234,47,Valentine's Day,0
2022-12-30 00:00:00+02:00,19818.0,19258.0,65,19111.85714285714,17835.083333333332,60.57142857142857,5019.500753015641,18933.0,5204.0,68655.96,5204.0,13.0,0.046743780700364335,2.8082244427363565,4,364,52,-0.433883739117558,-0.9009688679024191,-0.01721335615583528,0.9998518392091162,0.0,0.0,31.11111111111111,3.611111111111111,46,Valentine's Day,0
2022-12-31 00:00:00+02:00,25173.98,24383.98,97,20749.282857142858,17583.45,67.85714285714286,4830.3737336488275,19818.0,13712.0,32722.98,13712.0,46.0,0.2702583509940457,0.8359086931155193,4,365,52,-0.9749279121818236,-0.2225209339563146,6.432490598706546e-16,1.0,0.0,0.0,32.916666666666664,4.041666666666667,45,Valentine's Day,0
2023-01-01 00:00:00+02:00,37897.0,36997.0,114,23423.139999999996,17294.917666666668,75.85714285714286,7974.229668367174,25173.98,19180.0,46552.97,19180.0,58.0,0.505403595299591,0.9758602711157456,1,1,52,-0.7818314824680299,0.6234898018587334,0.017213356155834685,0.9998518392091162,283.0,0.0076492688596372675,32.142857142857146,4.071428571428571,44,Valentine's Day,0
2023-01-02 00:00:00+02:00,27991.0,26911.0,85,23241.711428571427,16729.65166666667,72.57142857142857,7832.457619179832,37897.0,29261.0,44948.979999999996,29261.0,108.0,-0.2613927223790802,-0.04340248111821199,1,2,1,0.0,1.0,0.03442161162274574,0.9994074007397048,0.0,0.0,38.57142857142857,3.0357142857142856,43,Valentine's Day,0
2023-01-03 00:00:00+02:00,25009.0,23729.0,109,24259.139999999996,16577.951666666668,81.14285714285714,7475.388532413139,27991.0,17887.0,29560.0,17887.0,49.0,-0.10653424314958382,0.39816626600324256,1,3,1,0.7818314824680298,0.6234898018587336,0.051619667223253764,0.998666816288476,0.0,0.0,37.64705882352941,3.2058823529411766,42,Valentine's Day,0
2023-01-04 00:00:00+02:00,35310.2,34560.2,110,27161.739999999998,17025.192333333332,90.85714285714286,7217.560048095688,25009.0,14992.0,21892.98,14992.0,42.0,0.4118997161022031,1.3552694770544287,1,4,1,0.9749279121818236,-0.22252093395631434,0.06880242680231986,0.9976303053065857,867.8,0.025109808392312544,22.727272727272727,3.3333333333333335,41,Valentine's Day,0
2023-01-05 00:00:00+02:00,29520.989999999998,28440.989999999998,88,28674.309999999998,17278.151,95.42857142857143,6250.304803604938,35310.2,18933.0,21932.23,18933.0,56.0,-0.16395290879122748,0.5592346696244652,1,5,1,0.43388373911755823,-0.900968867902419,0.08596479873744647,0.9962981749346078,0.0,0.0,40.0,3.259259259259259,40,Valentine's Day,0
2023-01-06 00:00:00+02:00,23127.0,21797.0,84,29147.024285714284,17705.68533333333,98.14285714285714,5555.358834440445,29520.989999999998,19818.0,10300.970000000001,19818.0,65.0,-0.21659131350269756,0.16696942173781415,1,6,1,-0.433883739117558,-0.9009688679024191,0.10310169744743485,0.9946708199115211,0.0,0.0,45.86206896551724,2.896551724137931,39,Valentine's Day,0
2023-01-07 00:00:00+02:00,30843.98,30028.98,106,29957.024285714284,18203.886666666665,99.42857142857143,5286.365299465736,23127.0,25173.98,15897.94,25173.98,97.0,0.33367838457214516,0.2252325615576083,1,7,1,-0.9749279121818236,-0.2225209339563146,0.1202080448993527,0.9927487224577402,463.0,0.01541843912114231,29.107142857142858,3.7857142857142856,38,Valentine's Day,0
2023-01-08 00:00:00+02:00,12343.0,11663.0,42,26306.452857142856,18269.220333333335,89.14285714285714,7321.177994750861,30843.98,37897.0,10382.99,37897.0,114.0,-0.5998246659477797,-0.6743013958888566,1,8,1,-0.7818314824680299,0.6234898018587334,0.13727877211326478,0.9905324521322229,0.0,0.0,42.5,2.625,37,Valentine's Day,0
2023-01-09 00:00:00+02:00,17511.0,17181.0,54,24809.309999999998,18602.18766666667,84.71428571428571,7962.726900250139,12343.0,27991.0,7521.98,27991.0,85.0,0.41869885765211046,-0.3744060590904219,1,9,2,0.0,1.0,0.15430882066428117,0.9880226656636976,90.0,0.005238344683080147,22.0,3.6,36,Valentine's Day,0
2023-01-10 00:00:00+02:00,24917.0,23977.0,88,24796.16714285714,19119.589333333333,81.71428571428571,7962.41828869582,17511.0,25009.0,9394.95,25009.0,109.0,0.4229341556735766,-0.0036786756767563933,1,10,2,0.7818314824680298,0.6234898018587336,0.1712931441814776,0.9852201067560606,0.0,0.0,34.81481481481482,3.259259259259259,35,Valentine's Day,0
2023-01-11 00:00:00+02:00,36230.0,35670.0,114,24927.567142857144,19556.893333333333,82.28571428571429,8169.734952748324,24917.0,35310.2,23110.88,35310.2,110.0,0.45402737087129275,0.026049130279635957,1,11,2,0.9749279121818236,-0.22252093395631434,0.1882267098432442,0.9821256058680006,0.0,0.0,23.333333333333332,4.75,34,Valentine's Day,0
2023-01-12 00:00:00+02:00,45648.98,44388.98,133,27231.565714285716,20474.462666666666,88.71428571428571,11340.090876477238,36230.0,29520.989999999998,18121.9,29520.989999999998,88.0,0.25997736682307493,0.5463228028599314,1,12,2,0.43388373911755823,-0.900968867902419,0.2051044998686192,0.9787400799669153,405.0,0.00912388615372554,29.302325581395348,3.0930232558139537,33,Valentine's Day,0
2023-01-13 00:00:00+02:00,52862.99,51522.99,164,31479.56428571429,21609.232333333333,100.14285714285714,14636.65475607941,45648.98,23127.0,18819.9,23127.0,84.0,0.15803222766423253,1.2857694469667487,1,13,2,-0.433883739117558,-0.9009688679024191,0.22192151300416552,0.9750645322571948,4432.0,0.08601985249691449,29.77777777777778,3.6444444444444444,32,Valentine's Day,0
2023-01-14 00:00:00+02:00,46584.0,45624.0,142,33728.13857142857,22828.666,105.28571428571429,15693.61537550693,52862.99,30843.98,10000.99,30843.98,106.0,-0.1187785632254248,0.5103109261515537,1,14,2,-0.9749279121818236,-0.2225209339563146,0.2386727660059501,0.9711000518829505,689.0,0.015101700859196914,26.666666666666668,3.9444444444444446,31,Valentine's Day,0
2023-01-15 00:00:00+02:00,46935.0,46005.0,137,38669.852857142854,23940.366666666665,118.85714285714286,13063.247668101403,46584.0,12343.0,13583.98,12343.0,42.0,0.0075347758887172045,2.8025601555537554,1,15,2,-0.7818314824680299,0.6234898018587334,0.255353295116187,0.9668478136052775,0.0,0.0,30.0,4.419354838709677,30,Valentine's Day,0
2023-01-16 00:00:00+02:00,36506.0,35296.0,100,41383.42428571428,24687.434666666664,125.42857142857143,9392.652744746538,46935.0,17511.0,14093.96,17511.0,54.0,-0.22220091616064774,1.0847467306264633,1,16,3,0.0,1.0,0.2719581575341055,0.9623090774541486,0.0,0.0,36.666666666666664,3.0303030303030303,29,Valentine's Day,0
2023-01-17 00:00:00+02:00,28298.0,27318.0,86,41866.42428571428,25273.536,125.14285714285714,8443.772167307372,36506.0,24917.0,10714.96,24917.0,88.0,-0.2248397523694735,0.13569049243488385,1,17,3,0.7818314824680298,0.6234898018587336,0.288482432880609,0.9574851883550393,454.0,0.01661907899553408,33.793103448275865,2.9655172413793105,28,Valentine's Day,0
2023-01-18 00:00:00+02:00,9040.0,8760.0,19,37982.138571428564,25255.87,111.57142857142857,15099.530095150221,28298.0,36230.0,9569.98,36230.0,114.0,-0.6805427945437841,-0.7504830251173061,1,18,3,0.9749279121818236,-0.22252093395631434,0.30492122465628907,0.9523775757303974,0.0,0.0,35.0,2.375,27,Valentine's Day,0
2023-01-19 00:00:00+02:00,24789.98,24049.98,53,35002.28142857143,25772.536,100.14285714285714,15389.772603399555,9040.0,45648.98,9290.0,45648.98,133.0,1.742254424778761,-0.4569433972018653,1,19,3,0.43388373911755823,-0.900968867902419,0.3212696616923644,0.9469877530760753,0.0,0.0,33.63636363636363,2.409090909090909,26,Valentine's Day,0
2023-01-20 00:00:00+02:00,20362.99,19582.99,54,30359.424285714285,26211.802333333337,84.42857142857143,13937.250388918017,24789.98,52862.99,7185.0,52862.99,164.0,-0.17857981329553307,-0.6147968550397924,1,20,3,-0.433883739117558,-0.9009688679024191,0.3375228995941133,0.9413173175128471,207.0,0.010570398085277068,35.45454545454545,2.4545454545454546,25,Valentine's Day,0
2023-01-21 00:00:00+02:00,42681.99,41771.99,114,29801.994285714285,27285.702666666668,80.42857142857143,13240.816702280696,20362.99,46584.0,10464.98,46584.0,142.0,1.096057111455636,-0.08376287995878418,1,21,3,-0.9749279121818236,-0.2225209339563146,0.3536761221763716,0.9353679493131483,0.0,0.0,27.575757575757574,3.4545454545454546,24,Valentine's Day,0
2023-01-22 00:00:00+02:00,19048.99,18388.99,46,25818.278571428575,27747.202333333335,67.42857142857143,11276.174305273698,42681.99,46935.0,5204.0,46935.0,137.0,-0.5536995814862427,-0.5941410461276233,1,22,3,-0.7818314824680299,0.6234898018587334,0.3697245428906731,0.9291414114031743,0.0,0.0,34.73684210526316,2.4210526315789473,23,Valentine's Day,0
2023-01-23 00:00:00+02:00,47113.979999999996,46313.979999999996,126,27333.704285714284,28860.60166666667,71.14285714285714,13454.345928044797,19048.99,36506.0,13712.0,36506.0,100.0,1.4733059338054137,0.2905818221662191,1,23,4,0.0,1.0,0.38566340624360707,0.9226395488404876,0.0,0.0,29.62962962962963,4.666666666666667,22,Valentine's Day,0
2023-01-24 00:00:00+02:00,28583.96,28203.96,96,27374.55571428571,29174.067,72.57142857142857,13458.195380269064,47113.979999999996,28298.0,19180.0,28298.0,86.0,-0.393301945622085,0.010105307795603924,1,24,4,0.7818314824680298,0.6234898018587336,0.401487989205973,0.9158642882672872,0.0,0.0,18.095238095238095,4.571428571428571,21,Valentine's Day,0
2023-01-25 00:00:00+02:00,12214.98,11704.98,36,27828.124285714286,28605.86633333333,75.0,12773.376405731397,28583.96,9040.0,29261.0,9040.0,19.0,-0.5726631299512034,0.35121460176991137,1,25,4,0.9749279121818236,-0.22252093395631434,0.4171936026123168,0.9088176373395029,0.0,0.0,36.42857142857143,2.5714285714285716,20,Valentine's Day,0
2023-01-26 00:00:00+02:00,23896.989999999998,23296.989999999998,76,27700.554285714283,28806.199333333334,78.28571428571429,12813.17320931973,12214.98,24789.98,17887.0,24789.98,53.0,0.9563675094023893,-0.03602221542736228,1,26,4,0.43388373911755823,-0.900968867902419,0.4327755925504312,0.901501684131884,0.0,0.0,26.08695652173913,3.3043478260869565,19,Valentine's Day,0
2023-01-27 00:00:00+02:00,43399.0,42949.0,146,30991.412857142856,29753.09933333333,91.42857142857143,13551.491574666505,23896.989999999998,20362.99,14992.0,20362.99,54.0,0.8160864610982388,1.1312685416041552,1,27,4,-0.433883739117558,-0.9009688679024191,0.4482293417404106,0.893918596519257,0.0,0.0,21.428571428571427,6.9523809523809526,18,Valentine's Day,0
2023-01-28 00:00:00+02:00,11515.99,11115.99,34,26539.12714285714,29505.865666666665,80.0,14175.801613721562,43399.0,42681.99,18933.0,42681.99,114.0,-0.7346484942049356,-0.7301908837896265,1,28,4,-0.9749279121818236,-0.2225209339563146,0.4635502709028509,0.886070621534138,0.0,0.0,33.333333333333336,2.8333333333333335,17,Valentine's Day,0
2023-01-29 00:00:00+02:00,15230.0,14730.0,44,25993.55714285714,29352.932333333334,79.71428571428571,14579.842159009273,11515.99,19048.99,19818.0,19048.99,46.0,0.32250896362362247,-0.20048254526880438,1,29,4,-0.7818314824680299,0.6234898018587334,0.47873384011578846,0.8779600847008882,231.0,0.015682281059063136,27.77777777777778,2.4444444444444446,16,Valentine's Day,0
2023-01-30 00:00:00+02:00,15447.97,14997.97,42,21469.841428571428,29028.732000000004,67.71428571428571,11527.647228634656,15230.0,47113.979999999996,25173.98,47113.979999999996,126.0,0.01431188443860787,-0.6721149433777405,1,30,5,0.0,1.0,0.4937755501599772,0.869589389346611,0.0,0.0,30.0,2.8,15,Valentine's Day,0
2023-01-31 00:00:00+02:00,36557.0,36097.0,172,22608.847142857143,28984.065333333336,78.57142857142857,12683.65244686999,15447.97,28583.96,37897.0,28583.96,96.0,1.3664598002197055,0.27893405952149397,1,31,5,0.7818314824680298,0.6234898018587336,0.5086709438521044,0.8609610158889943,0.0,0.0,19.166666666666668,7.166666666666667,14,Valentine's Day,0
2023-02-01 00:00:00+02:00,18711.0,17821.0,81,23536.85,28674.732000000004,85.0,12016.534784784417,36557.0,12214.98,27991.0,12214.98,36.0,-0.4881691604890992,0.5318076656695305,1,32,5,0.9749279121818236,-0.22252093395631434,0.5234156073655503,0.8520775211013093,0.0,0.0,38.69565217391305,3.5217391304347827,13,Valentine's Day,0
2023-02-02 00:00:00+02:00,32857.99,31897.989999999998,110,24816.992857142857,28936.365,89.85714285714286,12527.737487543029,18711.0,23896.989999999998,25009.0,23896.989999999998,76.0,0.7560787771898883,0.3749844645706426,1,33,5,0.43388373911755823,-0.900968867902419,0.5380051715382996,0.8429415373547828,0.0,0.0,33.10344827586207,3.793103448275862,12,Valentine's Day,0
2023-02-03 00:00:00+02:00,12185.0,11425.0,43,20357.850000000002,28165.525,75.14285714285714,10138.653824872448,32857.99,43399.0,35310.2,43399.0,146.0,-0.629161735090917,-0.7192331620544252,1,34,5,-0.433883739117558,-0.9009688679024191,0.5524353131676196,0.8335557718385699,0.0,0.0,42.22222222222222,2.388888888888889,11,Valentine's Day,0
2023-02-04 00:00:00+02:00,24407.28,23727.28,81,22199.462857142855,27995.067999999996,81.85714285714286,9409.502625358284,12185.0,11515.99,29520.989999999998,11515.99,34.0,1.0030594993844892,1.1194252513244627,1,35,5,-0.9749279121818236,-0.2225209339563146,0.5667017562911176,0.8239230057575542,107.7,0.004539079068481512,30.90909090909091,3.6818181818181817,10,Valentine's Day,0
2023-02-05 00:00:00+02:00,28603.5,28023.5,95,24109.962857142855,28177.618,89.14285714285714,9111.537058401524,24407.28,15230.0,23127.0,15230.0,44.0,0.1719249338721891,0.878102429415627,1,36,5,-0.7818314824680299,0.6234898018587334,0.5808002734538009,0.8140460935082178,0.0,0.0,30.526315789473685,5.0,9,Valentine's Day,0
2023-02-06 00:00:00+02:00,26025.0,25025.0,136,25620.967142857142,28016.98533333333,102.57142857142857,8274.21652626343,28603.5,15447.97,30843.98,15447.97,42.0,-0.09014631076616497,0.6846873731629464,1,37,6,0.0,1.0,0.5947266869607634,0.8039279618328213,0.0,0.0,31.25,4.25,8,Valentine's Day,0
2023-02-07 00:00:00+02:00,34167.979999999996,32937.979999999996,143,25279.678571428572,28744.484666666667,98.42857142857143,7782.621919440005,26025.0,36557.0,12343.0,36557.0,172.0,0.31289068203650316,-0.06535054845857169,1,38,6,0.7818314824680298,0.6234898018587336,0.6084768701151261,0.7935716089521474,165.0,0.005009414663558604,35.142857142857146,4.085714285714285,7,Valentine's Day,1
2023-02-08 00:00:00+02:00,21645.0,20945.0,81,25698.821428571428,28882.284666666666,98.42857142857143,7441.424691613025,34167.979999999996,18711.0,17511.0,18711.0,81.0,-0.36651215553275307,0.15680615680615673,1,39,6,0.9749279121818236,-0.22252093395631434,0.6220467484408675,0.7829801036770629,0.0,0.0,31.818181818181817,3.6818181818181817,6,Valentine's Day,1
2023-02-09 00:00:00+02:00,20366.97,19966.97,80,23914.389999999996,28730.617000000002,94.14285714285714,6917.7836648862585,21645.0,32857.99,24917.0,32857.99,110.0,-0.05904504504504504,-0.3801516769589375,1,40,6,0.43388373911755823,-0.900968867902419,0.6354323008901774,0.7721565844991642,0.0,0.0,21.05263157894737,4.2105263157894735,5,Valentine's Day,1
2023-02-10 00:00:00+02:00,23369.95,22259.95,114,25512.239999999998,28301.948666666667,104.28571428571429,4690.0664136911455,20366.97,12185.0,36230.0,12185.0,43.0,0.14744363054494602,0.9179277800574477,1,41,6,-0.433883739117558,-0.9009688679024191,0.6486295610349814,0.7611042586607747,782.0,0.0351303574356636,41.111111111111114,4.222222222222222,4,Valentine's Day,1
2023-02-11 00:00:00+02:00,29105.48,28475.48,100,26183.411428571428,27750.498666666666,107.0,4839.378012363569,23369.95,24407.28,45648.98,24407.28,81.0,0.24542328930956203,0.19249174836360305,1,42,6,-0.9749279121818236,-0.2225209339563146,0.6616346182422783,0.7498264012045686,802.5,0.028182141266802175,23.333333333333332,3.7037037037037037,3,Valentine's Day,1
2023-02-12 00:00:00+02:00,25636.98,24596.98,86,25759.622857142855,26842.965,105.71428571428571,4720.558911452208,29105.48,28603.5,52862.99,28603.5,95.0,-0.11916999822713803,-0.10371178352299548,1,43,6,-0.7818314824680299,0.6234898018587334,0.6744436188329455,0.7383263540031065,0.0,0.0,40.0,3.3076923076923075,2,Valentine's Day,1
2023-02-13 00:00:00+02:00,16215.99,15705.99,54,24358.335714285717,25830.698,94.0,5929.689734797458,25636.98,26025.0,46584.0,26025.0,136.0,-0.3674765904564422,-0.37690720461095106,1,44,7,0.0,1.0,0.6870527672236669,0.7266075247685656,0.0,0.0,34.0,3.6,1,Valentine's Day,1
2023-02-14 00:00:00+02:00,29461.0,28271.0,127,23685.91,25248.231333333337,91.71428571428571,4789.055048016658,16215.99,34167.979999999996,46935.0,34167.979999999996,143.0,0.816787010845468,-0.13775997293372322,1,45,7,0.7818314824680298,0.6234898018587336,0.6994583270516471,0.7146733860429609,776.0,0.02744862226309646,37.1875,3.96875,0,Valentine's Day,1
2023-02-15 00:00:00+02:00,24575.2,23925.2,85,24104.51,24850.538,92.28571428571429,4708.312345798701,29461.0,21645.0,36506.0,21645.0,81.0,-0.16583958453548753,0.13537537537537547,1,46,7,0.9749279121818236,-0.22252093395631434,0.7116566222817746,0.702527474169157,232.8,0.009730326183271196,28.26086956521739,3.6956521739130435,34,Mother's Day,0
2023-02-16 00:00:00+02:00,29028.989999999998,28318.989999999998,86,25341.941428571427,24874.904333333332,93.14285714285714,4700.565092083579,24575.2,20366.97,28298.0,20366.97,80.0,0.1812310784856277,0.4252974301037413,1,47,7,0.43388373911755823,-0.900968867902419,0.7236440382959124,0.6901733882429719,0.0,0.0,29.583333333333332,3.5833333333333335,33,Mother's Day,0
2023-02-17 00:00:00+02:00,30381.0,29371.0,87,26343.52,25586.271,89.28571428571429,4950.641654678078,29028.989999999998,23369.95,9040.0,23369.95,114.0,0.04657447606685605,0.3000027813495536,1,48,7,-0.433883739117558,-0.9009688679024191,0.7354170229639855,0.6776147890466889,0.0,0.0,32.58064516129032,2.806451612903226,32,Mother's Day,0
2023-02-18 00:00:00+02:00,31984.0,31424.0,99,26754.737142857142,25826.071666666667,89.14285714285714,5323.783297257458,30381.0,29105.48,24789.98,29105.48,100.0,0.05276324018300915,0.09889958866852577,1,49,7,-0.9749279121818236,-0.2225209339563146,0.7469720876965552,0.6648553979642865,0.0,0.0,28.0,4.95,31,Mother's Day,0
2023-02-19 00:00:00+02:00,28206.0,27296.0,123,27121.74,26087.50533333333,94.42857142857143,5322.436108071222,31984.0,25636.98,20362.99,25636.98,86.0,-0.11812156078039016,0.10020759075366903,1,50,7,-0.7818314824680299,0.6234898018587334,0.7583058084785625,0.6518989958787126,0.0,0.0,37.916666666666664,5.125,30,Mother's Day,0
2023-02-20 00:00:00+02:00,33386.97,32756.97,130,29574.73714285714,25777.67133333333,105.28571428571429,2833.3524241713008,28206.0,16215.99,42681.99,16215.99,54.0,0.18368325888108927,1.0588918715416082,1,51,8,0.0,1.0,0.7694148268839378,0.6387494220515272,256.0,0.007815130642425108,25.2,5.2,29,Mother's Day,0
2023-02-21 00:00:00+02:00,31893.8,30833.8,88,29922.28,26205.831666666665,99.71428571428571,2963.3013653750377,33386.97,29461.0,19048.99,29461.0,127.0,-0.04472313600185951,0.0825769661586504,1,52,8,0.7818314824680298,0.6234898018587336,0.7802958510707755,0.6254105729852463,75.2,0.0024388820061101778,32.121212121212125,2.6666666666666665,28,Mother's Day,0
2023-02-22 00:00:00+02:00,34048.96,33258.96,132,31275.674285714285,25770.331,106.42857142857143,2171.920062217318,31893.8,24575.2,47113.979999999996,24575.2,85.0,0.06757300792003451,0.3855008301051466,1,53,8,0.9749279121818236,-0.22252093395631434,0.7909456567567772,0.6118864012687243,0.0,0.0,31.6,5.28,27,Mother's Day,0
2023-02-23 00:00:00+02:00,20623.99,19943.99,58,30074.959999999995,25504.998666666666,102.42857142857143,4593.876446085616,34048.96,29028.989999999998,28583.96,29028.989999999998,86.0,-0.3942842894467261,-0.2895381478997374,1,54,8,0.43388373911755823,-0.900968867902419,0.8013610881746766,0.5981809144059164,0.0,0.0,32.38095238095238,2.761904761904762,26,Mother's Day,0
2023-02-24 00:00:00+02:00,38885.99,37915.99,132,31289.958571428568,26394.032333333333,108.85714285714286,5683.737668276141,20623.99,30381.0,12214.98,30381.0,87.0,0.8854736644073236,0.27994437312794185,1,55,8,-0.433883739117558,-0.9009688679024191,0.8115390590073611,0.5842981736283683,497.0,0.01310792623376048,30.3125,4.125,25,Mother's Day,0
2023-02-25 00:00:00+02:00,37992.0,36542.0,121,32148.24428571428,26863.865999999998,112.0,6233.088166189803,38885.99,31984.0,23896.989999999998,31984.0,99.0,-0.02299002802808925,0.18784392196098043,1,56,8,-0.9749279121818236,-0.2225209339563146,0.8214765533024142,0.5702422926917871,0.0,0.0,39.189189189189186,3.27027027027027,24,Mother's Day,0
2023-02-26 00:00:00+02:00,38189.98,37269.98,112,33574.527142857136,26690.232,110.42857142857143,6322.310092547176,37992.0,28206.0,43399.0,28206.0,123.0,0.005211097073068105,0.3539665319435583,1,57,8,-0.7818314824680299,0.6234898018587334,0.8311706263658079,0.5560174366570446,0.0,0.0,30.666666666666668,3.7333333333333334,23,Mother's Day,0
2023-02-27 00:00:00+02:00,15848.0,15418.0,55,31068.959999999995,26834.63233333333,99.71428571428571,9220.259842244152,38189.98,33386.97,11515.99,33386.97,130.0,-0.5850220398125372,-0.525323801471053,1,58,9,0.0,1.0,0.8406184056344782,0.5416278206559814,0.0,0.0,26.875,3.4375,22,Mother's Day,0
2023-02-28 00:00:00+02:00,16198.98,15338.98,62,28826.842857142856,26866.931666666667,96.0,10765.109293064517,15848.0,31893.8,15230.0,31893.8,88.0,0.02214664310954051,-0.49209626949438445,1,59,9,0.7818314824680298,0.6234898018587336,0.8498170915275278,0.5270777086423722,0.0,0.0,40.95238095238095,2.9523809523809526,21,Mother's Day,0
2023-03-01 00:00:00+02:00,30544.0,29744.0,101,28326.134285714284,27370.132666666665,91.57142857142857,10561.317990942016,16198.98,34048.96,15447.97,34048.96,132.0,0.8855508186317904,-0.102938826912775,1,60,9,0.9749279121818236,-0.22252093395631434,0.8587639582758029,0.5123714121284237,2134.4,0.07175901022054869,32.0,4.04,20,Mother's Day,0
2023-03-02 00:00:00+02:00,15960.4,14990.4,41,27659.907142857144,26683.57933333333,89.14285714285714,11252.629128493665,30544.0,20623.99,36557.0,20623.99,58.0,-0.4774620220010477,-0.2261245277950582,1,61,9,0.43388373911755823,-0.900968867902419,0.8674563547295968,0.49751328890718066,983.6,0.06561532714270467,51.05263157894737,2.1578947368421053,19,Mother's Day,0
2023-03-03 00:00:00+02:00,7927.1,7797.1,18,23237.20857142857,26324.115999999998,72.85714285714286,12152.961756065119,15960.4,38885.99,18711.0,38885.99,132.0,-0.5033269842861081,-0.7961450897868358,1,62,9,-0.433883739117558,-0.9009688679024191,0.8758917051442429,0.48250774176121847,143.9,0.018455579638583575,26.0,3.6,18,Mother's Day,0
2023-03-04 00:00:00+02:00,19353.2,19073.2,44,20574.522857142856,25873.95633333333,61.857142857142854,10278.774753970321,7927.1,37992.0,32857.99,37992.0,121.0,1.4413972322791437,-0.4905980206359233,1,63,9,-0.9749279121818236,-0.2225209339563146,0.8840675099433636,0.46735921715800227,1228.8,0.0644254765849464,21.53846153846154,3.3846153846153846,17,Mother's Day,0
2023-03-05 00:00:00+02:00,20448.8,19868.8,51,18040.068571428572,26149.416333333334,53.142857142857146,6815.014414969945,19353.2,38189.98,12185.0,38189.98,112.0,0.05661079304714467,-0.46455064914933186,1,64,9,-0.7818314824680299,0.6234898018587334,0.8919813464595485,0.45207220393230435,1322.2,0.06654654533741344,29.0,2.55,16,Mother's Day,0
2023-03-06 00:00:00+02:00,21175.8,20435.8,56,18801.182857142856,26041.700333333334,53.285714285714285,6826.89669782137,20448.8,15848.0,24407.28,15848.0,55.0,0.03555220844254925,0.33618122160524977,1,65,10,0.0,1.0,0.8996308696522433,0.43665123195606403,1707.2,0.08353967057810313,41.111111111111114,3.111111111111111,15,Mother's Day,0
2023-03-07 00:00:00+02:00,24578.9,24318.9,69,19998.31428571429,25907.547000000002,54.285714285714285,7026.352790371573,21175.8,16198.98,28603.5,16198.98,62.0,0.16070703350050541,0.5173115838157711,1,66,10,0.7818314824680298,0.6234898018587336,0.9070138128026359,0.4211008707960896,473.1,0.019454004909761544,21.666666666666668,5.75,14,Mother's Day,0
2023-03-08 00:00:00+02:00,25116.899999999998,24766.899999999998,75,19223.014285714286,25877.277000000002,50.57142857142857,5873.650243652784,24578.9,30544.0,26025.0,30544.0,101.0,0.021888693147374294,-0.17768137768465175,1,67,10,0.9749279121818236,-0.22252093395631434,0.9141279881853337,0.40542572835999735,1609.1000000000001,0.06496977821204916,20.58823529411765,4.411764705882353,13,Mother's Day,0
2023-03-09 00:00:00+02:00,19236.7,18936.7,59,19691.057142857142,25379.567666666666,53.142857142857146,5698.255429181019,25116.899999999998,15960.4,34167.979999999996,15960.4,41.0,-0.23411328627338557,0.20527681010500998,1,68,10,0.43388373911755823,-0.900968867902419,0.9209712877166346,0.38963044953078796,842.3000000000001,0.044479766802029926,17.647058823529413,3.4705882352941178,12,Mother's Day,0
2023-03-10 00:00:00+02:00,25351.6,25151.6,70,22180.27142857143,25503.121,60.57142857142857,2741.6063744420644,19236.7,7927.1,21645.0,7927.1,18.0,0.31787676680511723,2.198092618990551,1,69,10,-0.433883739117558,-0.9009688679024191,0.9275416835791966,0.37371971479046906,135.4,0.005383355333259118,12.5,4.375,11,Mother's Day,0
2023-03-11 00:00:00+02:00,18326.0,17866.0,62,22033.528571428575,25435.088666666663,63.142857142857146,2938.5590061084986,25351.6,19353.2,20366.97,19353.2,44.0,-0.277126493002414,-0.05307649380980928,1,70,10,-0.9749279121818236,-0.2225209339563146,0.9338372288229252,0.35769823883312546,0.0,0.0,25.555555555555557,3.4444444444444446,10,Mother's Day,0
2023-03-12 00:00:00+02:00,27124.5,26714.5,72,22987.2,25560.24033333333,66.14285714285714,3387.500929397223,18326.0,20448.8,23369.95,20448.8,51.0,0.48011022590854524,0.3264592543327727,1,71,10,-0.7818314824680299,0.6234898018587334,0.9398560579418954,0.3415707691678556,392.5,0.014692395515543993,14.642857142857142,2.5714285714285716,9,Mother's Day,0
2023-03-13 00:00:00+02:00,32680.2,31770.2,119,24630.685714285715,25679.397666666668,75.14285714285714,4841.086952131263,27124.5,21175.8,29105.48,21175.8,56.0,0.2048222087043079,0.543280537217012,1,72,11,0.0,1.0,0.9455963874271426,0.3253420847119801,809.8,0.025489294999716715,28.4375,3.71875,8,Mother's Day,0
2023-03-14 00:00:00+02:00,20721.0,20341.0,85,24079.557142857146,25515.53166666667,77.42857142857143,5062.501011969363,32680.2,24578.9,25636.98,24578.9,69.0,-0.365946352837498,-0.1569598314001034,1,73,11,0.7818314824680298,0.6234898018587336,0.9510565162951535,0.30901699437494745,0.0,0.0,18.095238095238095,4.0476190476190474,7,Mother's Day,1
2023-03-15 00:00:00+02:00,40237.3,39357.3,131,26239.614285714284,26316.241999999995,85.42857142857143,7969.83003780061,20721.0,25116.899999999998,16215.99,25116.899999999998,75.0,0.9418609140485499,0.6020010431223601,1,74,11,0.9749279121818236,-0.22252093395631434,0.9562348265919056,0.29260033563334836,172.7,0.004388004258422198,24.444444444444443,3.638888888888889,6,Mother's Day,1
2023-03-16 00:00:00+02:00,35686.4,34696.4,110,28589.571428571428,26523.75533333333,92.71428571428571,7985.966929707459,40237.3,19236.7,29461.0,19236.7,59.0,-0.11310152520174066,0.8551206807820468,1,75,11,0.43388373911755823,-0.900968867902419,0.9611297838723007,0.27609697309746883,431.6,0.012439330881590022,28.285714285714285,3.142857142857143,5,Mother's Day,1
2023-03-17 00:00:00+02:00,53912.3,53252.3,161,32669.67142857143,27501.658666666666,105.71428571428571,12226.19876927062,35686.4,25351.6,24575.2,25351.6,70.0,0.5107239732783357,1.1265837264709133,1,76,11,-0.433883739117558,-0.9009688679024191,0.9657399376548549,0.2595117970697999,554.7,0.010416451495991724,16.5,4.025,4,Mother's Day,1
2023-03-18 00:00:00+02:00,56605.1,55695.1,192,38138.114285714284,28420.862333333334,124.28571428571429,13258.43365527876,53912.3,18326.0,29028.989999999998,18326.0,62.0,0.04994778557026858,2.0887864236603733,1,77,11,-0.9749279121818236,-0.2225209339563146,0.970063921851507,0.2428497220959356,681.9,0.012243446910051333,19.782608695652176,4.173913043478261,3,Mother's Day,1
2023-03-19 00:00:00+02:00,43828.5,42538.5,148,40524.4,28869.112333333334,135.14285714285714,12422.671822921182,56605.1,27124.5,30381.0,27124.5,72.0,-0.22571464408684017,0.6158270198529006,1,78,11,-0.7818314824680299,0.6234898018587334,0.9741004551724205,0.22611568550828828,4252.5,0.0999682640431609,25.8,2.96,2,Mother's Day,1
2023-03-20 00:00:00+02:00,44098.4,43208.4,134,42155.57142857143,29272.925666666666,137.28571428571428,11962.118068262303,43828.5,32680.2,31984.0,32680.2,119.0,0.006158093477988125,0.34939198658514936,1,79,12,0.0,1.0,0.9778483415056568,0.20931464596304847,824.6,0.01908425213615871,22.25,3.35,1,Mother's Day,1
2023-03-21 00:00:00+02:00,47615.5,46915.5,127,45997.642857142855,29919.909,143.28571428571428,7366.511948418342,44098.4,20721.0,28206.0,20721.0,85.0,0.07975572809897868,1.2979344626224605,1,80,12,0.7818314824680298,0.6234898018587336,0.9813064702716093,0.19245158197082998,677.5,0.014440856433374897,20.0,3.6285714285714286,0,Mother's Day,1
2023-03-22 00:00:00+02:00,31832.0,31282.0,104,44796.885714285716,29868.076666666668,139.42857142857142,8972.03203877258,47615.5,40237.3,33386.97,40237.3,131.0,-0.3314781951255369,-0.20889324084866534,1,81,12,0.9749279121818236,-0.22252093395631434,0.9844738167520922,0.1755314904214282,330.4,0.010561984527843488,20.37037037037037,3.8518518518518516,253,Black Friday,0
2023-03-23 00:00:00+02:00,32283.6,31883.6,105,44310.771428571425,29881.07,138.71428571428572,9616.924085124485,31832.0,35686.4,31893.8,35686.4,110.0,0.014186981653681707,-0.09535285150645634,1,82,12,0.43388373911755823,-0.900968867902419,0.9873494423939864,0.15855938510313478,840.4,0.02635837860216538,15.384615384615385,4.038461538461538,252,Black Friday,0
2023-03-24 00:00:00+02:00,30536.4,30076.4,82,40971.357142857145,29763.984666666667,127.42857142857143,9784.286007821776,32283.6,53912.3,34048.96,53912.3,161.0,-0.05412035832435036,-0.43359122129829375,1,83,12,-0.433883739117558,-0.9009688679024191,0.989932495087353,0.141540295217043,386.6,0.012853931986540942,15.862068965517242,2.8275862068965516,251,Black Friday,0
2023-03-25 00:00:00+02:00,25615.0,25385.0,66,36544.200000000004,29930.35166666667,109.42857142857143,8451.816989066116,30536.4,56605.1,20623.99,56605.1,192.0,-0.1611650358260961,-0.5474789374102333,1,84,12,-0.9749279121818236,-0.2225209339563146,0.9922222094179323,0.12447926388678915,256.0,0.010084695686428993,12.105263157894736,3.473684210526316,250,Black Friday,0
2023-03-26 00:00:00+02:00,31515.6,31015.6,92,34785.21428571428,29684.672000000002,101.42857142857143,7949.49514925918,25615.0,43828.5,38885.99,43828.5,148.0,0.23035721257075936,-0.28093363907046787,1,85,12,-0.7818314824680299,0.6234898018587334,0.994217906893952,0.10738134666416309,734.4,0.023678406995189517,19.23076923076923,3.5384615384615383,249,Black Friday,0
2023-03-27 00:00:00+02:00,21022.0,20672.0,57,31488.58571428571,29119.005333333334,90.42857142857143,8223.778111149926,31515.6,44098.4,37992.0,44098.4,134.0,-0.3329652616481996,-0.5232933621174465,1,86,13,0.0,1.0,0.995918996147179,0.09025161003104117,170.0,0.008223684210526315,19.444444444444443,3.1666666666666665,248,Black Friday,0
2023-03-28 00:00:00+02:00,26332.0,25882.0,146,28448.08571428571,28723.739333333335,93.14285714285714,4234.45566412363,21022.0,47615.5,38189.98,47615.5,127.0,0.2525925221196841,-0.4469868005166385,1,87,13,0.7818314824680298,0.6234898018587336,0.9973249731081555,0.07309512989807777,0.0,0.0,19.565217391304348,6.3478260869565215,247,Black Friday,0
2023-03-29 00:00:00+02:00,21943.5,21363.5,98,27035.442857142854,28926.92266666667,92.28571428571429,4554.732505082741,26332.0,31832.0,15848.0,31832.0,104.0,-0.16666033723226492,-0.3106465192259361,1,88,13,0.9749279121818236,-0.22252093395631434,0.9984354211555643,0.055916990100603484,759.5,0.0355512907529197,23.2,3.92,246,Black Friday,0
2023-03-30 00:00:00+02:00,23149.1,22619.1,86,25730.514285714286,29158.59333333333,89.57142857142857,4084.8126543856056,21943.5,32283.6,16198.98,32283.6,105.0,0.05494109873083142,-0.28294552032610987,1,89,13,0.43388373911755823,-0.900968867902419,0.9992500112396835,0.03872228089217446,345.9,0.01529238563868589,22.083333333333332,3.5833333333333335,245,Black Friday,0
2023-03-31 00:00:00+02:00,6594.0,6234.0,32,22310.171428571426,28360.26,82.42857142857143,7760.28984869216,23149.1,30536.4,30544.0,30536.4,82.0,-0.7151509129944577,-0.7840609895076041,1,90,13,-0.433883739117558,-0.9009688679024191,0.9997685019798909,0.021516097436222254,91.0,0.014597369265319217,40.0,3.5555555555555554,244,Black Friday,0
2023-04-01 00:00:00+02:00,16026.9,15776.9,65,20940.442857142854,28362.47666666667,82.28571428571429,7924.1940142951335,6594.0,25615.0,15960.4,25615.0,66.0,1.4305277525022748,-0.37431583056802653,2,91,13,-0.9749279121818236,-0.2225209339563146,0.9999907397361901,0.004303538296244289,66.1,0.004189669706976655,20.833333333333332,5.416666666666667,243,Black Friday,0
2023-04-02 00:00:00+02:00,13053.4,12473.4,49,18302.985714285714,28533.353333333333,76.14285714285714,6812.186871440697,16026.9,31515.6,7927.1,31515.6,92.0,-0.18553182461985784,-0.5858114711444491,2,92,13,-0.7818314824680299,0.6234898018587334,0.9999166586547379,-0.01291029607500882,39.6,0.0031747558805137336,34.11764705882353,2.8823529411764706,242,Black Friday,0
2023-04-03 00:00:00+02:00,9656.0,9176.0,31,16679.27142857143,28210.113333333335,72.42857142857143,7386.446219419824,13053.4,21022.0,19353.2,21022.0,57.0,-0.26026935511054594,-0.5406716772904576,2,93,14,0.0,1.0,0.9995462806873573,-0.030120304846908114,0.0,0.0,43.63636363636363,2.8181818181818183,241,Black Friday,0
2023-04-04 00:00:00+02:00,22867.6,22137.6,67,16184.357142857143,28290.739999999998,61.142857142857146,6717.6780102595185,9656.0,26332.0,20448.8,26332.0,146.0,1.3682270091135043,-0.131566155248367,2,94,14,0.7818314824680298,0.6234898018587336,0.9988797155850336,-0.04732138832243185,688.8,0.03111448395490026,38.421052631578945,3.526315789473684,240,Black Friday,0
2023-04-05 00:00:00+02:00,3680.7,3430.7,13,13575.385714285714,27707.57,49.0,7597.036474711424,22867.6,21943.5,21175.8,21943.5,98.0,-0.8390430128216341,-0.8322646797457106,2,95,14,0.9749279121818236,-0.22252093395631434,0.9979171608653922,-0.06450844944931623,153.89999999999998,0.04485964963418544,41.666666666666664,2.1666666666666665,239,Black Friday,0
2023-04-06 00:00:00+02:00,3875.04,3675.04,6,10821.948571428571,27017.441333333332,37.57142857142857,7019.740833809196,3680.7,23149.1,24578.9,23149.1,86.0,0.05279973918004721,-0.832605155276015,2,96,14,0.43388373911755823,-0.900968867902419,0.9966589017541702,-0.08167639533042241,4.56,0.0012408028211937827,50.0,1.5,238,Black Friday,0
2023-04-07 00:00:00+02:00,16463.0,15783.0,57,12231.805714285712,26728.978,41.142857142857146,7020.121083919837,3875.04,6594.0,25116.899999999998,6594.0,32.0,3.248472273834593,1.4966636336063086,2,97,14,-0.433883739117558,-0.9009688679024191,0.9951053111006976,-0.09882013873287143,341.8,0.021656212380409302,45.333333333333336,3.8,237,Black Friday,0
2023-04-08 00:00:00+02:00,30871.6,29761.6,98,14352.477142857142,27116.808,45.857142857142854,9977.065863084414,16463.0,16026.9,19236.7,16026.9,65.0,0.8752110793901475,0.9262365148593925,2,98,14,-0.9749279121818236,-0.2225209339563146,0.9932568492674143,-0.11593459959550041,2147.18,0.07214598677490457,39.642857142857146,3.5,236,Black Friday,0
2023-04-09 00:00:00+02:00,29858.6,28558.6,48,16753.22,27267.041333333334,45.714285714285715,11515.62952536539,30871.6,13053.4,25351.6,13053.4,49.0,-0.032813330050920575,1.2874193696661407,2,99,14,-0.7818314824680299,0.6234898018587334,0.9911140639934547,-0.1330147065341959,0.0,0.0,50.0,1.8461538461538463,235,Black Friday,0
2023-04-10 00:00:00+02:00,19146.8,18496.8,59,18109.04857142857,27294.401333333335,49.714285714285715,11091.657043885794,29858.6,9656.0,18326.0,9656.0,31.0,-0.3587509126348858,0.9828914664457331,2,100,15,0.0,1.0,0.9886775902323405,-0.1500553983446526,295.20000000000005,0.015959517321915147,43.333333333333336,3.933333333333333,234,Black Friday,0
2023-04-11 00:00:00+02:00,19069.989999999998,18309.989999999998,68,17566.532857142858,27025.917666666668,49.857142857142854,10911.5265469147,19146.8,22867.6,27124.5,22867.6,67.0,-0.004011636409217312,-0.1660694607217198,2,101,15,0.7818314824680298,0.6234898018587336,0.9859481499638304,-0.16705162550211924,507.4,0.027711648122145344,47.5,4.25,233,Black Friday,0
2023-04-12 00:00:00+02:00,20814.59,20064.59,90,20014.231428571427,26630.39733333333,60.857142857142854,9038.46772130918,19069.989999999998,3680.7,32680.2,3680.7,13.0,0.09148405426536677,4.655062895644851,2,102,15,0.9749279121818236,-0.22252093395631434,0.9829265519799822,-0.18399835165768005,2971.6,0.14810170554195226,44.11764705882353,5.294117647058823,232,Black Friday,0
2023-04-13 00:00:00+02:00,27123.2,26923.2,101,23335.397142857142,26843.804,74.42857142857143,5816.876807533753,20814.59,3875.04,20721.0,3875.04,6.0,0.3030859603768319,5.999463231347289,2,103,15,0.43388373911755823,-0.900968867902419,0.9796136916454901,-0.20089055513063506,3919.2000000000003,0.14556962025316456,16.666666666666668,8.416666666666666,231,Black Friday,0
2023-04-14 00:00:00+02:00,19439.99,18839.99,68,23760.681428571428,26150.560333333335,76.0,5318.123447512401,27123.2,16463.0,40237.3,16463.0,57.0,-0.2832707792590844,0.18082913199295403,2,104,15,-0.433883739117558,-0.9009688679024191,0.9760105506323683,-0.21772323039653177,8357.4,0.44359896157057405,40.0,4.533333333333333,230,Black Friday,0
2023-04-15 00:00:00+02:00,43657.78,42717.78,130,25587.278571428567,26416.273,80.57142857142857,9052.336630151418,19439.99,30871.6,35686.4,30871.6,98.0,1.245771731364059,0.41417289677243807,2,105,15,-0.9749279121818236,-0.2225209339563146,0.9721181966290613,-0.23449138957040985,7354.400000000001,0.17216250469944835,37.6,5.2,229,Black Friday,0
2023-04-16 00:00:00+02:00,11885.0,11335.0,53,23019.62142857143,25015.363,81.28571428571429,10124.45059969089,43657.78,29858.6,53912.3,29858.6,48.0,-0.7277690253604283,-0.6019572250540883,2,106,15,-0.7818314824680299,0.6234898018587334,0.9679377830240642,-0.25119006388481935,2178.0,0.192148213498015,42.30769230769231,4.076923076923077,228,Black Friday,0
2023-04-17 00:00:00+02:00,32375.38,31645.38,100,24909.41857142857,24207.70566666667,87.14285714285714,10508.402507951172,11885.0,19146.8,56605.1,19146.8,59.0,1.7240538493899873,0.6909029185033531,2,107,16,0.0,1.0,0.9634705485641488,-0.2678143051621742,3914.2,0.12368946114725118,33.18181818181818,4.545454545454546,227,Black Friday,0
2023-04-18 00:00:00+02:00,19450.8,18820.8,74,24963.82,23395.115666666665,88.0,10474.063312727947,32375.38,19069.989999999998,43828.5,19069.989999999998,68.0,-0.39921014054506854,0.019969071824369244,2,108,16,0.7818314824680298,0.6234898018587336,0.9587178169872964,-0.2843591872810034,7588.0,0.40317095978916945,39.375,4.625,226,Black Friday,0
2023-04-19 00:00:00+02:00,11219.0,10819.0,35,23593.02142857143,22299.135666666665,80.14285714285714,11667.521586650179,19450.8,20814.59,44098.4,20814.59,90.0,-0.42321138462171215,-0.461003075246738,2,109,16,0.9749279121818236,-0.22252093395631434,0.9536809966304457,-0.30081980763566735,8441.0,0.7802014973657454,36.36363636363637,3.1818181818181817,225,Black Friday,0
2023-04-20 00:00:00+02:00,14496.0,13746.0,60,21789.135714285712,21195.15233333333,74.28571428571429,12002.096846551256,11219.0,27123.2,47615.5,27123.2,101.0,0.2920937694981727,-0.4655497876356772,2,110,16,0.43388373911755823,-0.900968867902419,0.9483615800121715,-0.3171912885891061,3345.0,0.24334351811436053,46.875,3.75,224,Black Friday,0
2023-04-21 00:00:00+02:00,20254.460000000003,20054.460000000003,70,21905.488571428574,20809.234333333334,74.57142857142857,11979.454288722058,14496.0,19439.99,31832.0,19439.99,68.0,0.3972447571743931,0.04189662649003423,2,111,16,-0.433883739117558,-0.9009688679024191,0.9427611433904207,-0.3334687789181868,6665.139999999999,0.33235200548905325,25.0,8.75,223,Black Friday,0
2023-04-22 00:00:00+02:00,35130.79,34400.79,106,20687.347142857143,20904.140666666666,71.14285714285714,9595.16619655044,20254.460000000003,43657.78,32283.6,43657.78,130.0,0.7344718150965266,-0.19531432885501732,2,112,16,-0.9749279121818236,-0.2225209339563146,0.9368813462954315,-0.3496474552512284,11060.2,0.32151005834459034,34.76190476190476,5.0476190476190474,222,Black Friday,0
2023-04-23 00:00:00+02:00,14166.4,13816.4,33,21013.26142857143,20358.474,68.28571428571429,9279.917219473531,35130.79,11885.0,30536.4,11885.0,53.0,-0.5967525922417344,0.19195624737063532,2,113,16,-0.7818314824680299,0.6234898018587334,0.9307239310379795,-0.36572252349726897,2943.2,0.21302220549491907,38.888888888888886,3.6666666666666665,221,Black Friday,0
2023-04-24 00:00:00+02:00,21767.53,20667.53,65,19497.854285714286,20230.225,63.285714285714285,7875.036006139635,14166.4,32375.38,25615.0,32375.38,100.0,0.5365604529026429,-0.32765175265896496,2,114,17,0.0,1.0,0.9242907221930934,-0.3816892202666588,4557.0599999999995,0.22049369227962895,47.82608695652174,2.8260869565217392,220,Black Friday,0
2023-04-25 00:00:00+02:00,21956.4,21406.4,73,19855.797142857144,19911.585000000003,63.142857142857146,7929.297193410287,21767.53,19450.8,31515.6,19450.8,74.0,0.008676684952312108,0.12881732370905064,2,115,17,0.7818314824680298,0.6234898018587336,0.9175836260593937,-0.39754281428255595,7286.0,0.34036549816877193,36.666666666666664,4.866666666666666,219,Black Friday,0
2023-04-26 00:00:00+02:00,25874.0,25294.0,90,21949.368571428575,20073.318333333336,71.0,7166.888392062577,21956.4,11219.0,21022.0,11219.0,35.0,0.17842633582918865,1.306266155628844,2,116,17,0.9749279121818236,-0.22252093395631434,0.9106046300942163,-0.4132786077829042,10372.0,0.41005772119870326,48.333333333333336,7.5,218,Black Friday,0
2023-04-27 00:00:00+02:00,52272.0,51822.0,115,27345.940000000002,20937.985,78.85714285714286,12703.241887745302,25874.0,14496.0,26332.0,14496.0,60.0,1.0202519904150886,2.6059602649006623,2,117,17,0.43388373911755823,-0.900968867902419,0.9033558023246845,-0.4288919379124835,14559.6,0.28095403496584465,30.0,7.666666666666667,217,Black Friday,0
2023-04-28 00:00:00+02:00,17681.0,17341.0,51,26978.302857142855,20795.90166666667,76.14285714285714,12976.966799442154,52272.0,20254.460000000003,21943.5,20254.460000000003,70.0,-0.6617500765228038,-0.12705646065113574,2,118,17,-0.433883739117558,-0.9009688679024191,0.895839290734909,-0.4443781781046132,387.0,0.022317052073121502,37.77777777777778,5.666666666666667,216,Black Friday,0
2023-04-29 00:00:00+02:00,13567.2,13137.2,32,23897.790000000005,20476.505,65.57142857142857,13275.150475432169,17681.0,35130.79,23149.1,35130.79,106.0,-0.23266783552966452,-0.6138088554228356,2,119,17,-0.9749279121818236,-0.2225209339563146,0.8880573226294932,-0.45973273945210397,1044.2,0.07948421276984441,47.77777777777778,3.5555555555555554,215,Black Friday,0
2023-04-30 00:00:00+02:00,22978.2,22478.2,61,25156.61857142857,21022.645,69.57142857142857,12599.14593469525,13567.2,14166.4,6594.0,14166.4,33.0,0.6936582345657172,0.6220211203975605,2,120,17,-0.7818314824680299,0.6234898018587334,0.8800122039735357,-0.47495107206704995,5126.0,0.22804317071651645,38.46153846153846,4.6923076923076925,214,Black Friday,0
2023-05-01 00:00:00+02:00,13417.6,13117.6,48,23963.77142857143,20935.668333333335,67.14285714285714,13346.593293385691,22978.2,21767.53,16026.9,21767.53,65.0,-0.416072625357948,-0.38359565830390485,2,121,18,0.0,1.0,0.8717063187093218,-0.49002866642905923,4410.2,0.3362047935597975,33.333333333333336,5.333333333333333,213,Black Friday,0
2023-05-02 00:00:00+02:00,13682.39,13142.39,63,22781.77,20956.63466666667,65.71428571428571,13908.550653116246,13417.6,21956.4,13053.4,21956.4,73.0,0.019734527784402545,-0.3768381884097576,2,122,18,0.7818314824680298,0.6234898018587336,0.8631421280499114,-0.5049610547215204,6129.4,0.4663839682127832,45.0,5.25,212,Black Friday,0
2023-05-03 00:00:00+02:00,36055.0,35465.0,108,24236.198571428573,21836.601333333336,68.28571428571429,14790.176348937872,13682.39,25874.0,9656.0,25874.0,90.0,1.6351390363818017,0.3934838061374353,2,123,18,0.9749279121818236,-0.22252093395631434,0.854322169749827,-0.5197438121555155,15581.6,0.439351473283519,32.77777777777778,6.0,211,Black Friday,0
2023-05-04 00:00:00+02:00,14298.8,13808.8,54,18811.455714285716,21550.974666666665,59.57142857142857,8359.094665476387,36055.0,52272.0,22867.6,52272.0,115.0,-0.6034170018028013,-0.7264539332721152,2,124,18,0.43388373911755823,-0.900968867902419,0.8452490573530633,-0.5343725582809787,5098.2,0.3691993511384045,44.54545454545455,4.909090909090909,210,Black Friday,0
2023-05-05 00:00:00+02:00,29819.79,28589.79,112,20545.568571428572,22422.27766666667,68.28571428571429,9292.490189872757,14298.8,17681.0,3680.7,17681.0,51.0,1.0854750048955157,0.6865443131044624,2,125,18,-0.433883739117558,-0.9009688679024191,0.835925479418637,-0.548842958284719,10675.8,0.37341302611876476,45.55555555555556,4.148148148148148,209,Black Friday,0
2023-05-06 00:00:00+02:00,19431.2,18641.2,71,21383.282857142858,22940.816333333332,73.85714285714286,8810.354480157097,29819.79,13567.2,3875.04,13567.2,32.0,-0.34837904626424265,0.43221888083023763,2,126,18,-0.9749279121818236,-0.2225209339563146,0.8263541987239096,-0.5631507242749186,6883.0,0.3692358861017531,49.375,4.4375,208,Black Friday,0
2023-05-07 00:00:00+02:00,21232.4,20742.4,56,21133.882857142857,23099.796333333335,73.14285714285714,8782.346675956884,19431.2,22978.2,16463.0,22978.2,61.0,0.09269628226769333,-0.0759763602022786,2,127,18,-0.7818314824680299,0.6234898018587334,0.8165380514459161,-0.5772916165517272,4485.4,0.21624305769824126,35.0,4.0,207,Black Friday,0
2023-05-08 00:00:00+02:00,17385.4,16845.4,53,21700.711428571427,22650.256333333335,73.85714285714286,8317.037924378368,21232.4,13417.6,30871.6,13417.6,48.0,-0.18118535822610726,0.29571607440973047,2,128,19,0.0,1.0,0.8064799463209448,-0.5912614448635781,3915.2,0.23241953292887077,41.53846153846154,4.076923076923077,206,Black Friday,0
2023-05-09 00:00:00+02:00,14249.2,13809.2,24,21781.684285714287,22129.943000000003,68.28571428571429,8228.247756219362,17385.4,13682.39,29858.6,13682.39,63.0,-0.18039274333636268,0.041426242052740925,2,129,19,0.7818314824680298,0.6234898018587336,0.7961828637826158,-0.6050560696488488,1303.0,0.0943573849317846,48.888888888888886,2.6666666666666665,205,Black Friday,0
2023-05-10 00:00:00+02:00,6385.8,5815.8,25,17543.227142857144,21704.576333333334,56.42857142857143,7231.625516011213,14249.2,36055.0,19146.8,36055.0,108.0,-0.5518485248294641,-0.8228872555817501,2,130,19,0.9749279121818236,-0.22252093395631434,0.7856498550787145,-0.6186714032625031,691.4,0.11888304274562399,63.333333333333336,2.7777777777777777,204,Black Friday,0
2023-05-11 00:00:00+02:00,14051.0,13661.0,40,17507.827142857142,21537.27666666667,54.42857142857143,7250.735783754945,6385.8,14298.8,19069.989999999998,14298.8,54.0,1.2003507782893292,-0.017330125604945845,2,131,19,0.43388373911755823,-0.900968867902419,0.7748840413670407,-0.6321034111873487,1635.6,0.11972769196984115,43.333333333333336,4.444444444444445,203,Black Friday,0
2023-05-12 00:00:00+02:00,15152.39,14852.39,57,15412.484285714288,21348.53666666667,46.57142857142857,4807.44976313457,14051.0,29819.79,20814.59,29819.79,112.0,0.07838516831542242,-0.49186798431511425,2,132,19,-0.433883739117558,-0.9009688679024191,0.7638886127905428,-0.6453481132295501,3252.0,0.2189546598224259,33.333333333333336,6.333333333333333,202,Black Friday,0
2023-05-13 00:00:00+02:00,9873.4,9583.4,31,14047.084285714285,20773.54333333333,40.857142857142854,4833.056278767026,15152.39,19431.2,27123.2,19431.2,71.0,-0.34839322377525916,-0.4918790398946026,2,133,19,-0.9749279121818236,-0.2225209339563146,0.7526668275320084,-0.6584015846980488,1129.0,0.11780787611912265,36.25,3.875,201,Black Friday,0
2023-05-14 00:00:00+02:00,21303.440000000002,20953.440000000002,57,14057.232857142857,20835.658333333333,41.0,4850.701209552898,9873.4,21232.4,19439.99,21232.4,56.0,1.1576599752871353,0.0033458299579887107,2,134,19,-0.7818314824680299,0.6234898018587334,0.741222010848596,-0.6712599575675313,9285.36,0.4431425102513,35.0,5.7,200,Black Friday,0
2023-05-15 00:00:00+02:00,11779.4,11679.4,27,13256.375714285716,19773.045666666665,37.285714285714285,4669.011926121281,21303.440000000002,17385.4,43657.78,17385.4,53.0,-0.44706582598866673,-0.32245447329368326,2,135,20,0.0,1.0,0.7295575540864875,-0.6839194216246106,376.2,0.032210558761580216,25.0,6.75,199,Black Friday,0
2023-05-16 00:00:00+02:00,7643.0,7343.0,22,12312.632857142857,19631.645666666667,37.0,5084.089020040008,11779.4,14249.2,11885.0,14249.2,24.0,-0.3511554068967859,-0.4636190101900458,2,136,20,0.7818314824680298,0.6234898018587336,0.717676913675962,-0.6963762255968722,1209.4,0.16470107585455537,50.0,3.6666666666666665,198,Black Friday,0
2023-05-17 00:00:00+02:00,7848.389999999999,7548.389999999999,25,12521.574285714285,18814.079333333335,37.0,4823.281868693015,7643.0,6385.8,32375.38,6385.8,25.0,0.026872955645688812,0.2290378652635534,2,137,20,0.9749279121818236,-0.22252093395631434,0.705583610107178,-0.7086266782644596,478.0,0.06332476196910865,50.0,4.166666666666667,197,Black Friday,0
2023-05-18 00:00:00+02:00,11623.8,11523.8,24,12174.831428571428,18553.179333333333,34.714285714285715,4782.0764196265745,7848.389999999999,14051.0,19450.8,14051.0,40.0,0.4810426087388624,-0.17274215358337486,2,138,20,0.43388373911755823,-0.900968867902419,0.6932812268869777,-0.7206671495538609,412.4,0.03578680643537722,20.0,4.8,196,Black Friday,0
2023-05-19 00:00:00+02:00,3349.8,3099.8,16,10488.747142857143,18290.87266666667,28.857142857142858,5572.621950783861,11623.8,15152.39,11219.0,15152.39,57.0,-0.7118154132039436,-0.7789259648147916,2,139,20,-0.433883739117558,-0.9009688679024191,0.6807734094770161,-0.7324940716135789,88.0,0.028388928317955996,50.0,3.2,195,Black Friday,0
2023-05-20 00:00:00+02:00,8296.0,7996.0,32,10263.404285714287,18084.206000000002,29.0,5633.215845050638,3349.8,9873.4,14496.0,9873.4,31.0,1.4765657651203057,-0.1597625944456823,2,140,20,-0.9749279121818236,-0.2225209339563146,0.6680638642135335,-0.7441039398713607,3220.0,0.4027013506753377,50.0,5.333333333333333,194,Black Friday,0
2023-05-21 00:00:00+02:00,20007.4,19367.4,59,10078.255714285715,18075.970666666668,29.285714285714285,5215.7106977281865,8296.0,21303.440000000002,20254.460000000003,21303.440000000002,57.0,1.4116923818707812,-0.06083712301862987,2,141,20,-0.7818314824680299,0.6234898018587334,0.6551563572090853,-0.7554933140726803,4438.2,0.2291582762786951,42.666666666666664,3.933333333333333,193,Black Friday,0
2023-05-22 00:00:00+02:00,17010.9,16420.9,53,10825.612857142858,17471.97433333333,33.0,5837.803446973137,20007.4,11779.4,35130.79,11779.4,27.0,-0.14976958525345618,0.4441227906344978,2,142,21,0.0,1.0,0.6420547132365637,-0.766658819300159,236.2,0.014384108057414633,49.166666666666664,4.416666666666667,192,Black Friday,0
2023-05-23 00:00:00+02:00,16140.1,15690.1,62,12039.484285714285,17537.764333333336,38.714285714285715,5948.109736019459,17010.9,7643.0,14166.4,7643.0,22.0,-0.05119070713483709,1.1117493130969516,2,143,21,0.7818314824680298,0.6234898018587336,0.6287628145958344,-0.777597146973627,5984.4,0.38141248303070086,37.5,5.166666666666667,191,Black Friday,0
2023-05-24 00:00:00+02:00,11951.85,11501.85,37,12625.692857142858,17210.575,40.42857142857143,5661.521904078268,16140.1,7848.389999999999,21767.53,7848.389999999999,25.0,-0.25949343560448823,0.5228409903177595,2,144,21,0.9749279121818236,-0.22252093395631434,0.6152845999633276,-0.7883050558305255,1321.35,0.1148815190599773,40.90909090909091,3.3636363636363638,190,Black Friday,0
2023-05-25 00:00:00+02:00,12565.2,11965.2,37,12760.17857142857,16897.535,42.285714285714285,5644.9128552365755,11951.85,11623.8,21956.4,11623.8,24.0,0.051318415140752194,0.08098900531667796,2,145,21,0.43388373911755823,-0.900968867902419,0.6016240632249226,-0.7987793728863649,606.0,0.050646875940226654,46.15384615384615,2.8461538461538463,189,Black Friday,0
2023-05-26 00:00:00+02:00,16388.0,15908.0,52,14622.778571428573,16581.335000000003,47.42857142857143,3905.3629579355415,12565.2,3349.8,25874.0,3349.8,16.0,0.3042370992901027,3.8922323720819154,2,146,21,-0.433883739117558,-0.9009688679024191,0.5877852522924732,-0.8090169943749473,1280.0,0.08046266029670605,43.63636363636363,4.7272727272727275,188,Black Friday,0
2023-05-27 00:00:00+02:00,11972.2,11572.2,44,15147.95,15238.008333333333,49.142857142857146,3070.7752404727908,16388.0,8296.0,52272.0,8296.0,32.0,-0.2694532584818159,0.443129218900675,2,147,21,-0.9749279121818236,-0.2225209339563146,0.5737722679043246,-0.8190148866680801,1381.8,0.11940685435785761,40.0,4.4,187,Black Friday,0
2023-05-28 00:00:00+02:00,21134.4,20794.4,75,15308.95,15353.121666666668,51.42857142857143,3381.81030822754,11972.2,20007.4,17681.0,20007.4,59.0,0.7652895875444781,0.05632915821146178,2,148,21,-0.7818314824680299,0.6234898018587334,0.5595892624101765,-0.8287700871745037,3156.2,0.15178124879775323,28.333333333333332,6.25,186,Black Friday,0
2023-05-29 00:00:00+02:00,24701.6,23851.6,80,16407.621428571427,15724.268333333333,55.285714285714285,4924.353318445134,21134.4,17010.9,13567.2,17010.9,53.0,0.1687864334923157,0.4521042390467287,2,149,22,0.0,1.0,0.545240438540651,-0.8382797052177743,3278.0,0.13743312817588757,38.63636363636363,3.6363636363636362,185,Black Friday,0
2023-05-30 00:00:00+02:00,19799.0,19009.0,64,16930.321428571428,15618.295,55.57142857142857,5082.861849707791,24701.6,16140.1,22978.2,16140.1,62.0,-0.1984729734106292,0.22669624103939867,2,150,22,0.7818314824680298,0.6234898018587336,0.5307300481619334,-0.8475409228928311,3366.2,0.17708453890262507,43.888888888888886,3.5555555555555554,184,Black Friday,0
2023-05-31 00:00:00+02:00,32083.0,30568.0,86,19806.2,16240.475,62.57142857142857,7093.8547903567305,19799.0,11951.85,13417.6,11951.85,37.0,0.6204353755240164,1.6843543049820737,2,151,22,0.9749279121818236,-0.22252093395631434,0.5160623910158528,-0.8565509959010036,6895.4,0.22557576550641192,75.75,4.3,183,Black Friday,0
2023-06-01 00:00:00+02:00,22072.2,21169.2,90,21164.342857142856,16520.13533333333,70.14285714285714,6347.275866820679,32083.0,12565.2,13682.39,12565.2,37.0,-0.31202817691612383,0.7566135039633273,2,152,22,0.43388373911755823,-0.900968867902419,0.5012418134457758,-0.865307254363206,4295.4,0.20290799841278837,43.0,4.285714285714286,182,Black Friday,0
2023-06-02 00:00:00+02:00,28287.0,27637.0,93,22864.2,16261.202,76.0,6447.475722068831,22072.2,16388.0,36055.0,16388.0,52.0,0.2815668578573953,0.7260800585794485,2,153,22,-0.433883739117558,-0.9009688679024191,0.48627270710869,-0.8738071036110808,7621.0,0.2757535188334479,36.111111111111114,5.166666666666667,181,Black Friday,0
2023-06-03 00:00:00+02:00,35360.4,34680.4,115,26205.371428571427,16963.255333333334,86.14285714285714,5899.082187853276,28287.0,11972.2,14298.8,11972.2,44.0,0.25005833068193883,1.9535423731644976,2,154,22,-0.9749279121818236,-0.2225209339563146,0.4711595076738638,-0.8820480249558537,8313.4,0.23971465150344284,40.0,6.764705882352941,180,Black Friday,0
2023-06-04 00:00:00+02:00,18549.0,17849.0,60,25836.028571428575,16587.56233333333,84.0,6334.3691760938445,35360.4,21134.4,29819.79,21134.4,75.0,-0.47543014219296165,-0.1223313649784239,2,155,22,-0.7818314824680299,0.6234898018587334,0.4559066935084588,-0.8900275764346767,5136.6,0.2877808280575943,38.888888888888886,3.3333333333333335,179,Black Friday,0
2023-06-05 00:00:00+02:00,20113.2,19563.2,72,25180.542857142857,16610.29566666667,82.85714285714286,6698.278450183352,18549.0,24701.6,19431.2,24701.6,80.0,0.08432799611838915,-0.1857531495935485,2,156,23,0.0,1.0,0.440518784350495,-0.8977433935342337,1905.8,0.0974176003925738,39.285714285714285,5.142857142857143,178,Black Friday,0
2023-06-06 00:00:00+02:00,22315.6,21475.6,81,25540.057142857142,16646.402333333335,85.28571428571429,6423.183862347707,20113.2,19799.0,21232.4,19799.0,64.0,0.10950022870552667,0.1271074296681649,2,157,23,0.7818314824680298,0.6234898018587336,0.42500033996955416,-0.9051931898913974,5503.8,0.2562815474305724,42.0,4.05,177,Black Friday,0
2023-06-07 00:00:00+02:00,30912.8,29922.8,110,25372.885714285712,17097.315666666665,88.71428571428571,6237.04505553408,22315.6,32083.0,17385.4,32083.0,86.0,0.38525515782681174,-0.03647414518592407,2,158,23,0.9749279121818236,-0.22252093395631434,0.4093559588156213,-0.9123747579707273,6771.8,0.22630903525071183,41.25,4.583333333333333,176,Black Friday,0
2023-06-08 00:00:00+02:00,36791.0,36011.0,101,27475.571428571428,17848.709,90.28571428571429,7325.004929626174,30912.8,22072.2,14249.2,22072.2,90.0,0.19015424031469164,0.6668478901061063,2,159,23,0.43388373911755823,-0.900968867902419,0.39359027665646673,-0.9192859697186104,12054.4,0.33474216211713087,39.0,5.05,175,Black Friday,0
2023-06-09 00:00:00+02:00,24288.2,23598.2,84,26904.31428571429,18445.45566666667,89.0,7406.6497211241685,36791.0,28287.0,6385.8,28287.0,93.0,-0.33983311135875616,-0.14136529147665,2,160,23,-0.433883739117558,-0.9009688679024191,0.3777079652039649,-0.9259247771938498,8330.2,0.3530015001144155,40.588235294117645,4.9411764705882355,174,Black Friday,0
2023-06-10 00:00:00+02:00,14890.8,14200.8,72,23980.08571428571,18473.449,82.85714285714286,7551.071792231141,24288.2,35360.4,14051.0,35360.4,115.0,-0.38691216310801135,-0.5788848542437304,2,161,23,-0.9749279121818236,-0.2225209339563146,0.36171373072976765,-0.9322892131745133,8664.2,0.6101205565883613,49.285714285714285,5.142857142857143,173,Black Friday,0
2023-06-11 00:00:00+02:00,24261.4,23235.4,101,24796.14285714286,18777.082666666665,88.71428571428571,7165.111212641716,14890.8,18549.0,15152.39,18549.0,60.0,0.6292878824509094,0.30796269340665283,2,162,23,-0.7818314824680299,0.6234898018587334,0.3456123126707335,-0.9383773917408641,6482.6,0.27899670330616216,68.4,6.733333333333333,172,Black Friday,0
2023-06-12 00:00:00+02:00,31308.0,30522.0,90,26395.399999999998,19491.569333333337,91.28571428571429,7194.9505200985805,24261.4,20113.2,9873.4,20113.2,72.0,0.2904449042511974,0.5565897022850665,2,163,24,0.0,1.0,0.3294084822245304,-0.9441875088341993,7447.4,0.24400104842408754,43.666666666666664,5.0,171,Black Friday,0
2023-06-13 00:00:00+02:00,21059.0,20269.0,87,26215.885714285716,19483.421333333335,92.14285714285714,7328.1500301755605,31308.0,22315.6,21303.440000000002,22315.6,81.0,-0.32736041906222046,-0.05631038376740927,2,164,24,0.7818314824680298,0.6234898018587336,0.3131070409358269,-0.9497178427914316,8700.0,0.42922689821895504,46.470588235294116,5.117647058823529,170,Black Friday,0
2023-06-14 00:00:00+02:00,28410.2,27716.2,98,25858.37142857143,20037.781333333332,90.42857142857143,7118.871555172757,21059.0,30912.8,11779.4,30912.8,110.0,0.34907640438767285,-0.08095675577754191,2,165,24,0.9749279121818236,-0.22252093395631434,0.29671281927349075,-0.9549667548552551,9006.2,0.32494353482800675,40.8235294117647,5.764705882352941,169,Black Friday,0
2023-06-15 00:00:00+02:00,68747.72,67427.72,245,30423.617142857143,22074.605333333333,111.0,17692.529344765564,28410.2,36791.0,7643.0,36791.0,101.0,1.419825274021302,0.8686015601641706,2,166,24,0.43388373911755823,-0.900968867902419,0.28023067519921585,-0.9599326896597447,17053.08,0.25290904097009365,35.67567567567568,6.621621621621622,168,Black Friday,0
2023-06-16 00:00:00+02:00,36809.0,36509.0,69,32212.302857142855,23039.959,108.85714285714286,17601.55088960602,68747.72,24288.2,7848.389999999999,24288.2,84.0,-0.46457860711598875,0.5155095890185357,2,167,24,-0.433883739117558,-0.9009688679024191,0.26366549272800704,-0.9646141756912435,5384.0,0.14747048672929963,30.0,6.9,167,Black Friday,0
2023-06-17 00:00:00+02:00,22011.2,21611.2,96,33229.50285714286,23386.20566666667,112.28571428571429,16611.606031669256,36809.0,14890.8,11623.8,14890.8,72.0,-0.4020158113504849,0.4781744432804149,2,168,24,-0.9749279121818236,-0.2225209339563146,0.24702218048093552,-0.9690098257244062,5066.2,0.23442474272599392,33.333333333333336,8.0,166,Black Friday,0
2023-06-18 00:00:00+02:00,4320.0,3980.0,22,30380.731428571427,23418.545666666665,101.0,19808.2336657154,22011.2,24261.4,3349.8,24261.4,101.0,-0.8037362797121466,-0.8219393769526903,2,169,24,-0.7818314824680299,0.6234898018587334,0.23030567023061221,-0.9731183372332619,1778.0,0.4467336683417085,68.0,4.4,165,Black Friday,0
2023-06-19 00:00:00+02:00,19270.6,18417.6,47,28661.102857142854,23784.365666666665,94.85714285714286,20232.284687780335,4320.0,31308.0,8296.0,31308.0,90.0,3.4607870370370364,-0.38448319918231766,2,170,25,0.0,1.0,0.21352091543979612,-0.9769384927771817,6230.0,0.3382634002258709,94.77777777777777,5.222222222222222,164,Black Friday,0
2023-06-20 00:00:00+02:00,7735.8,7485.8,26,26757.78857142857,23375.31233333333,86.14285714285714,21644.052905457604,19270.6,21059.0,20007.4,21059.0,87.0,-0.5985698421429535,-0.6326606201624009,2,171,25,0.7818314824680298,0.6234898018587336,0.19667288979357647,-0.980469160361632,2227.2,0.2975233108017847,35.714285714285715,3.7142857142857144,163,Black Friday,0
2023-06-21 00:00:00+02:00,16236.4,15886.4,59,25018.674285714285,23349.495666666666,80.57142857142857,21975.697491758834,7735.8,28410.2,17010.9,28410.2,98.0,1.098865017192792,-0.42850103131973727,2,172,25,0.9749279121818236,-0.22252093395631434,0.1797665857255624,-0.9837092937736097,3906.6,0.24590844999496425,31.818181818181817,5.363636363636363,162,Black Friday,0
2023-06-22 00:00:00+02:00,37813.2,37223.2,138,20599.457142857143,24071.932333333334,65.28571428571429,12989.430123355074,16236.4,68747.72,16140.1,68747.72,245.0,1.3289152767854944,-0.4499715772392161,2,173,25,0.43388373911755823,-0.900968867902419,0.16280701293851715,-0.986657932891657,10273.6,0.27599991403210905,31.05263157894737,7.2631578947368425,161,Black Friday,0
2023-06-23 00:00:00+02:00,33592.0,32702.0,86,20139.885714285716,24793.270666666667,67.71428571428571,12362.107550552575,37813.2,36809.0,11951.85,36809.0,69.0,-0.11163297472840161,-0.08739710396913802,2,174,25,-0.433883739117558,-0.9009688679024191,0.1457991969198751,-0.9893142039703663,2998.4,0.09168858173812,46.8421052631579,4.526315789473684,160,Black Friday,0
2023-06-24 00:00:00+02:00,22332.0,21702.0,92,20185.714285714286,25118.83066666667,67.14285714285714,12370.792649277935,33592.0,22011.2,12565.2,22011.2,96.0,-0.3351988568706835,0.014574398488042428,2,175,25,-0.9749279121818236,-0.2225209339563146,0.12874817745258132,-0.99167731989929,8862.0,0.40834946087918167,45.0,6.571428571428571,159,Black Friday,0
2023-06-25 00:00:00+02:00,35719.2,34838.2,105,24671.31428571429,25763.204,79.0,11305.921028002485,22332.0,4320.0,16388.0,4320.0,22.0,0.5994626544868349,7.268333333333333,2,176,25,-0.7818314824680299,0.6234898018587334,0.11165900712169512,-0.993746580436178,9117.8,0.26171845847374436,44.05,5.25,158,Black Friday,0
2023-06-26 00:00:00+02:00,7088.0,6748.0,25,22930.942857142854,25600.39733333333,75.85714285714286,13075.07858011533,35719.2,19270.6,11972.2,19270.6,47.0,-0.8015633048892472,-0.6321858167363756,2,177,26,0.0,1.0,0.09453674981719912,-0.9955213724144752,1596.4,0.23657379964433908,42.5,3.125,157,Black Friday,0
2023-06-27 00:00:00+02:00,24337.4,23987.4,84,25302.600000000002,25707.163999999997,84.14285714285714,11235.794967276095,7088.0,7735.8,21134.4,7735.8,26.0,2.4336060948081264,2.1460740970552497,2,178,26,0.7818314824680298,0.6234898018587336,0.07738647923346301,-0.9970011699250151,9639.0,0.40183596388103754,35.0,8.4,156,Black Friday,0
2023-06-28 00:00:00+02:00,7578.8,7038.8,21,24065.799999999996,25136.404,78.71428571428571,12771.634687854184,24337.4,16236.4,24701.6,16236.4,59.0,-0.6885945088629024,-0.5332216501194846,2,179,26,0.9749279121818236,-0.22252093395631434,0.06021327736579302,-0.9981855344718586,1479.0,0.21012104335966358,67.5,2.625,155,Black Friday,0
2023-06-29 00:00:00+02:00,10025.0,9625.0,57,20096.057142857142,24810.604,67.14285714285714,12086.69354439794,7578.8,37813.2,19799.0,37813.2,138.0,0.32276877605953436,-0.7348809410470418,2,180,26,0.43388373911755823,-0.900968867902419,0.04302223300453059,-0.99907411510223,2654.0,0.27574025974025973,44.44444444444444,6.333333333333333,154,Black Friday,0
2023-06-30 00:00:00+02:00,15533.400000000001,15083.400000000001,58,17516.257142857143,24258.950666666668,63.142857142857146,10556.346869199477,10025.0,33592.0,32083.0,33592.0,86.0,0.5494663341645887,-0.5375863300785901,2,181,26,-0.433883739117558,-0.9009688679024191,0.02581844022713308,-0.9996666485105112,5640.0,0.3739209992442022,40.90909090909091,5.2727272727272725,153,Black Friday,0
2023-07-01 00:00:00+02:00,18771.2,18421.2,62,17007.571428571428,24148.917333333335,58.857142857142854,10369.755136568147,15533.400000000001,22332.0,22072.2,22332.0,92.0,0.20844116548856007,-0.15944832527315056,3,182,26,-0.9749279121818236,-0.2225209339563146,0.008606996888688698,-0.9999629591162655,9842.2,0.5342865828501944,35.0,6.2,152,Black Friday,0
2023-07-02 00:00:00+02:00,11029.4,10379.4,65,13480.457142857142,23573.664,53.142857142857146,6373.390948534208,18771.2,35719.2,28287.0,35719.2,105.0,-0.4124296795090352,-0.69121928822594,3,183,26,-0.7818314824680299,0.6234898018587334,-0.008606996888688009,-0.9999629591162655,3238.2,0.31198335163882307,46.42857142857143,4.642857142857143,151,Black Friday,0
2023-07-03 00:00:00+02:00,18898.4,18508.4,67,15167.657142857144,23024.930666666667,59.142857142857146,5948.175668459845,11029.4,7088.0,35360.4,7088.0,25.0,0.7134567610205453,1.666252821670429,3,184,27,0.0,1.0,-0.02581844022713239,-0.9996666485105112,5803.599999999999,0.3135657323161375,30.0,5.153846153846154,150,Black Friday,0
2023-07-04 00:00:00+02:00,12163.6,11573.6,50,13428.54285714286,22812.084,54.285714285714285,4397.97886263578,18898.4,24337.4,18549.0,24337.4,84.0,-0.356368793125344,-0.5002095540197391,3,185,27,0.7818314824680298,0.6234898018587336,-0.04302223300453034,-0.99907411510223,3969.6,0.3429874887675399,49.166666666666664,4.166666666666667,149,Black Friday,0
2023-07-05 00:00:00+02:00,16096.779999999999,15506.779999999999,107,14645.397142857144,22678.203333333335,66.57142857142857,3619.119735155369,12163.6,7578.8,20113.2,7578.8,21.0,0.3233565720674798,1.1239219929276398,3,186,27,0.9749279121818236,-0.22252093395631434,-0.060213277365792774,-0.9981855344718586,7478.02,0.48224196125823676,42.142857142857146,7.642857142857143,148,Black Friday,0
2023-07-06 00:00:00+02:00,57238.0,55418.0,258,21390.11142857143,23842.283333333333,95.28571428571429,16087.94434124244,16096.779999999999,10025.0,22315.6,10025.0,57.0,2.5558664527936648,4.709526184538653,3,187,27,0.43388373911755823,-0.900968867902419,-0.07738647923346322,-0.9970011699250151,15331.6,0.2766537947959147,39.56521739130435,5.608695652173913,147,Black Friday,0
2023-07-07 00:00:00+02:00,58336.52,56756.52,227,27504.84285714286,24756.407333333333,119.42857142857143,20904.29849427283,57238.0,15533.400000000001,30912.8,15533.400000000001,58.0,0.019192145078444245,2.7555538388247256,3,188,27,-0.433883739117558,-0.9009688679024191,-0.09453674981719933,-0.9955213724144752,22980.08,0.40488881277428573,38.53658536585366,5.536585365853658,146,Black Friday,0
2023-07-08 00:00:00+02:00,39200.4,38560.4,178,30423.3,24836.720666666668,136.0,20907.837317972415,58336.52,18771.2,36791.0,18771.2,62.0,-0.3280298516263911,1.0883267984998297,3,189,27,-0.9749279121818236,-0.2225209339563146,-0.11165900712169444,-0.9937465804361781,21143.6,0.5483241875084283,32.0,8.9,145,Black Friday,0
2023-07-09 00:00:00+02:00,25356.05,24586.05,69,32469.964285714286,24872.315666666665,136.57142857142858,19335.019137790594,39200.4,11029.4,24288.2,11029.4,65.0,-0.3531685901164274,1.2989509855477177,3,190,27,-0.7818314824680299,0.6234898018587334,-0.12874817745258066,-0.99167731989929,6286.349999999999,0.2556876765482865,45.294117647058826,4.0588235294117645,144,Black Friday,0
2023-07-10 00:00:00+02:00,31218.8,30468.8,109,34230.021428571425,25416.582333333332,142.57142857142858,18433.44441153129,25356.05,18898.4,14890.8,18898.4,67.0,0.23121700738088147,0.6519282055623754,3,191,28,0.0,1.0,-0.14579919691987442,-0.9893142039703664,13022.6,0.4274077088694008,39.473684210526315,5.7368421052631575,143,Black Friday,0
2023-07-11 00:00:00+02:00,28981.75,28051.75,116,36632.614285714284,25573.927333333333,152.0,16015.41688760328,31218.8,12163.6,24261.4,12163.6,50.0,-0.07165714249106303,1.382662205268177,3,192,28,0.7818314824680298,0.6234898018587336,-0.16280701293851646,-0.9866579328916572,10241.05,0.36507704510413785,40.43478260869565,5.043478260869565,142,Black Friday,0
2023-07-12 00:00:00+02:00,50940.9,49200.9,207,41610.345714285715,26228.357333333333,166.28571428571428,13835.48184649869,28981.75,16096.779999999999,31308.0,16096.779999999999,107.0,0.757688890422421,2.164663988698361,3,193,28,0.9749279121818236,-0.22252093395631434,-0.17976658572556214,-0.9837092937736098,22894.9,0.4653349837096476,44.61538461538461,5.3076923076923075,141,Black Friday,0
2023-07-13 00:00:00+02:00,78297.45,76657.45,352,44618.83857142857,28136.305666666663,179.71428571428572,19091.386299609403,50940.9,57238.0,21059.0,57238.0,258.0,0.5370252586821198,0.3679277752542016,3,194,28,0.43388373911755823,-0.900968867902419,-0.19667288979357622,-0.9804691603616321,44123.35,0.5755911525885612,40.0,8.585365853658537,140,Black Friday,0
2023-07-14 00:00:00+02:00,36813.0,35003.0,279,41544.049999999996,28416.398999999998,187.14285714285714,18227.55351914603,78297.45,58336.52,28410.2,58336.52,227.0,-0.5298314312918236,-0.36895447311564,3,195,28,-0.433883739117558,-0.9009688679024191,-0.2135209154397959,-0.9769384927771817,32811.2,0.9373825100705653,48.91891891891892,7.54054054054054,139,Black Friday,0
2023-07-15 00:00:00+02:00,31555.4,30215.4,239,40451.90714285714,27176.654999999995,195.85714285714286,18616.270863222224,36813.0,39200.4,68747.72,39200.4,178.0,-0.1428191128134083,-0.1950235201681615,3,196,28,-0.9749279121818236,-0.2225209339563146,-0.23030567023061196,-0.973118337233262,24928.0,0.8250097632333181,46.206896551724135,8.241379310344827,138,Black Friday,0
2023-07-16 00:00:00+02:00,27202.0,26602.0,110,40715.614285714284,26856.421666666665,201.71428571428572,18378.34591457008,31555.4,25356.05,36809.0,25356.05,69.0,-0.13796053924209495,0.07280116579672313,3,197,28,-0.7818314824680299,0.6234898018587334,-0.24702218048093527,-0.9690098257244063,14591.4,0.5485076310051875,37.5,6.875,137,Black Friday,0
2023-07-17 00:00:00+02:00,52782.0,51742.0,203,43796.07142857143,27882.114999999998,215.14285714285714,18328.326257914196,27202.0,31218.8,22011.2,31218.8,109.0,0.9403720314682744,0.6907120068676567,3,198,29,0.0,1.0,-0.2636654927280072,-0.9646141756912435,29412.2,0.5684395655367014,37.142857142857146,7.25,136,Black Friday,0
2023-07-18 00:00:00+02:00,40624.0,39634.0,216,45459.25,29092.248333333333,229.42857142857142,17256.88286614453,52782.0,28981.75,4320.0,28981.75,116.0,-0.23034367776893638,0.40170969661942424,3,199,29,0.7818314824680298,0.6234898018587336,-0.2802306751992161,-0.9599326896597445,15133.2,0.38182368673361256,35.357142857142854,7.714285714285714,135,Black Friday,0
2023-07-19 00:00:00+02:00,28501.0,27671.0,124,42253.549999999996,29399.928333333333,217.57142857142858,18130.99650894841,40624.0,50940.9,19270.6,50940.9,207.0,-0.29841965340685306,-0.4405085108429573,3,200,29,0.9749279121818236,-0.22252093395631434,-0.2967128192734901,-0.9549667548552553,18988.2,0.6862130027826967,41.5,6.2,134,Black Friday,0
2023-07-20 00:00:00+02:00,72704.6,71424.6,331,41454.57142857143,31565.554999999997,214.57142857142858,16309.676872102053,28501.0,78297.45,7735.8,78297.45,352.0,1.5509490895056315,-0.07143080649497513,3,201,29,0.43388373911755823,-0.900968867902419,-0.3131070409358267,-0.9497178427914317,35154.2,0.4921861655508045,36.57142857142857,9.457142857142857,133,Black Friday,0
2023-07-21 00:00:00+02:00,52111.0,51181.0,107,43640.0,32761.375,190.0,16606.3038046801,72704.6,36813.0,16236.4,36813.0,279.0,-0.28325030328204825,0.4155597207508217,3,202,29,-0.433883739117558,-0.9009688679024191,-0.3294084822245302,-0.9441875088341994,6982.0,0.13641781129716105,46.5,5.35,132,Black Friday,0
2023-07-22 00:00:00+02:00,25798.6,25108.6,113,42817.59999999999,32360.888333333332,172.0,17426.797185178144,52111.0,31555.4,37813.2,31555.4,239.0,-0.5049298612577,-0.18243470214289792,3,203,29,-0.9749279121818236,-0.2225209339563146,-0.3456123126707333,-0.9383773917408642,12938.2,0.5152895820555508,46.0,7.533333333333333,131,Black Friday,0
2023-07-23 00:00:00+02:00,32993.0,32693.0,97,43644.88571428571,32340.92166666667,170.14285714285714,16683.547539560084,25798.6,27202.0,33592.0,27202.0,110.0,0.27886784554200617,0.21288875817954556,3,204,29,-0.7818314824680299,0.6234898018587334,-0.3617137307297674,-0.9322892131745134,10876.4,0.3326828373046218,27.272727272727273,8.818181818181818,130,Black Friday,0
2023-07-24 00:00:00+02:00,41818.0,40978.0,159,42078.6,32990.455,163.85714285714286,16190.133046601757,32993.0,52782.0,22332.0,52782.0,203.0,0.2674809808141121,-0.2077223295820545,3,205,30,0.0,1.0,-0.37770796520396466,-0.9259247771938499,14230.4,0.34726926643564837,36.52173913043478,6.913043478260869,129,Black Friday,0
2023-07-25 00:00:00+02:00,23944.2,22994.2,130,39695.77142857143,32597.955,151.57142857142858,17605.481847965635,41818.0,40624.0,35719.2,40624.0,216.0,-0.42741881486441247,-0.4105897991335171,3,206,30,0.7818314824680298,0.6234898018587336,-0.39359027665646645,-0.9192859697186105,12614.4,0.5485905141296501,38.0,5.2,128,Black Friday,0
2023-07-26 00:00:00+02:00,29701.2,28811.2,143,39867.22857142857,33351.72833333334,154.28571428571428,17483.710106049595,23944.2,28501.0,7088.0,28501.0,124.0,0.24043400907109036,0.042110803129714824,3,207,30,0.9749279121818236,-0.22252093395631434,-0.4093559588156211,-0.9123747579707274,14249.0,0.49456461376131505,37.083333333333336,5.958333333333333,127,Black Friday,0
2023-07-27 00:00:00+02:00,28223.0,27723.0,112,33512.71428571428,33481.24833333333,123.0,10072.378471746157,29701.2,72704.6,24337.4,72704.6,331.0,-0.04976903290102763,-0.6118127326193941,3,208,30,0.43388373911755823,-0.900968867902419,-0.42500033996955394,-0.9051931898913975,13586.4,0.49007683151174114,23.80952380952381,5.333333333333333,126,Black Friday,0
2023-07-28 00:00:00+02:00,36811.2,36061.2,168,31327.028571428575,34455.66166666667,131.71428571428572,6327.981124527894,28223.0,52111.0,7578.8,52111.0,107.0,0.30429791304964016,-0.2936001995739863,3,209,30,-0.433883739117558,-0.9009688679024191,-0.4405187843504952,-0.8977433935342336,21933.8,0.6082382172528923,34.09090909090909,7.636363636363637,125,Black Friday,0
2023-07-29 00:00:00+02:00,22776.8,21876.8,130,30895.342857142856,34880.721666666665,134.14285714285714,6849.55581208428,36811.2,25798.6,10025.0,25798.6,113.0,-0.381253531533881,-0.11713038692022049,3,210,30,-0.9749279121818236,-0.2225209339563146,-0.455906693508459,-0.8900275764346766,14654.4,0.6698603086374607,42.857142857142854,6.190476190476191,124,Black Friday,0
2023-07-30 00:00:00+02:00,22830.0,22140.0,118,29443.485714285714,35123.941666666666,137.14285714285714,7386.844778710489,22776.8,32993.0,15533.400000000001,32993.0,97.0,0.0023357100207228587,-0.3080350377352772,3,211,30,-0.7818314824680299,0.6234898018587334,-0.47115950767386394,-0.8820480249558535,9521.8,0.4300722673893405,38.333333333333336,6.555555555555555,123,Black Friday,0
2023-07-31 00:00:00+02:00,8963.2,8713.2,60,24749.942857142854,34797.00833333333,123.0,8558.63055612236,22830.0,41818.0,18771.2,41818.0,159.0,-0.6073937801138852,-0.7856616767898991,3,212,31,0.0,1.0,-0.4862727071086902,-0.8738071036110807,7821.8,0.8976954505807281,31.25,7.5,122,Black Friday,0
2023-08-01 00:00:00+02:00,19733.0,18933.0,100,24148.34285714286,35087.12833333333,118.71428571428571,8770.100513840081,8963.2,23944.2,11029.4,23944.2,130.0,1.2015574794716173,-0.17587557738408466,3,213,31,0.7818314824680298,0.6234898018587336,-0.5012418134457756,-0.8653072543632061,8195.2,0.43285269106850477,44.44444444444444,5.555555555555555,121,Black Friday,0
2023-08-02 00:00:00+02:00,21317.0,20967.0,99,22950.600000000002,35167.74833333333,112.42857142857143,8452.10173467726,19733.0,29701.2,18898.4,29701.2,143.0,0.08027162620990214,-0.28228489084616115,3,214,31,0.9749279121818236,-0.22252093395631434,-0.5160623910158526,-0.8565509959010037,6580.4,0.3138455668431344,25.0,7.071428571428571,120,Black Friday,0
2023-08-03 00:00:00+02:00,46913.2,45543.2,206,25620.62857142857,36326.068333333336,125.85714285714286,12417.278092737624,21317.0,28223.0,12163.6,28223.0,112.0,1.2007411924754887,0.6622329305885271,3,215,31,0.43388373911755823,-0.900968867902419,-0.5307300481619331,-0.8475409228928312,20948.4,0.45996767903880276,40.294117647058826,6.0588235294117645,119,Black Friday,0
2023-08-04 00:00:00+02:00,45936.0,45186.0,251,26924.17142857143,37320.709,137.71428571428572,14146.399017148557,46913.2,36811.2,16096.779999999999,36811.2,168.0,-0.02082995830597778,0.24788107967140438,3,216,31,-0.433883739117558,-0.9009688679024191,-0.5452404385406507,-0.8382797052177745,20933.0,0.46326295755322444,35.714285714285715,11.952380952380953,118,Black Friday,0
2023-08-05 00:00:00+02:00,30190.6,29270.6,99,27983.285714285714,36419.12899999999,133.28571428571428,14061.415500514015,45936.0,22776.8,57238.0,22776.8,130.0,-0.3427681992337165,0.3254978750307329,3,217,31,-0.9749279121818236,-0.2225209339563146,-0.5595892624101763,-0.828770087174504,12067.0,0.41225666709941033,46.0,4.95,117,Black Friday,0
2023-08-06 00:00:00+02:00,25762.64,25162.64,105,28402.234285714283,35333.333,131.42857142857142,13925.317014137563,30190.6,22830.0,58336.52,22830.0,118.0,-0.14666684332209357,0.12845554095488398,3,218,31,-0.7818314824680299,0.6234898018587334,-0.5737722679043243,-0.8190148866680802,21862.36,0.8688420610873899,35.294117647058826,6.176470588235294,116,Black Friday,0
2023-08-07 00:00:00+02:00,24485.8,23855.8,116,30619.748571428576,34842.846333333335,139.42857142857142,11302.857603036262,25762.64,8963.2,39200.4,8963.2,60.0,-0.04956169088261142,1.731814530524812,3,219,32,0.0,1.0,-0.5877852522924734,-0.8090169943749472,10250.599999999999,0.4296900544102482,39.375,7.25,115,Black Friday,0
2023-08-08 00:00:00+02:00,7931.6,7831.6,29,28933.83428571428,34262.03133333333,129.28571428571428,13801.341615083262,24485.8,19733.0,25356.05,19733.0,100.0,-0.6760734793227094,-0.5980540211827903,3,220,32,0.7818314824680298,0.6234898018587336,-0.6016240632249227,-0.7987793728863648,7601.0,0.9705551866796056,25.0,7.25,114,Black Friday,0
2023-08-09 00:00:00+02:00,7347.0,7097.0,24,26938.119999999995,33466.30466666667,118.57142857142857,15931.924468546395,7931.6,21317.0,31218.8,21317.0,99.0,-0.07370517928286857,-0.6553454988975935,3,221,32,0.9749279121818236,-0.22252093395631434,-0.6152845999633277,-0.7883050558305253,970.0,0.13667746935324784,35.714285714285715,3.4285714285714284,113,Black Friday,0
2023-08-10 00:00:00+02:00,29478.4,28978.4,103,24447.434285714287,33482.85966666667,103.85714285714286,13459.704663732264,7347.0,46913.2,28981.75,46913.2,206.0,3.012304341908262,-0.37163953855204923,3,222,32,0.43388373911755823,-0.900968867902419,-0.6287628145958345,-0.7775971469736268,7392.2,0.25509344891367364,29.41176470588235,6.0588235294117645,112,Black Friday,0
2023-08-11 00:00:00+02:00,26975.4,26175.4,126,21738.777142857143,32684.00966666667,86.0,9834.092801592065,29478.4,45936.0,50940.9,45936.0,251.0,-0.0849096287451151,-0.4127612330198537,3,223,32,-0.433883739117558,-0.9009688679024191,-0.6420547132365636,-0.7666588193001592,20712.2,0.7912849469349084,40.0,6.3,111,Black Friday,0
2023-08-12 00:00:00+02:00,15238.4,14988.4,70,19602.74857142857,30582.041333333338,81.85714285714286,9301.787949699898,26975.4,30190.6,78297.45,30190.6,99.0,-0.4351001282650119,-0.49526011407524195,3,224,32,-0.9749279121818236,-0.2225209339563146,-0.655156357209085,-0.7554933140726804,4958.0,0.3307891436043874,31.25,8.75,110,Black Friday,0
2023-08-13 00:00:00+02:00,21669.4,21089.4,74,19018.0,30077.254666666664,77.42857142857143,8972.855582626302,15238.4,25762.64,36813.0,25762.64,105.0,0.4220259344813104,-0.15888278530461153,3,225,32,-0.7818314824680299,0.6234898018587334,-0.6680638642135333,-0.7441039398713608,6239.6,0.2958642730471232,38.666666666666664,4.933333333333334,109,Black Friday,0
2023-08-14 00:00:00+02:00,43813.8,43163.8,133,21779.14285714286,30485.868000000002,79.85714285714286,13004.103938738914,21669.4,24485.8,31555.4,24485.8,116.0,1.0219203115914608,0.7893554631664068,3,226,33,0.0,1.0,-0.6807734094770159,-0.7324940716135792,17540.0,0.4063590323372826,38.23529411764706,7.823529411764706,108,Black Friday,0
2023-08-15 00:00:00+02:00,21286.4,20336.4,53,23686.971428571433,30288.681333333334,83.28571428571429,11530.033238129972,43813.8,7931.6,27202.0,7931.6,29.0,-0.514162204602203,1.6837460285440518,3,227,33,0.7818314824680298,0.6234898018587336,-0.6932812268869771,-0.7206671495538615,4233.8,0.20818827324403533,63.333333333333336,3.533333333333333,107,Black Friday,0
2023-08-16 00:00:00+02:00,21366.0,20376.0,105,25689.685714285715,29241.481333333337,94.85714285714286,9201.142948465482,21286.4,7347.0,52782.0,7347.0,24.0,0.0037394768490679464,1.9081257656186197,3,228,33,0.9749279121818236,-0.22252093395631434,-0.7055836101071774,-0.7086266782644601,11383.8,0.5586866902237927,49.5,5.25,106,Black Friday,0
2023-08-17 00:00:00+02:00,25786.4,24536.4,108,25162.257142857146,28746.89466666667,95.57142857142857,9052.383855253709,21366.0,29478.4,40624.0,29478.4,103.0,0.20688945052887764,-0.12524424663482414,3,229,33,0.43388373911755823,-0.900968867902419,-0.7176769136759615,-0.6963762255968726,12768.0,0.5203697363916466,56.81818181818182,4.909090909090909,105,Black Friday,0
2023-08-18 00:00:00+02:00,32178.8,30838.8,150,25905.600000000002,28869.488,99.0,9431.776054027901,25786.4,26975.4,28501.0,26975.4,126.0,0.24789811683678198,0.19289426662811282,3,230,33,-0.433883739117558,-0.9009688679024191,-0.7295575540864876,-0.6839194216246105,12514.8,0.40581345577648936,53.6,6.0,104,Black Friday,0
2023-08-19 00:00:00+02:00,22085.6,20935.6,108,26883.77142857143,27182.188000000002,104.42857142857143,8444.484451939523,32178.8,15238.4,72704.6,15238.4,70.0,-0.31365992516812313,0.4493385132297354,3,231,33,-0.9749279121818236,-0.2225209339563146,-0.7412220108485957,-0.6712599575675315,14428.0,0.6891610462561379,63.888888888888886,6.0,103,Black Friday,0
2023-08-20 00:00:00+02:00,43587.6,41977.6,219,30014.942857142858,26898.074666666667,125.14285714285714,10091.70025232902,22085.6,21669.4,52111.0,21669.4,74.0,0.9735755424348898,1.011481628471485,3,232,33,-0.7818314824680299,0.6234898018587334,-0.7526668275320083,-0.6584015846980489,27785.0,0.6619006327184023,59.629629629629626,8.11111111111111,102,Black Friday,0
2023-08-21 00:00:00+02:00,19550.4,18830.4,68,26548.742857142854,26689.80133333333,115.85714285714286,8622.169927741965,43587.6,43813.8,25798.6,43813.8,133.0,-0.551468766346392,-0.553784424085562,3,233,34,0.0,1.0,-0.7638886127905429,-0.64534811322955,3560.0,0.18905599456198485,55.38461538461539,5.230769230769231,101,Black Friday,0
2023-08-22 00:00:00+02:00,4070.0,3800.0,24,24089.257142857143,25725.70133333333,111.71428571428571,12119.605492872204,19550.4,21286.4,32993.0,21286.4,53.0,-0.7918201162124561,-0.8087981058328322,3,234,34,0.7818314824680298,0.6234898018587336,-0.7748840413670406,-0.6321034111873488,2372.0,0.6242105263157894,67.5,6.0,100,Black Friday,0
2023-08-23 00:00:00+02:00,19290.3,18400.3,59,23792.72857142857,24974.778,105.14285714285714,12222.297790338576,4070.0,21366.0,41818.0,21366.0,105.0,3.7396314496314496,-0.0971496770570065,3,235,34,0.9749279121818236,-0.22252093395631434,-0.7856498550787144,-0.6186714032625032,9404.5,0.5111057971880894,68.46153846153847,4.538461538461538,99,Black Friday,0
2023-08-24 00:00:00+02:00,35731.9,34271.9,169,25213.514285714286,25367.701333333334,113.85714285714286,13043.172185531763,19290.3,25786.4,23944.2,25786.4,108.0,0.8523247435239474,0.3856878044240375,3,236,34,0.43388373911755823,-0.900968867902419,-0.7961828637826154,-0.6050560696488494,26269.1,0.7664909152979554,66.36363636363636,7.681818181818182,98,Black Friday,0
2023-08-25 00:00:00+02:00,25235.0,24335.0,129,24221.54285714286,25218.828,110.85714285714286,12684.263540026992,35731.9,32178.8,29701.2,32178.8,150.0,-0.29376831346779775,-0.21578803435802452,3,237,34,-0.433883739117558,-0.9009688679024191,-0.8064799463209447,-0.5912614448635782,10697.0,0.43957263201150604,60.0,8.6,97,Black Friday,0
2023-08-26 00:00:00+02:00,10209.0,9339.0,65,22524.885714285716,24618.361333333338,104.71428571428571,13765.789942998657,25235.0,22085.6,28223.0,22085.6,108.0,-0.5954428373291064,-0.5377531060962799,3,238,34,-0.9749279121818236,-0.2225209339563146,-0.8165380514459157,-0.5772916165517278,3405.0,0.3646000642467074,72.5,5.416666666666667,96,Black Friday,0
2023-08-27 00:00:00+02:00,33259.9,32179.9,148,21049.5,24499.984666666667,94.57142857142857,11498.891932993713,10209.0,43587.6,36811.2,43587.6,219.0,2.2578998922519347,-0.23694124016922236,3,239,34,-0.7818314824680299,0.6234898018587334,-0.8263541987239095,-0.5631507242749187,11728.1,0.3644542089938129,51.42857142857143,7.0476190476190474,95,Black Friday,0
2023-08-28 00:00:00+02:00,20547.6,19617.6,77,21191.957142857143,24425.678000000004,95.85714285714286,11483.391185077908,33259.9,19550.4,22776.8,19550.4,68.0,-0.3822110108569179,0.05100662902037789,3,240,35,0.0,1.0,-0.8359254794186365,-0.5488429582847199,5074.4,0.25866568795367423,62.0,5.133333333333334,94,Black Friday,0
2023-08-29 00:00:00+02:00,26450.0,25940.0,64,24389.100000000002,24546.344666666668,101.57142857142857,8700.030457801142,20547.6,4070.0,22830.0,4070.0,24.0,0.28725495921664823,5.498771498771498,3,241,35,0.7818314824680298,0.6234898018587336,-0.8452490573530634,-0.5343725582809785,7002.0,0.2699306090979183,46.36363636363637,5.818181818181818,93,Black Friday,0
2023-08-30 00:00:00+02:00,55162.5,54442.5,99,29513.7,26086.321333333333,107.28571428571429,14090.877011977185,26450.0,19290.3,8963.2,19290.3,59.0,1.085538752362949,1.8595978289606694,3,242,35,0.9749279121818236,-0.22252093395631434,-0.8543221697498269,-0.5197438121555157,13290.5,0.24411994305919088,40.0,5.5,92,Black Friday,0
2023-08-31 00:00:00+02:00,35149.0,33589.0,128,29430.428571428572,26600.188000000002,101.42857142857143,14049.667527111858,55162.5,35731.9,19733.0,35731.9,169.0,-0.36280987990029456,-0.01631315435227354,3,243,35,0.43388373911755823,-0.900968867902419,-0.8631421280499115,-0.5049610547215202,17695.0,0.5268093721158713,65.0,5.333333333333333,91,Black Friday,0
2023-09-01 00:00:00+02:00,39467.0,38387.0,131,31463.571428571428,27205.188000000002,101.71428571428571,14367.523573058135,35149.0,25235.0,21317.0,25235.0,129.0,0.12284844519047478,0.5639786011491976,3,244,35,-0.433883739117558,-0.9009688679024191,-0.8717063187093218,-0.4900286664290594,20439.0,0.5324458801156642,63.529411764705884,7.705882352941177,90,Black Friday,0
2023-09-02 00:00:00+02:00,38422.0,37072.0,177,35494.0,26922.148,117.71428571428571,10965.908094483853,39467.0,10209.0,46913.2,10209.0,65.0,-0.026477816910330132,2.7635419727691253,3,245,35,-0.9749279121818236,-0.2225209339563146,-0.8800122039735356,-0.4749510720670502,10670.0,0.2878182995252482,71.05263157894737,9.31578947368421,89,Black Friday,0
2023-09-03 00:00:00+02:00,40184.0,39234.0,148,36483.15714285714,26730.414666666667,117.71428571428571,11042.81603756594,38422.0,33259.9,45936.0,33259.9,148.0,0.04585914319920881,0.20818162411793173,3,246,35,-0.7818314824680299,0.6234898018587334,-0.888057322629493,-0.4597327394521046,27720.0,0.7065300504664321,52.77777777777778,8.222222222222221,88,Black Friday,0
2023-09-04 00:00:00+02:00,13825.8,12805.8,54,35522.9,26184.921333333335,114.42857142857143,12810.294759944694,40184.0,20547.6,30190.6,20547.6,77.0,-0.6559376866414494,-0.32713309583601,3,247,36,0.0,1.0,-0.8958392907349089,-0.44437817810461344,2151.2,0.16798638117103187,60.0,3.176470588235294,87,Black Friday,0
2023-09-05 00:00:00+02:00,27428.0,26528.0,113,35662.614285714284,26240.433333333334,121.42857142857143,12699.705784312291,13825.8,26450.0,25762.64,26450.0,64.0,0.9838273372969377,0.03697542533081277,3,248,36,0.7818314824680298,0.6234898018587336,-0.9033558023246842,-0.4288919379124841,14387.0,0.5423326296743064,47.36842105263158,5.947368421052632,86,Black Friday,0
2023-09-06 00:00:00+02:00,37851.0,37131.0,221,33189.54285714286,26685.94,138.85714285714286,9569.274399322232,27428.0,55162.5,24485.8,55162.5,99.0,0.3800131252734431,-0.3138273283480626,3,249,36,0.9749279121818236,-0.22252093395631434,-0.9106046300942162,-0.41327860778290443,29911.0,0.8055533112493604,40.0,12.277777777777779,85,Black Friday,0
2023-09-07 00:00:00+02:00,43985.0,42845.0,130,34451.82857142857,27887.720000000005,139.14285714285714,10416.132849529498,37851.0,35149.0,7931.6,35149.0,128.0,0.16205648463712974,0.25138695268713196,3,250,36,0.43388373911755823,-0.900968867902419,-0.9175836260593934,-0.3975428142825566,35487.0,0.8282646749912476,60.0,6.842105263157895,84,Black Friday,0
2023-09-08 00:00:00+02:00,29483.0,27803.0,86,33025.54285714286,28625.58666666667,132.71428571428572,10297.83324763955,43985.0,39467.0,7347.0,39467.0,131.0,-0.32970330794589064,-0.2529708363949629,3,251,36,-0.433883739117558,-0.9009688679024191,-0.9242907221930934,-0.3816892202666586,14550.0,0.5233248210624752,70.0,3.5833333333333335,83,Black Friday,0
2023-09-09 00:00:00+02:00,21425.0,20525.0,86,30597.399999999998,28357.14,119.71428571428571,10804.72056032302,29483.0,38422.0,29478.4,38422.0,177.0,-0.27331004307567075,-0.4423767633126855,3,252,36,-0.9749279121818236,-0.2225209339563146,-0.9307239310379793,-0.3657225234972692,15883.0,0.773836784409257,60.0,5.733333333333333,82,Black Friday,0
2023-09-10 00:00:00+02:00,38382.5,36762.5,121,30340.042857142857,28737.376666666667,115.85714285714286,10556.93430781513,21425.0,40184.0,26975.4,40184.0,148.0,0.7914819136522753,-0.044831276129802866,3,253,36,-0.7818314824680299,0.6234898018587334,-0.9368813462954315,-0.34964745525122826,19466.5,0.5295205712342741,81.0,6.05,81,Black Friday,0
2023-09-11 00:00:00+02:00,37637.25,36827.25,85,33741.67857142857,29484.004999999997,120.28571428571429,7833.94651595739,38382.5,13825.8,15238.4,13825.8,54.0,-0.019416400703445635,1.7222475372130366,3,254,37,0.0,1.0,-0.9427611433904206,-0.33346877891818705,12228.75,0.332057104453903,42.63157894736842,4.473684210526316,80,Black Friday,0
2023-09-12 00:00:00+02:00,27595.0,26785.0,86,33765.53571428572,29681.525,116.42857142857143,7811.737368681943,37637.25,27428.0,21669.4,27428.0,113.0,-0.2668167839042438,0.00608866851392742,3,255,37,0.7818314824680298,0.6234898018587336,-0.9483615800121716,-0.31719128858910595,16623.0,0.6206085495613216,73.63636363636364,7.818181818181818,79,Black Friday,0
2023-09-13 00:00:00+02:00,32892.6,32202.6,73,33057.19285714286,29317.485,95.28571428571429,7601.51514954029,27595.0,37851.0,43813.8,37851.0,221.0,0.19197680739264356,-0.13099786003011815,3,256,37,0.9749279121818236,-0.22252093395631434,-0.9536809966304455,-0.300819807635668,16539.4,0.5136044915627931,53.07692307692308,5.615384615384615,78,Black Friday,0
2023-09-14 00:00:00+02:00,29549.0,28379.0,74,30994.90714285714,29592.905000000002,87.28571428571429,5913.508363796468,32892.6,43985.0,21286.4,43985.0,130.0,-0.10165204331673383,-0.3282027964078663,3,257,37,0.43388373911755823,-0.900968867902419,-0.9587178169872964,-0.2843591872810036,1650.0,0.05814158356531238,58.5,3.7,77,Black Friday,0
2023-09-15 00:00:00+02:00,24099.35,23379.35,62,30225.814285714285,29684.016666666666,83.85714285714286,6467.093697501398,29549.0,29483.0,21366.0,29483.0,86.0,-0.18442756100037228,-0.1826018383475223,3,258,37,-0.433883739117558,-0.9009688679024191,-0.9634705485641486,-0.26781430516217486,10098.65,0.43194742368799816,60.0,5.166666666666667,76,Black Friday,0
2023-09-16 00:00:00+02:00,22203.0,21123.0,64,30336.957142857143,29564.57,80.71428571428571,6295.031813291934,24099.35,21425.0,25786.4,21425.0,86.0,-0.07868884430492928,0.03631271878646447,3,259,37,-0.9749279121818236,-0.2225209339563146,-0.9679377830240642,-0.25119006388481957,4983.0,0.23590399091038206,63.529411764705884,3.764705882352941,75,Black Friday,0
2023-09-17 00:00:00+02:00,62045.0,61085.0,133,33717.31428571429,30560.11,82.42857142857143,13530.49687590698,22203.0,38382.5,32178.8,38382.5,121.0,1.7944421924965095,0.6164918908356674,3,260,37,-0.7818314824680299,0.6234898018587334,-0.9721181966290612,-0.23449138957041052,11940.0,0.1954653351886715,40.0,5.541666666666667,74,Black Friday,0
2023-09-18 00:00:00+02:00,26064.0,25434.0,66,32063.992857142857,30692.723333333335,79.71428571428571,13677.957301086934,62045.0,37637.25,22085.6,37637.25,85.0,-0.5799178015956161,-0.30749456987426016,3,261,38,0.0,1.0,-0.9760105506323682,-0.21772323039653224,10936.0,0.42997562318156796,45.0,4.714285714285714,73,Black Friday,0
2023-09-19 00:00:00+02:00,30154.0,29074.0,51,32429.56428571429,30244.936666666665,74.71428571428571,13572.39707306446,26064.0,27595.0,43587.6,27595.0,86.0,0.15692142418661748,0.09273419097662616,3,262,38,0.7818314824680298,0.6234898018587336,-0.9796136916454901,-0.20089055513063528,4308.0,0.14817362592006603,72.0,3.4,72,Black Friday,0
2023-09-20 00:00:00+02:00,30312.0,28632.0,75,32060.907142857144,30603.65666666667,75.0,13592.75599760245,30154.0,32892.6,19550.4,32892.6,73.0,0.00523976918485114,-0.07845533645865632,3,263,38,0.9749279121818236,-0.22252093395631434,-0.9829265519799822,-0.18399835165767986,3869.0,0.1351285275216541,73.04347826086956,3.260869565217391,71,Black Friday,0
2023-09-21 00:00:00+02:00,55497.8,53707.8,125,35767.87857142858,32317.916666666668,82.28571428571429,16100.542965788889,30312.0,29549.0,4070.0,29549.0,74.0,0.8308854579044604,0.8781616975193747,3,264,38,0.43388373911755823,-0.900968867902419,-0.9859481499638303,-0.1670516255021195,12326.2,0.2295048391481312,68.84615384615384,4.8076923076923075,70,Black Friday,0
2023-09-22 00:00:00+02:00,62051.0,59581.0,187,41189.54285714286,33743.27333333333,100.14285714285714,17815.029751949794,55497.8,24099.35,19290.3,24099.35,62.0,0.11808035633844938,1.5747997352625696,3,265,38,-0.433883739117558,-0.9009688679024191,-0.9886775902323404,-0.15005539834465262,16746.0,0.2810627549050872,85.17241379310344,6.448275862068965,69,Black Friday,0
2023-09-23 00:00:00+02:00,47228.0,45528.0,84,44764.54285714286,34126.47666666667,103.0,15762.621875696608,62051.0,22203.0,35731.9,22203.0,64.0,-0.2388841436882564,1.1270999414493539,3,266,38,-0.9749279121818236,-0.2225209339563146,-0.9911140639934546,-0.13301470653419636,17317.0,0.3803593393076788,85.0,4.2,68,Black Friday,0
2023-09-24 00:00:00+02:00,35786.0,34096.0,77,41013.25714285714,34478.176666666666,95.0,13989.618243404275,47228.0,62045.0,25235.0,62045.0,133.0,-0.2422715338358601,-0.4232250785720042,3,267,38,-0.7818314824680299,0.6234898018587334,-0.9932568492674143,-0.11593459959550066,10815.0,0.31719263256687,84.5,3.85,67,Black Friday,0
2023-09-25 00:00:00+02:00,71373.0,70743.0,168,47485.97142857143,36516.97666666667,109.57142857142857,16223.532276882435,35786.0,26064.0,10209.0,26064.0,66.0,0.9944391661543621,1.7383747697974217,3,268,39,0.0,1.0,-0.9951053111006974,-0.09882013873287211,35224.0,0.4979149880553553,45.0,12.0,66,Black Friday,0
2023-09-26 00:00:00+02:00,38751.9,37941.9,157,48714.24285714286,36700.043333333335,124.71428571428571,14969.659383995868,71373.0,30154.0,33259.9,30154.0,51.0,-0.45705098566684876,0.2851329840153878,3,269,39,0.7818314824680298,0.6234898018587336,-0.99665890175417,-0.08167639533042288,24802.1,0.6536862940443151,50.625,9.8125,65,Black Friday,0
2023-09-27 00:00:00+02:00,30314.0,28484.0,110,48714.52857142857,37025.59,129.71428571428572,14969.249629903943,38751.9,30312.0,20547.6,30312.0,75.0,-0.21774158170309077,6.598046978090188e-05,3,270,39,0.9749279121818236,-0.22252093395631434,-0.9979171608653922,-0.06450844944931625,8596.0,0.3017834573795815,101.66666666666667,6.111111111111111,64,Black Friday,0
2023-09-28 00:00:00+02:00,34989.6,32679.6,80,45784.78571428572,37310.24333333333,123.28571428571429,15420.482847220683,30314.0,55497.8,26450.0,55497.8,125.0,0.1542389654944909,-0.36953176522312603,3,271,39,0.43388373911755823,-0.900968867902419,-0.9988797155850335,-0.04732138832243232,8020.4,0.24542528060318974,85.55555555555556,2.962962962962963,63,Black Friday,0
2023-09-29 00:00:00+02:00,26640.0,26250.0,69,40726.07142857143,36359.49333333333,106.42857142857143,14997.481503763003,34989.6,62051.0,55162.5,62051.0,187.0,-0.2386309074696481,-0.570675734476479,3,272,39,-0.433883739117558,-0.9009688679024191,-0.9995462806873573,-0.03012030484690836,14062.0,0.5356952380952381,43.333333333333336,7.666666666666667,62,Black Friday,0
2023-09-30 00:00:00+02:00,31824.66,31314.66,69,38525.59428571429,36248.682,104.28571428571429,15014.50443967081,26640.0,47228.0,35149.0,47228.0,84.0,0.1946193693693694,-0.3261484712458711,3,273,39,-0.9749279121818236,-0.2225209339563146,-0.9999166586547379,-0.012910296075008843,7267.34,0.23207468961821717,51.0,6.9,61,Black Friday,0
2023-10-01 00:00:00+02:00,29718.4,28678.4,61,37658.794285714284,35923.72866666667,102.0,15369.95966200176,31824.66,35786.0,39467.0,35786.0,77.0,-0.06618326794378948,-0.16955233890348176,4,274,39,-0.7818314824680299,0.6234898018587334,-0.9999907397361901,0.004303538296243821,22521.6,0.7853157777281856,86.66666666666667,5.083333333333333,60,Black Friday,0
2023-10-02 00:00:00+02:00,40434.6,38184.6,115,33239.02285714286,35990.81533333333,94.42857142857143,5028.762838610537,29718.4,71373.0,38422.0,71373.0,168.0,0.3605914181113383,-0.4334748434281871,4,275,40,0.0,1.0,-0.9997685019798909,0.021516097436222233,13411.4,0.35122536310449765,93.75,4.791666666666667,59,Black Friday,0
2023-10-03 00:00:00+02:00,111867.1,106397.1,216,43684.05142857142,38380.252,102.85714285714286,30386.46376789913,40434.6,38751.9,40184.0,38751.9,157.0,1.7666181933294753,1.8867513592881897,4,276,40,0.7818314824680298,0.6234898018587336,-0.9992500112396835,0.03872228089217399,16776.9,0.15768192930070463,99.45454545454545,3.9272727272727272,58,Black Friday,0
2023-10-04 00:00:00+02:00,79141.9,75811.9,116,50659.46571428572,40557.45533333333,103.71428571428571,32346.89320686342,111867.1,30314.0,13825.8,30314.0,110.0,-0.2925364115097291,1.6107376129840993,4,277,40,0.9749279121818236,-0.22252093395631434,-0.9984354211555643,0.05591699010060302,22808.1,0.3008511856318071,87.63157894736842,3.0526315789473686,57,Black Friday,0
2023-10-05 00:00:00+02:00,60169.0,56599.0,166,54256.52285714286,41648.822,116.0,31707.632653726374,79141.9,34989.6,27428.0,34989.6,80.0,-0.23973268268767867,0.7196252600772801,4,278,40,0.43388373911755823,-0.900968867902419,-0.9973249731081555,0.07309512989807776,9321.0,0.16468488842559056,102.0,4.742857142857143,56,Black Friday,0
2023-10-06 00:00:00+02:00,71814.0,67594.0,157,60709.95142857143,42780.922,128.57142857142858,29682.51252179491,60169.0,26640.0,37851.0,26640.0,69.0,0.1935382007345976,1.6957207207207206,4,279,40,-0.433883739117558,-0.9009688679024191,-0.9959189961471792,0.0902516100310407,16083.0,0.23793531970293222,91.73913043478261,3.4130434782608696,55,Black Friday,0
2023-10-07 00:00:00+02:00,101111.4,96721.4,144,70608.05714285714,44685.13533333333,139.28571428571428,29995.60747364276,71814.0,31824.66,43985.0,31824.66,69.0,0.40796223577575397,2.1771399914405998,4,280,40,-0.9749279121818236,-0.2225209339563146,-0.994217906893952,0.10738134666416306,13694.6,0.14158810769902008,121.94444444444444,4.0,54,Black Friday,0
2023-10-08 00:00:00+02:00,61060.8,57950.8,107,75085.54285714286,45737.72866666666,145.85714285714286,24756.378692225022,101111.4,29718.4,29483.0,29718.4,61.0,-0.39610370343996815,1.0546462797458815,4,281,40,-0.7818314824680299,0.6234898018587334,-0.9922222094179324,0.12447926388678869,9017.2,0.15560095805407345,100.3225806451613,3.4516129032258065,53,Black Friday,0
2023-10-09 00:00:00+02:00,62180.7,59820.7,120,78192.12857142858,47096.252,146.57142857142858,20718.59358319744,61060.8,40434.6,21425.0,40434.6,115.0,0.018340735791211316,0.5378092030093038,4,282,41,0.0,1.0,-0.989932495087353,0.141540295217043,16420.3,0.2744919400809419,73.75,3.75,52,Black Friday,0
2023-10-10 00:00:00+02:00,50262.0,46782.0,99,69391.4,47492.23533333334,129.85714285714286,16730.607370823782,62180.7,111867.1,38382.5,111867.1,216.0,-0.1916784468492635,-0.5506989990801585,4,283,41,0.7818314824680298,0.6234898018587336,-0.9873494423939864,0.15855938510313475,8831.0,0.18876918472916934,108.75,3.09375,51,Black Friday,0
2023-10-11 00:00:00+02:00,35090.0,33250.0,62,63098.271428571425,47407.327000000005,122.14285714285714,20346.04326470001,50262.0,79141.9,37637.25,79141.9,116.0,-0.30185826270343397,-0.556619186549729,4,284,41,0.9749279121818236,-0.22252093395631434,-0.9844738167520923,0.17553149042142777,7579.0,0.22793984962406014,87.61904761904762,2.9523809523809526,50,Black Friday,0
2023-10-12 00:00:00+02:00,78732.6,75022.6,183,65750.21428571429,49111.91366666667,124.57142857142857,21096.567064843162,35090.0,60169.0,27595.0,60169.0,166.0,1.2437332573382731,0.30852432315644274,4,285,41,0.43388373911755823,-0.900968867902419,-0.9813064702716093,0.19245158197082995,48761.4,0.6499561465478402,103.05555555555556,5.083333333333333,49,Black Friday,0
2023-10-13 00:00:00+02:00,18852.0,17832.0,54,58184.21428571428,48643.89366666667,109.85714285714286,27179.50626706501,78732.6,71814.0,32892.6,71814.0,157.0,-0.7605566182242172,-0.7374885119893058,4,286,41,-0.433883739117558,-0.9009688679024191,-0.9778483415056568,0.20931464596304888,3477.0,0.19498654104979812,78.46153846153847,4.153846153846154,48,Black Friday,0
2023-10-14 00:00:00+02:00,50148.8,47638.8,88,50903.84285714286,49330.55366666667,101.85714285714286,19507.05563788452,18852.0,101111.4,29549.0,101111.4,144.0,1.6601315510290688,-0.5040242742163593,4,287,41,-0.9749279121818236,-0.2225209339563146,-0.9741004551724206,0.22611568550828803,8977.2,0.1884430338295675,96.53846153846153,3.3846153846153846,47,Black Friday,0
2023-10-15 00:00:00+02:00,55082.0,53852.0,137,50049.72857142857,50363.308666666664,106.14285714285714,19115.168314605886,50148.8,61060.8,24099.35,61060.8,107.0,0.0983712471684266,-0.09791552026832273,4,288,41,-0.7818314824680299,0.6234898018587334,-0.970063921851507,0.2428497220959358,8247.0,0.1531419445888732,58.57142857142857,6.523809523809524,46,Black Friday,0
2023-10-16 00:00:00+02:00,63358.4,61558.4,171,50217.971428571436,51735.15533333333,113.42857142857143,19244.480100166722,55082.0,62180.7,22203.0,62180.7,120.0,0.15025598199048695,0.018939960470049533,4,289,42,0.0,1.0,-0.965739937654855,0.25951179706979943,6460.6,0.10495074595830951,54.54545454545455,5.181818181818182,45,Black Friday,0
2023-10-17 00:00:00+02:00,79849.0,78389.0,158,54444.68571428572,52328.621999999996,121.85714285714286,22267.465826733853,63358.4,50262.0,62045.0,50262.0,99.0,0.2602748806788049,0.5886554454657593,4,290,42,0.7818314824680298,0.6234898018587336,-0.9611297838723007,0.27609697309746883,5916.0,0.07546977254461723,58.4,6.32,44,Black Friday,0
2023-10-18 00:00:00+02:00,25650.0,24600.0,66,53096.11428571429,52314.822,122.42857142857143,23863.639559200245,79849.0,35090.0,26064.0,35090.0,62.0,-0.6787686758757154,-0.2690225135366201,4,291,42,0.9749279121818236,-0.22252093395631434,-0.9562348265919058,0.2926003356333479,4835.0,0.19654471544715446,80.76923076923077,5.076923076923077,43,Black Friday,0
2023-10-19 00:00:00+02:00,18078.4,17268.4,64,44431.22857142857,51912.302,105.42857142857143,24014.88760815633,25650.0,78732.6,30154.0,78732.6,183.0,-0.29518908382066267,-0.7703822812913583,4,292,42,0.43388373911755823,-0.900968867902419,-0.9510565162951536,0.30901699437494723,6076.6,0.351891315929675,62.30769230769231,4.923076923076923,42,Black Friday,0
2023-10-20 00:00:00+02:00,15715.0,15175.0,39,43983.08571428571,51425.73533333334,103.28571428571429,24594.064276801182,18078.4,18852.0,30312.0,18852.0,54.0,-0.13073059562793177,-0.16640144281773817,4,293,42,-0.433883739117558,-0.9009688679024191,-0.9455963874271428,0.3253420847119795,3311.0,0.21818780889621087,67.5,4.875,41,Black Friday,0
2023-10-21 00:00:00+02:00,30273.0,29073.0,98,41143.68571428571,50584.90866666667,104.71428571428571,24908.910912324027,15715.0,50148.8,55497.8,50148.8,88.0,0.9263760738148266,-0.3963365025683566,4,294,42,-0.9749279121818236,-0.2225209339563146,-0.9398560579418953,0.341570769167856,2911.0,0.1001272658480377,92.3076923076923,7.538461538461538,40,Black Friday,0
2023-10-22 00:00:00+02:00,42396.0,40216.0,149,39331.4,49929.742,106.42857142857143,24176.517830324534,30273.0,55082.0,62051.0,55082.0,137.0,0.40045585174908327,-0.23031117243382593,4,295,42,-0.7818314824680299,0.6234898018587334,-0.9338372288229252,0.35769823883312546,3635.0,0.0903869106823155,77.85714285714286,5.321428571428571,39,Black Friday,0
2023-10-23 00:00:00+02:00,24905.8,23855.8,103,33838.17142857143,49185.66866666667,96.71428571428571,22085.42646103342,42396.0,63358.4,47228.0,63358.4,171.0,-0.41254363619209367,-0.6069061087401197,4,296,43,0.0,1.0,-0.9275416835791965,0.3737197147904692,974.2,0.04083702915014378,70.0,6.866666666666666,38,Black Friday,0
2023-10-24 00:00:00+02:00,59340.0,58140.0,101,30908.31428571429,49970.802,88.57142857142857,15274.460417685132,24905.8,79849.0,35786.0,79849.0,158.0,1.3825775522167527,-0.25684729927738603,4,297,43,0.7818314824680298,0.6234898018587336,-0.9209712877166346,0.38963044953078774,7572.0,0.13023735810113518,60.0,5.05,37,Black Friday,0
2023-10-25 00:00:00+02:00,40421.5,39221.5,89,33018.52857142857,48939.085333333336,91.85714285714286,15446.329927064075,59340.0,25650.0,71373.0,25650.0,66.0,-0.31881530165149985,0.5758869395711501,4,298,43,0.9749279121818236,-0.22252093395631434,-0.9141279881853337,0.4054257283599973,10429.5,0.26591282842318625,63.1578947368421,4.684210526315789,36,Black Friday,0
2023-10-26 00:00:00+02:00,12234.4,11544.4,45,32183.67142857143,48055.16866666667,89.14285714285714,16509.73603107316,40421.5,18078.4,38751.9,18078.4,64.0,-0.6973293915366823,-0.32325869545977526,4,299,43,0.43388373911755823,-0.900968867902419,-0.9070138128026362,0.42110087079608916,537.6,0.04656803298569003,62.72727272727273,4.090909090909091,35,Black Friday,0
2023-10-27 00:00:00+02:00,34435.4,33145.4,102,34858.014285714286,48192.54866666666,98.14285714285714,14827.995356804955,12234.4,15715.0,30314.0,15715.0,39.0,1.8146374158111556,1.1912440343620747,4,300,43,-0.433883739117558,-0.9009688679024191,-0.8996308696522434,0.4366512319560638,4404.6,0.13288721813584992,61.42857142857143,4.857142857142857,34,Black Friday,0
2023-10-28 00:00:00+02:00,29214.5,27664.5,51,34706.8,48000.04533333333,91.42857142857143,14887.822288591015,34435.4,30273.0,34989.6,30273.0,98.0,-0.1516143271168623,-0.03496515046410997,4,301,43,-0.9749279121818236,-0.2225209339563146,-0.8919813464595487,0.45207220393230374,1663.5,0.06013121509515806,77.5,2.55,33,Black Friday,0
2023-10-29 00:00:00+02:00,51153.2,49803.2,120,35957.82857142857,48817.152,87.28571428571429,15970.22377162308,29214.5,42396.0,26640.0,42396.0,149.0,0.7509524380016772,0.2065572223794696,4,302,43,-0.7818314824680299,0.6234898018587334,-0.8840675099433637,0.46735921715800205,7263.8,0.14585006585922192,54.0,4.8,32,Black Friday,0
2023-10-30 00:00:00+02:00,57505.88,56425.88,147,40614.98285714286,49673.19266666667,93.57142857142857,16934.362828444137,51153.2,24905.8,31824.66,24905.8,103.0,0.12418929803023082,1.3089352680901638,4,303,44,0.0,1.0,-0.8758917051442433,0.48250774176121763,8513.119999999999,0.15087261377226194,49.09090909090909,6.681818181818182,31,Black Friday,0
2023-10-31 00:00:00+02:00,36493.0,35903.0,51,37351.125714285714,49899.01266666666,86.42857142857143,14789.810670209032,57505.88,59340.0,29718.4,59340.0,101.0,-0.36540402477103207,-0.3850185372430064,4,304,44,0.7818314824680298,0.6234898018587336,-0.867456354729597,0.4975132889071803,3524.0,0.09815335765813442,53.63636363636363,4.636363636363637,30,Black Friday,0
2023-11-01 00:00:00+02:00,56869.0,54919.0,133,39700.76857142857,50446.826,92.71428571428571,16559.516224060244,36493.0,40421.5,40434.6,40421.5,89.0,0.5583536568657004,0.4068997934267655,4,305,44,0.9749279121818236,-0.22252093395631434,-0.858763958275803,0.5123714121284235,37018.0,0.6740472331979824,69.64285714285714,4.75,29,Black Friday,0
2023-11-02 00:00:00+02:00,70019.0,67509.0,134,47955.71142857143,49051.88933333333,105.42857142857143,14905.76314093244,56869.0,12234.4,111867.1,12234.4,45.0,0.2312331850393008,4.723124959131629,4,306,44,0.43388373911755823,-0.900968867902419,-0.8498170915275277,0.5270777086423724,33658.0,0.49857056096224206,64.35897435897436,3.4358974358974357,28,Black Friday,0
2023-11-03 00:00:00+02:00,117850.8,113670.8,258,59872.197142857134,50342.186,127.71428571428571,28987.34439864039,70019.0,34435.4,79141.9,34435.4,102.0,0.6831260086547937,2.422373487748073,4,307,44,-0.433883739117558,-0.9009688679024191,-0.8406184056344783,0.5416278206559811,72737.2,0.639893446689915,78.0952380952381,4.095238095238095,27,Black Friday,0
2023-11-04 00:00:00+02:00,170508.85,164788.85,336,80057.10428571429,54020.181000000004,168.42857142857142,47416.87118610974,117850.8,29214.5,60169.0,29214.5,51.0,0.4468196227772743,4.836445942939294,4,308,44,-0.9749279121818236,-0.2225209339563146,-0.8311706263658079,0.5560174366570446,96260.15,0.5841423737103572,70.0,3.4285714285714284,26,Black Friday,0
2023-11-05 00:00:00+02:00,179272.0,175142.0,376,98359.79000000001,57602.11433333334,205.0,57956.01745667163,170508.85,51153.2,71814.0,51153.2,120.0,0.05139410652291643,2.5046096822877164,4,309,44,-0.7818314824680299,0.6234898018587334,-0.8214765533024145,0.5702422926917867,100757.0,0.5752874810154046,61.594202898550726,5.449275362318841,25,Black Friday,0
2023-11-06 00:00:00+02:00,250364.0,243724.0,419,125910.95,62577.20100000001,243.85714285714286,77756.21382526816,179272.0,57505.88,101111.4,57505.88,147.0,0.3965594180909455,3.3537113074349962,4,310,45,0.0,1.0,-0.8115390590073611,0.5842981736283683,143132.0,0.5872708473519227,66.4,4.19,24,Black Friday,0
2023-11-07 00:00:00+02:00,283103.0,276123.0,566,161140.94999999998,69978.60766666666,317.42857142857144,85928.14171508356,250364.0,36493.0,61060.8,36493.0,51.0,0.13076560527871428,6.75773436001425,4,311,45,0.7818314824680298,0.6234898018587336,-0.8013610881746769,0.5981809144059159,157473.0,0.5703001923056029,62.88288288288288,5.099099099099099,23,Black Friday,0
2023-11-08 00:00:00+02:00,124545.0,120465.0,224,170808.94999999998,72057.41766666666,330.42857142857144,75403.58707564347,283103.0,56869.0,62180.7,56869.0,133.0,-0.560071775996722,1.1900332342752642,4,312,45,0.9749279121818236,-0.22252093395631434,-0.7909456567567774,0.6118864012687242,62165.0,0.5160420039015482,68.0,3.7333333333333334,22,Black Friday,0
2023-11-09 00:00:00+02:00,103707.75,99217.75,201,175621.62857142856,73838.94266666665,340.0,68673.1747220839,124545.0,70019.0,50262.0,70019.0,134.0,-0.1673069974707937,0.48113726274296975,4,313,45,0.43388373911755823,-0.900968867902419,-0.780295851070776,0.6254105729852457,58358.25,0.5881835659446016,78.7719298245614,3.526315789473684,21,Black Friday,0
2023-11-10 00:00:00+02:00,168313.45,163873.45,334,182830.57857142857,78279.72433333333,350.85714285714283,64093.92545052426,103707.75,117850.8,35090.0,117850.8,258.0,0.6229592291800758,0.4281909838541613,4,314,45,-0.433883739117558,-0.9009688679024191,-0.7694148268839381,0.6387494220515268,113902.55,0.6950640875626893,78.0246913580247,4.1234567901234565,20,Black Friday,0
2023-11-11 00:00:00+02:00,176549.1,171049.1,383,183693.47142857144,81540.27433333333,357.57142857142856,63940.8679528974,168313.45,170508.85,78732.6,170508.85,336.0,0.048930433069965584,0.03542484744926733,4,315,45,-0.9749279121818236,-0.2225209339563146,-0.7583058084785625,0.6518989958787125,96050.9,0.5615399321013673,72.52873563218391,4.402298850574713,19,Black Friday,0
2023-11-12 00:00:00+02:00,148983.55,143893.55,346,179366.55,85877.99266666666,353.2857142857143,65300.307630796415,176549.1,179272.0,18852.0,179272.0,376.0,-0.1561353187300304,-0.168952485608461,4,316,45,-0.7818314824680299,0.6234898018587334,-0.7469720876965551,0.6648553979642867,73784.45,0.512771072782623,62.35294117647059,4.070588235294117,18,Black Friday,0
2023-11-13 00:00:00+02:00,91065.0,88315.0,179,156609.55000000002,87241.866,319.0,64182.21397313526,148983.55,250364.0,50148.8,250364.0,419.0,-0.3887580206002609,-0.6362695914748127,4,317,46,0.0,1.0,-0.7354170229639858,0.6776147890466887,42340.0,0.4794202570344789,62.5,4.068181818181818,17,Black Friday,0
2023-11-14 00:00:00+02:00,113199.0,109219.0,303,132337.55,89179.09933333333,281.42857142857144,32853.49452077597,91065.0,283103.0,55082.0,283103.0,566.0,0.24305715697578645,-0.6001490623553971,4,318,46,0.7818314824680298,0.6234898018587336,-0.7236440382959123,0.690173388242972,84156.0,0.7705252749063808,65.24590163934427,4.967213114754099,16,Black Friday,0
2023-11-15 00:00:00+02:00,121966.0,116936.0,317,131969.12142857144,91132.686,294.7142857142857,32969.702379543916,113199.0,124545.0,63358.4,124545.0,224.0,0.07744768063322116,-0.020707374844433746,4,319,46,0.9749279121818236,-0.22252093395631434,-0.7116566222817751,0.7025274741691566,82712.0,0.7073270849011425,70.84507042253522,4.464788732394366,15,Black Friday,0
2023-11-16 00:00:00+02:00,148786.0,143386.0,312,138408.87142857144,93430.586,310.57142857142856,30864.805413823735,121966.0,103707.75,79849.0,103707.75,201.0,0.21989734844136888,0.4346661652576591,4,320,46,0.43388373911755823,-0.900968867902419,-0.6994583270516471,0.7146733860429608,88362.0,0.6162526327535464,70.12987012987013,4.0519480519480515,14,Black Friday,0
2023-11-17 00:00:00+02:00,60245.05,58055.05,168,122970.52857142857,94583.75433333333,286.85714285714283,39291.0495086757,148786.0,168313.45,25650.0,168313.45,334.0,-0.5950892557095425,-0.6420663351621632,4,321,46,-0.433883739117558,-0.9009688679024191,-0.6870527672236675,0.726607524768565,42363.95,0.7297203257942245,69.51219512195122,4.097560975609756,13,Black Friday,0
2023-11-18 00:00:00+02:00,110482.0,108232.0,227,113532.37142857142,97663.87433333333,264.57142857142856,31423.10133945841,60245.05,176549.1,18078.4,176549.1,383.0,0.8338768081361041,-0.374213745637899,4,322,46,-0.9749279121818236,-0.2225209339563146,-0.6744436188329457,0.7383263540031063,36032.0,0.3329144800059132,67.10526315789474,5.973684210526316,12,Black Friday,0
2023-11-19 00:00:00+02:00,136967.0,134117.0,354,111815.72142857143,101705.60766666668,265.7142857142857,29428.54433584067,110482.0,148983.55,15715.0,148983.55,346.0,0.2397223077062327,-0.08065689131451081,4,323,46,-0.7818314824680299,0.6234898018587334,-0.661634618242279,0.749826401204568,61594.5,0.4592594525675343,38.8,4.72,11,Black Friday,0
2023-11-20 00:00:00+02:00,240425.0,240275.0,604,133152.86428571428,108710.67433333334,326.42857142857144,54953.12209522085,136967.0,91065.0,30273.0,91065.0,179.0,0.7553498287908766,1.6401471476417941,4,324,47,0.0,1.0,-0.6486295610349818,0.7611042586607742,95074.0,0.3956882738528769,1.3761467889908257,5.541284403669724,10,Black Friday,0
2023-11-21 00:00:00+02:00,184409.1,184409.1,561,143325.73571428572,113444.44433333333,363.2857142857143,57189.31656644664,240425.0,113199.0,42396.0,113199.0,303.0,-0.2329870021836331,0.6290700447883815,4,325,47,0.7818314824680298,0.6234898018587336,-0.6354323008901775,0.7721565844991641,71772.9,0.38920476267169024,0.0,4.560975609756097,9,Black Friday,0
2023-11-22 00:00:00+02:00,140120.5,140060.5,427,145919.23571428572,117284.93433333332,379.0,56466.301316911566,184409.1,121966.0,24905.8,121966.0,317.0,-0.24016493763051827,0.14884885951822646,4,326,47,0.9749279121818236,-0.22252093395631434,-0.622046748440868,0.7829801036770625,47055.0,0.3359619592961613,0.631578947368421,4.494736842105263,8,Black Friday,0
2023-11-23 00:00:00+02:00,120847.0,120697.0,340,141927.95,119335.16766666666,383.0,57212.38974375062,140120.5,148786.0,59340.0,148786.0,312.0,-0.13754946635217546,-0.18777976422512865,4,327,47,0.43388373911755823,-0.900968867902419,-0.6084768701151264,0.7935716089521472,51955.5,0.4304622318698891,1.8072289156626506,4.096385542168675,7,Black Friday,1
2023-11-24 00:00:00+02:00,268038.49,268038.49,682,171612.72714285713,126922.40066666667,456.42857142857144,61512.89218486213,120847.0,60245.05,40421.5,60245.05,168.0,1.2179987091115212,3.449137149027181,4,328,47,-0.433883739117558,-0.9009688679024191,-0.594726686960764,0.8039279618328208,102556.61,0.3826189664029222,0.0,5.206106870229007,6,Black Friday,1
2023-11-25 00:00:00+02:00,247779.55,247779.55,662,191226.66285714283,134773.90566666666,518.5714285714286,60655.43286107576,268038.49,110482.0,12234.4,110482.0,227.0,-0.07558220463038723,1.2427141977878748,4,329,47,-0.9749279121818236,-0.2225209339563146,-0.5808002734538014,0.8140460935082175,79627.45,0.3213640915886723,0.0,5.382113821138211,5,Black Friday,1
2023-11-26 00:00:00+02:00,173713.8,173713.8,609,196476.2057142857,139416.519,555.0,56633.58053311692,247779.55,136967.0,34435.4,136967.0,354.0,-0.2989179292641382,0.26828944198237514,4,330,47,-0.7818314824680299,0.6234898018587334,-0.5667017562911184,0.8239230057575536,48448.0,0.27889551664864853,0.0,5.486486486486487,4,Black Friday,1
2023-11-27 00:00:00+02:00,152762.2,152762.2,508,183952.94857142857,143534.77566666668,541.2857142857143,54963.2735775505,173713.8,240425.0,29214.5,240425.0,604.0,-0.12060987670524725,-0.3646159925132577,4,331,48,0.0,1.0,-0.5524353131676203,0.8335557718385695,43844.8,0.2870134103855535,0.0,4.26890756302521,3,Black Friday,1
2023-11-28 00:00:00+02:00,180271.5,180121.5,504,183361.86285714284,147838.719,533.1428571428571,54979.796239726136,152762.2,184409.1,51153.2,184409.1,561.0,0.1800792342608315,-0.022437070621786015,4,332,48,0.7818314824680298,0.6234898018587336,-0.5380051715382992,0.8429415373547832,56292.0,0.31252238072634303,1.3636363636363635,4.581818181818182,2,Black Friday,1
2023-11-29 00:00:00+02:00,192105.9,192105.9,574,190788.34857142856,152325.38633333333,554.1428571428571,51570.73113813681,180271.5,140120.5,57505.88,140120.5,427.0,0.0656476481307362,0.37100495644819986,4,333,48,0.9749279121818236,-0.22252093395631434,-0.5234156073655503,0.8520775211013093,80132.6,0.41712721993442164,0.0,5.415094339622642,1,Black Friday,1
2023-11-30 00:00:00+02:00,139482.5,139482.5,442,193450.56285714285,155758.36966666667,568.7142857142857,47693.68935204254,192105.9,120847.0,36493.0,120847.0,340.0,-0.2739291193034675,0.15420738619907826,4,334,48,0.43388373911755823,-0.900968867902419,-0.5086709438521042,0.8609610158889945,41821.0,0.29982972774362376,0.0,5.390243902439025,0,Black Friday,1
2023-12-01 00:00:00+02:00,199810.5,199810.5,460,183703.70714285717,160523.08633333334,537.0,35261.42740266864,139482.5,268038.49,56869.0,268038.49,682.0,0.43251303927015927,-0.2545454945668437,4,335,48,-0.433883739117558,-0.9009688679024191,-0.4937755501599774,0.8695893893466109,58462.0,0.2925872263970112,0.0,4.509803921568627,24,Christmas,0
2023-12-02 00:00:00+02:00,159589.6,159139.6,437,171105.14285714287,163508.77300000002,504.85714285714283,21698.384524571717,199810.5,247779.55,70019.0,247779.55,662.0,-0.20129522722779836,-0.3559210193093013,4,336,48,-0.9749279121818236,-0.2225209339563146,-0.4787338401157883,0.8779600847008883,47780.0,0.30023953811621995,5.357142857142857,5.2023809523809526,23,Christmas,0
2023-12-03 00:00:00+02:00,90577.5,87737.5,166,159228.52857142856,162599.66300000003,441.57142857142856,37227.76237714312,159589.6,173713.8,117850.8,173713.8,609.0,-0.43243482031410574,-0.4785820124826007,4,337,48,-0.7818314824680299,0.6234898018587334,-0.4635502709028512,0.8860706215341377,33597.0,0.38292634278387233,59.166666666666664,3.4583333333333335,22,Christmas,0
2023-12-04 00:00:00+02:00,85520.5,82430.5,222,149622.57142857142,159766.718,400.7142857142857,46655.79087304205,90577.5,152762.2,170508.85,152762.2,508.0,-0.055830642267671315,-0.44017237248481633,4,338,49,0.0,1.0,-0.4482293417404106,0.893918596519257,36723.0,0.4455025748964279,61.8,4.44,21,Christmas,0
2023-12-05 00:00:00+02:00,96207.0,92967.0,214,137613.35714285713,156997.88466666668,359.2857142857143,48243.98889339665,85520.5,180271.5,179272.0,180271.5,504.0,0.12495834332119204,-0.4663216315390952,4,339,49,0.7818314824680298,0.6234898018587336,-0.4327755925504317,0.9015016841318838,28691.0,0.30861488485161404,55.86206896551724,3.689655172413793,20,Christmas,0
2023-12-06 00:00:00+02:00,101639.5,99099.5,198,124689.58571428573,152040.40133333334,305.57142857142856,43051.14958048646,96207.0,192105.9,250364.0,192105.9,574.0,0.05646678516116288,-0.47091942517122065,4,340,49,0.9749279121818236,-0.22252093395631434,-0.41719360261231697,0.9088176373395028,19493.0,0.1967012951629423,57.72727272727273,4.5,19,Christmas,0
2023-12-07 00:00:00+02:00,53791.6,51211.6,125,112448.02857142859,144396.688,260.2857142857143,49798.11391594773,101639.5,139482.5,283103.0,139482.5,442.0,-0.4707608754470457,-0.6143487534278493,4,341,49,0.43388373911755823,-0.900968867902419,-0.4014879892059737,0.9158642882672868,8300.0,0.16207265541400775,62.926829268292686,3.048780487804878,18,Christmas,0
2023-12-08 00:00:00+02:00,57835.5,55285.5,164,92165.88571428573,142173.038,218.0,34999.72030418851,53791.6,199810.5,124545.0,199810.5,460.0,0.0751771652079507,-0.7105482444616273,4,342,49,-0.433883739117558,-0.9009688679024191,-0.38566340624360745,0.9226395488404875,18374.0,0.3323475413987393,60.714285714285715,3.9047619047619047,17,Christmas,0
2023-12-09 00:00:00+02:00,124652.0,120572.0,299,87174.8,142871.17966666666,198.28571428571428,24782.03766601926,57835.5,159589.6,103707.75,159589.6,437.0,1.1552852486794443,-0.21892153373402778,4,343,49,-0.9749279121818236,-0.2225209339563146,-0.3697245428906732,0.9291414114031743,31603.0,0.2621089473509604,59.130434782608695,4.333333333333333,16,Christmas,0
2023-12-10 00:00:00+02:00,92904.05,89154.05,282,87507.16428571429,140357.533,214.85714285714286,24850.78476770085,124652.0,90577.5,168313.45,90577.5,166.0,-0.2546926643776273,0.025685738732025065,4,344,49,-0.7818314824680299,0.6234898018587334,-0.3536761221763721,0.935367949313148,17582.45,0.19721426003642012,53.57142857142857,4.0285714285714285,15,Christmas,0
2023-12-11 00:00:00+02:00,80186.0,77756.0,223,86745.09285714287,137145.42966666666,215.0,25003.187673115226,92904.05,85520.5,176549.1,85520.5,222.0,-0.13689446262030558,-0.06237685701089213,4,345,50,0.0,1.0,-0.33752289959411347,0.941317317512847,24407.0,0.3138921755234323,55.22727272727273,5.068181818181818,14,Christmas,0
2023-12-12 00:00:00+02:00,90570.5,88320.5,218,85939.87857142858,135198.328,215.57142857142858,24737.029684292032,80186.0,96207.0,148983.55,96207.0,214.0,0.1295051505250293,-0.058587212988659876,4,346,50,0.7818314824680298,0.6234898018587336,-0.32126966169236515,0.946987753076075,21690.0,0.24558284882898082,50.0,4.844444444444444,13,Christmas,0
2023-12-13 00:00:00+02:00,91531.0,88441.0,234,84495.80714285714,135213.86133333333,220.71428571428572,23950.326912877164,90570.5,101639.5,91065.0,101639.5,198.0,0.010604998316228853,-0.09945444438431905,4,347,50,0.9749279121818236,-0.22252093395631434,-0.3049212246562894,0.9523775757303973,38968.0,0.4406101242636334,53.275862068965516,4.0344827586206895,12,Christmas,0
2023-12-14 00:00:00+02:00,95825.5,93515.5,262,90500.65000000001,134634.74466666667,240.28571428571428,19895.20710788983,91531.0,53791.6,113199.0,53791.6,125.0,0.04691853033398519,0.7814212627993962,4,348,50,0.43388373911755823,-0.900968867902419,-0.2884824328806098,0.9574851883550389,33575.0,0.3590313905181494,48.125,5.458333333333333,11,Christmas,0
2023-12-15 00:00:00+02:00,65659.5,64129.5,124,91618.3642857143,132757.86133333333,234.57142857142858,17871.02546686279,95825.5,57835.5,121966.0,57835.5,164.0,-0.31480138376528166,0.13528023445807502,4,349,50,-0.433883739117558,-0.9009688679024191,-0.27195815753410524,0.9623090774541487,17757.0,0.27689284962458777,54.642857142857146,4.428571428571429,10,Christmas,0
2023-12-16 00:00:00+02:00,69771.0,67311.0,180,83778.22142857143,130124.02799999999,217.57142857142858,12055.791588895314,65659.5,124652.0,148786.0,124652.0,299.0,0.06261850912663047,-0.4402737220421654,4,350,50,-0.9749279121818236,-0.2225209339563146,-0.2553532951161881,0.9668478136052773,21674.0,0.3219978903893866,60.0,4.390243902439025,9,Christmas,0
2023-12-17 00:00:00+02:00,52886.5,50816.5,115,78061.42857142857,129878.743,193.71428571428572,15886.568366150701,69771.0,92904.05,60245.05,92904.05,282.0,-0.2419988247266056,-0.43074064047799854,4,351,50,-0.7818314824680299,0.6234898018587334,-0.23867276600594997,0.9711000518829505,11258.0,0.22154221561894266,59.142857142857146,3.2857142857142856,8,Christmas,0
2023-12-18 00:00:00+02:00,89854.0,87844.0,202,79442.57142857143,129191.143,190.71428571428572,16510.079621826375,52886.5,80186.0,110482.0,80186.0,223.0,0.698996908473807,0.12056967550445208,4,352,51,0.0,1.0,-0.22192151300416674,0.9750645322571945,14729.0,0.16767223714767088,51.53846153846154,5.17948717948718,7,Christmas,1
2023-12-19 00:00:00+02:00,53536.0,51406.0,191,74151.92857142857,126410.10966666667,186.85714285714286,18197.434392033974,89854.0,90570.5,136967.0,90570.5,218.0,-0.40418901773988913,-0.40890245720184826,4,353,51,0.7818314824680298,0.6234898018587336,-0.20510449986861926,0.9787400799669153,9415.0,0.18314982686845893,71.0,6.366666666666666,6,Christmas,1
2023-12-20 00:00:00+02:00,116532.04000000001,113872.04000000001,331,77723.50571428573,122280.34433333334,200.71428571428572,23775.436514329125,53536.0,91531.0,240425.0,91531.0,234.0,1.176704273759713,0.2731428696288689,4,354,51,0.9749279121818236,-0.22252093395631434,-0.1882267098432439,0.9821256058680006,30013.96,0.2635762036053802,60.45454545454545,7.5227272727272725,5,Christmas,1
2023-12-21 00:00:00+02:00,103009.5,100399.5,282,78749.79142857144,119567.02433333333,203.57142857142858,24819.19540062718,116532.04000000001,95825.5,184409.1,95825.5,262.0,-0.11604139084838816,0.07496960621129034,4,355,51,0.43388373911755823,-0.900968867902419,-0.1712931441814778,0.9852201067560606,28245.0,0.28132610222162463,51.1764705882353,5.529411764705882,4,Christmas,1
2023-12-22 00:00:00+02:00,66645.0,64785.0,167,78890.57714285715,117117.841,209.71428571428572,24735.218695650463,103009.5,65659.5,140120.5,65659.5,124.0,-0.3530208378838845,0.015009252278801899,4,356,51,-0.433883739117558,-0.9009688679024191,-0.154308820664281,0.9880226656636976,14580.0,0.22505209539245197,54.705882352941174,4.911764705882353,3,Christmas,1
2023-12-23 00:00:00+02:00,56351.5,53981.5,180,76973.50571428573,114967.991,209.71428571428572,26045.164089459962,66645.0,69771.0,120847.0,69771.0,180.0,-0.15445269712656617,-0.1923363575124335,4,357,51,-0.9749279121818236,-0.2225209339563146,-0.13727877211326517,0.9905324521322227,4127.0,0.07645211785519113,65.83333333333333,5.0,2,Christmas,1
2023-12-24 00:00:00+02:00,124086.5,120036.5,335,87144.93428571429,110169.59133333333,241.14285714285714,28825.186055142112,56351.5,52886.5,268038.49,52886.5,115.0,1.2020088196410033,1.3462792962287162,4,358,51,-0.7818314824680299,0.6234898018587334,-0.12020804489935275,0.9927487224577402,33114.0,0.2758660907307361,60.44776119402985,5.0,1,Christmas,1
2023-12-25 00:00:00+02:00,61456.0,59496.0,159,83088.07714285715,103958.80633333333,235.0,30338.98423159531,124086.5,89854.0,247779.55,89854.0,202.0,-0.5047325857365628,-0.31604603022681244,4,359,52,0.0,1.0,-0.10310169744743544,0.9946708199115211,6514.0,0.10948635202366545,51.578947368421055,4.184210526315789,0,Christmas,1
2023-12-26 00:00:00+02:00,79962.5,77872.5,121,86863.29142857144,100833.76299999999,225.0,27566.289962945295,61456.0,53536.0,173713.8,53536.0,191.0,0.3011341447539704,0.49362111476389714,4,360,52,0.7818314824680298,0.6234898018587336,-0.0859647987374467,0.9962981749346077,14660.0,0.18825644482968956,53.58974358974359,3.1025641025641026,50,Valentine's Day,0
2023-12-27 00:00:00+02:00,71220.0,68820.0,199,80390.14285714286,98115.68966666666,206.14285714285714,24598.67344613369,79962.5,116532.04000000001,152762.2,116532.04000000001,331.0,-0.10933249960919178,-0.38883761066913447,4,361,52,0.9749279121818236,-0.22252093395631434,-0.06880242680232064,0.9976303053065857,24582.0,0.35719267654751524,60.0,4.975,49,Valentine's Day,0
2023-12-28 00:00:00+02:00,76446.1,74766.1,191,76595.37142857142,94654.84300000001,193.14285714285714,22485.871627143577,71220.0,103009.5,180271.5,103009.5,282.0,0.07337966863240664,-0.2578733029477863,4,362,52,0.43388373911755823,-0.900968867902419,-0.05161966722325418,0.9986668162884759,10540.0,0.1409729810702979,46.666666666666664,5.305555555555555,48,Valentine's Day,0
2023-12-29 00:00:00+02:00,50955.0,49905.0,98,74353.94285714286,89949.81300000001,183.28571428571428,24347.954322479003,76446.1,66645.0,192105.9,66645.0,167.0,-0.33345193541593365,-0.23542651361692546,4,363,52,-0.433883739117558,-0.9009688679024191,-0.034421611622745804,0.9994074007397048,7815.0,0.1565975353171025,45.65217391304348,4.260869565217392,47,Valentine's Day,0
2023-12-30 00:00:00+02:00,56423.5,54773.5,120,74364.22857142858,87181.17966666668,174.71428571428572,24339.095333072284,50955.0,56351.5,139482.5,56351.5,180.0,0.10732018447649883,0.0012776944713095428,4,364,52,-0.9749279121818236,-0.2225209339563146,-0.01721335615583528,0.9998518392091162,10875.0,0.19854491679370498,61.111111111111114,4.444444444444445,46,Valentine's Day,0
2023-12-31 00:00:00+02:00,88698.5,86568.5,287,69308.8,83477.44633333334,167.85714285714286,13592.981797481669,56423.5,124086.5,199810.5,124086.5,335.0,0.5720134341187626,-0.28518815503701045,4,365,52,-0.7818314824680299,0.6234898018587334,6.432490598706546e-16,1.0,29739.5,0.3435371988656382,48.40909090909091,6.5227272727272725,45,Valentine's Day,0
2024-01-01 00:00:00+02:00,62886.16,60996.16,139,69513.10857142857,80253.99833333334,165.0,13465.428373326347,88698.5,61456.0,159589.6,61456.0,159.0,-0.29101213662012315,0.023271283519916697,1,1,1,0.0,1.0,0.017213356155834685,0.9998518392091162,26184.34,0.42927849884320585,52.5,3.861111111111111,44,Valentine's Day,0
2024-01-02 00:00:00+02:00,125551.0,122551.0,310,76025.75142857143,81419.78166666668,192.0,25239.058498364146,62886.16,79962.5,90577.5,79962.5,121.0,0.9964806246716287,0.5701234953884633,1,2,1,0.7818314824680298,0.6234898018587336,0.03442161162274574,0.9994074007397048,42579.0,0.34743902538534976,53.57142857142857,5.535714285714286,43,Valentine's Day,0
2024-01-03 00:00:00+02:00,71632.37,69682.37,98,76084.66142857143,80956.84400000001,177.57142857142858,25226.450087722358,125551.0,71220.0,85520.5,71220.0,199.0,-0.429455997960988,0.005790087054198256,1,3,1,0.9749279121818236,-0.22252093395631434,0.051619667223253764,0.998666816288476,15393.0,0.2209023602383214,62.903225806451616,3.161290322580645,42,Valentine's Day,0
2024-01-04 00:00:00+02:00,41725.5,40465.5,64,71124.5757142857,79140.79400000001,159.42857142857142,28362.08410405336,71632.37,76446.1,96207.0,76446.1,191.0,-0.417504963189128,-0.45418405909523185,1,4,1,0.43388373911755823,-0.900968867902419,0.06880242680231986,0.9976303053065857,10221.5,0.2525978920314836,45.0,2.2857142857142856,41,Valentine's Day,0
2024-01-05 00:00:00+02:00,49244.9,47984.9,80,70880.27571428572,77394.30733333335,156.85714285714286,28571.36543169979,41725.5,50955.0,101639.5,50955.0,98.0,0.18021114186768283,-0.033560985183004544,1,5,1,-0.433883739117558,-0.9009688679024191,0.08596479873744647,0.9962981749346078,12147.6,0.25315463822994316,50.4,3.2,40,Valentine's Day,0
2024-01-06 00:00:00+02:00,55294.65,53624.65,119,70719.01142857142,77444.409,156.71428571428572,28669.57986395479,49244.9,56423.5,53791.6,56423.5,120.0,0.12285028500413242,-0.02000673478249304,1,6,1,-0.9749279121818236,-0.2225209339563146,0.10310169744743485,0.9946708199115211,22439.25,0.41845028359159453,55.666666666666664,3.966666666666667,39,Valentine's Day,0
2024-01-07 00:00:00+02:00,51938.0,50738.0,104,65467.51142857142,77247.82566666667,130.57142857142858,28190.08535133733,55294.65,88698.5,57835.5,88698.5,287.0,-0.06070478789539313,-0.4144433107662474,1,7,1,-0.7818314824680299,0.6234898018587334,0.1202080448993527,0.9927487224577402,26815.0,0.5284993495999054,48.0,4.16,38,Valentine's Day,0
2024-01-08 00:00:00+02:00,70949.6,69419.6,169,66619.43142857144,75457.74566666667,134.85714285714286,28231.74027814704,51938.0,62886.16,124652.0,62886.16,139.0,0.36604412953906595,0.12822280768932304,1,8,2,0.0,1.0,0.13727877211326478,0.9905324521322229,33567.4,0.48354355254135717,49.354838709677416,5.451612903225806,37,Valentine's Day,0
2024-01-09 00:00:00+02:00,88374.28,85944.28,204,61308.471428571436,75306.75333333334,119.71428571428571,16253.648534109227,70949.6,125551.0,92904.05,125551.0,310.0,0.24559236415709162,-0.29610851367173496,1,9,2,0.7818314824680298,0.6234898018587336,0.15430882066428117,0.9880226656636976,29023.06,0.33769623760883216,54.0,4.533333333333333,36,Valentine's Day,0
2024-01-10 00:00:00+02:00,95573.7,92963.7,189,64728.66142857143,75819.67666666668,132.71428571428572,20699.13707504293,88374.28,71632.37,80186.0,71632.37,98.0,0.0814651050056645,0.3342250158692224,1,10,2,0.9749279121818236,-0.22252093395631434,0.1712931441814776,0.9852201067560606,37907.8,0.40776991449350664,53.265306122448976,3.857142857142857,35,Valentine's Day,0
2024-01-11 00:00:00+02:00,100769.3,98759.3,180,73163.49,76159.63666666667,149.28571428571428,21765.735746926497,95573.7,41725.5,90570.5,41725.5,64.0,0.054362235635954326,1.4150531449593173,1,11,2,0.43388373911755823,-0.900968867902419,0.1882267098432442,0.9821256058680006,46532.4,0.47116980375519063,47.857142857142854,4.285714285714286,34,Valentine's Day,0
2024-01-12 00:00:00+02:00,102737.8,99307.8,199,80805.33285714286,76533.19666666668,166.28571428571428,21355.093241993174,100769.3,49244.9,91531.0,49244.9,80.0,0.019534719403627943,1.0862627398979385,1,12,2,-0.433883739117558,-0.9009688679024191,0.2051044998686192,0.9787400799669153,36577.0,0.3683195076318275,65.96153846153847,3.826923076923077,33,Valentine's Day,0
2024-01-13 00:00:00+02:00,66539.1,63999.1,136,82411.68285714286,75556.98333333334,168.71428571428572,19454.68230737069,102737.8,55294.65,95825.5,55294.65,119.0,-0.3523406185454623,0.20335511663424954,1,13,2,-0.9749279121818236,-0.2225209339563146,0.22192151300416552,0.9750645322571948,13551.1,0.2117389150784933,60.476190476190474,3.238095238095238,32,Valentine's Day,0
2024-01-14 00:00:00+02:00,99719.7,96489.7,182,89237.64,76692.32333333333,179.85714285714286,14808.073564845068,66539.1,51938.0,65659.5,51938.0,104.0,0.4986631920179261,0.9199757403057491,1,14,2,-0.7818314824680299,0.6234898018587334,0.2386727660059501,0.9711000518829505,26294.0,0.272505770045922,64.6,3.64,31,Valentine's Day,0
2024-01-15 00:00:00+02:00,113613.3,110113.3,160,95332.4542857143,78153.73333333334,178.57142857142858,14806.34616959759,99719.7,70949.6,69771.0,70949.6,169.0,0.13932653226995284,0.6013240384723804,1,15,3,0.0,1.0,0.255353295116187,0.9668478136052775,16640.0,0.15111707668374302,62.5,2.857142857142857,30,Valentine's Day,0
2024-01-16 00:00:00+02:00,91484.7,88674.7,204,95776.8,79440.34000000001,178.57142857142858,14608.069934229112,113613.3,88374.28,52886.5,88374.28,204.0,-0.19477121076493686,0.03519598688668246,1,16,3,0.7818314824680298,0.6234898018587336,0.2719581575341055,0.9623090774541486,20971.8,0.23650263265621424,54.03846153846154,3.923076923076923,29,Valentine's Day,0
2024-01-17 00:00:00+02:00,69885.6,66955.6,153,92107.07142857143,78774.72666666667,173.42857142857142,17589.859183320474,91484.7,95573.7,89854.0,95573.7,189.0,-0.23609521592135074,-0.26877791693740005,1,17,3,0.9749279121818236,-0.22252093395631434,0.288482432880609,0.9574851883550393,20613.0,0.307860731589292,59.795918367346935,3.122448979591837,28,Valentine's Day,0
2024-01-18 00:00:00+02:00,114918.9,111188.9,196,94128.44285714286,80820.82333333333,175.71428571428572,19464.33746760605,69885.6,100769.3,53536.0,100769.3,180.0,0.6443859679247226,0.1404157813937379,1,18,3,0.43388373911755823,-0.900968867902419,0.30492122465628907,0.9523775757303974,26788.99,0.24093223334343628,67.81818181818181,3.5636363636363635,27,Valentine's Day,0
2024-01-19 00:00:00+02:00,99535.5,96085.5,163,93670.97142857143,80254.27200000001,170.57142857142858,19264.876823268554,114918.9,102737.8,116532.04000000001,102737.8,199.0,-0.13386309823710452,-0.031169637660140692,1,19,3,-0.433883739117558,-0.9009688679024191,0.3212696616923644,0.9469877530760753,28337.3,0.2949175473926867,82.14285714285714,3.880952380952381,26,Valentine's Day,0
2024-01-20 00:00:00+02:00,62148.87,60558.87,176,93043.7957142857,78892.251,176.28571428571428,20337.010021611444,99535.5,66539.1,103009.5,66539.1,136.0,-0.3756110131561101,-0.06597970216008331,1,20,3,-0.9749279121818236,-0.2225209339563146,0.3375228995941133,0.9413173175128471,45144.0,0.7454564459343446,41.8421052631579,4.631578947368421,25,Valentine's Day,0
2024-01-21 00:00:00+02:00,47656.8,46336.8,111,85606.23857142858,78259.311,166.14285714285714,26171.723761464615,62148.87,99719.7,66645.0,99719.7,182.0,-0.23318316165684105,-0.5220924250674641,1,21,3,-0.7818314824680299,0.6234898018587334,0.3536761221763716,0.9353679493131483,24060.4,0.5192503582465773,47.142857142857146,3.9642857142857144,24,Valentine's Day,0
2024-01-22 00:00:00+02:00,50101.0,48211.0,122,76533.05285714286,78050.961,160.71428571428572,25851.24861906203,47656.8,113613.3,56351.5,113613.3,160.0,0.0512875392388914,-0.559021699044038,1,22,4,0.0,1.0,0.3697245428906731,0.9291414114031743,19131.0,0.396818153533426,60.96774193548387,3.935483870967742,23,Valentine's Day,0
2024-01-23 00:00:00+02:00,113006.4,110786.4,285,79607.58142857144,77681.62433333333,172.28571428571428,29012.372501372804,50101.0,91484.7,124086.5,91484.7,204.0,1.2555717450749486,0.23524917281250302,1,23,4,0.7818314824680298,0.6234898018587336,0.38566340624360707,0.9226395488404876,36516.3,0.3296099521240875,48.26086956521739,6.195652173913044,22,Valentine's Day,0
2024-01-24 00:00:00+02:00,36750.0,35370.0,91,74873.9242857143,76858.091,163.42857142857142,33255.84996742871,113006.4,69885.6,61456.0,69885.6,153.0,-0.6747971796287644,-0.47414059548748244,1,24,4,0.9749279121818236,-0.22252093395631434,0.401487989205973,0.9158642882672872,13213.0,0.37356516822165675,57.5,3.7916666666666665,21,Valentine's Day,0
2024-01-25 00:00:00+02:00,21351.9,20601.9,60,61507.21000000001,74904.40433333334,144.0,33281.7091669689,36750.0,114918.9,79962.5,114918.9,196.0,-0.41899591836734695,-0.8142002751505627,1,25,4,0.43388373911755823,-0.900968867902419,0.4171936026123168,0.9088176373395029,6885.6,0.33422160092030345,62.5,5.0,20,Valentine's Day,0
2024-01-26 00:00:00+02:00,37033.0,36253.0,69,52578.281428571434,73764.83766666667,130.57142857142858,29554.437758179138,21351.9,99535.5,71220.0,99535.5,163.0,0.7344123942131613,-0.6279417896127513,1,26,4,-0.433883739117558,-0.9009688679024191,0.4327755925504312,0.901501684131884,4892.0,0.13494055664358812,45.88235294117647,4.0588235294117645,19,Valentine's Day,0
2024-01-27 00:00:00+02:00,35371.17,34621.17,81,48752.89571428572,72395.67333333334,117.0,29840.80605000139,37033.0,62148.87,76446.1,62148.87,176.0,-0.04487430129884162,-0.43086382745173,1,27,4,-0.9749279121818236,-0.2225209339563146,0.4482293417404106,0.893918596519257,9352.0,0.2701237422074413,41.666666666666664,4.5,18,Valentine's Day,0
2024-01-28 00:00:00+02:00,56889.55,55479.55,91,50071.86,72593.49166666667,114.14285714285714,29987.965041341235,35371.17,47656.8,50955.0,47656.8,111.0,0.6083592937412023,0.19373415755988654,1,28,4,-0.7818314824680299,0.6234898018587334,0.4635502709028509,0.886070621534138,22220.45,0.40051604600253604,47.0,3.033333333333333,17,Valentine's Day,0
2024-01-29 00:00:00+02:00,25663.68,24923.68,78,46580.81428571429,71568.16433333333,107.85714285714286,31374.392117464202,56889.55,50101.0,56423.5,50101.0,122.0,-0.5488858674396264,-0.4877611225324844,1,29,5,0.0,1.0,0.47873384011578846,0.8779600847008882,16350.01,0.6560030460991314,49.333333333333336,5.2,16,Valentine's Day,0
2024-01-30 00:00:00+02:00,79243.91,77943.91,192,41757.601428571434,71253.01133333333,94.57142857142857,19990.792016742445,25663.68,113006.4,88698.5,113006.4,285.0,2.0877843707527526,-0.29876617607498335,1,30,5,0.7818314824680298,0.6234898018587336,0.4937755501599772,0.869589389346611,19193.03,0.24624156011675571,56.52173913043478,8.347826086956522,15,Valentine's Day,0
2024-01-31 00:00:00+02:00,55960.36,54890.36,108,44501.938571428575,71022.15133333333,97.0,20500.86651516271,79243.91,36750.0,62886.16,36750.0,91.0,-0.2938213169945805,0.5227308843537415,1,31,5,0.9749279121818236,-0.22252093395631434,0.5086709438521044,0.8609610158889943,19076.63,0.3475406246196964,53.5,5.4,14,Valentine's Day,0
2024-02-01 00:00:00+02:00,30616.78,29836.78,60,45825.49285714285,67857.67733333333,97.0,19001.42072889803,55960.36,21351.9,125551.0,21351.9,60.0,-0.4528845061039636,0.43391360956167824,1,32,5,0.43388373911755823,-0.900968867902419,0.5234156073655503,0.8520775211013093,1423.0,0.047692814036903446,65.0,5.0,13,Valentine's Day,0
2024-02-02 00:00:00+02:00,32080.27,31540.27,54,45117.96,66539.274,94.85714285714286,19469.818265893973,30616.78,37033.0,71632.37,37033.0,69.0,0.047800258551029984,-0.1337382874733346,1,33,5,-0.433883739117558,-0.9009688679024191,0.5380051715382996,0.8429415373547828,1321.61,0.04190230457760824,54.0,5.4,12,Valentine's Day,0
2024-02-03 00:00:00+02:00,10293.720000000001,9993.720000000001,32,41535.467142857146,65491.547999999995,87.85714285714286,23460.359938325677,32080.27,35371.17,41725.5,35371.17,81.0,-0.6791261420181314,-0.7089799404430217,1,34,5,-0.9749279121818236,-0.2225209339563146,0.5524353131676196,0.8335557718385699,2369.69,0.23711791004750982,75.0,8.0,11,Valentine's Day,0
2024-02-04 00:00:00+02:00,51549.42,51399.42,48,40772.59142857143,65568.36533333334,81.71428571428571,22959.342566689935,10293.720000000001,56889.55,49244.9,56889.55,91.0,4.007851389002226,-0.09386838180298496,1,35,5,-0.7818314824680299,0.6234898018587334,0.5667017562911176,0.8239230057575542,0.0,0.0,18.75,6.0,10,Valentine's Day,0
2024-02-05 00:00:00+02:00,38985.37,38145.37,57,42675.69,65024.72266666666,78.71428571428571,22031.609614513847,51549.42,25663.68,55294.65,25663.68,78.0,-0.24372825145268362,0.5190872860010725,1,36,6,0.0,1.0,0.5808002734538009,0.8140460935082178,1917.19,0.05026009709697402,84.0,5.7,9,Valentine's Day,0
2024-02-06 00:00:00+02:00,59081.86,57441.86,94,39795.39714285714,65262.85133333333,64.71428571428571,17254.014145207773,38985.37,79243.91,51938.0,79243.91,192.0,0.51548798946887,-0.2544302773550674,1,37,6,0.7818314824680298,0.6234898018587336,0.5947266869607634,0.8039279618328213,1077.2,0.018752874645772265,71.81818181818181,4.2727272727272725,8,Valentine's Day,0
2024-02-07 00:00:00+02:00,27473.5,26873.5,43,35725.845714285715,63813.648,55.42857142857143,16128.651565645592,59081.86,55960.36,70949.6,55960.36,108.0,-0.5349926356414643,-0.5090542662699096,1,38,6,0.9749279121818236,-0.22252093395631434,0.6084768701151261,0.7935716089521474,1155.6,0.043001469849479966,50.0,3.5833333333333335,7,Valentine's Day,1
2024-02-08 00:00:00+02:00,49176.259999999995,48676.259999999995,52,38377.200000000004,62507.047333333336,54.285714285714285,16665.35199699183,27473.5,30616.78,88374.28,30616.78,60.0,0.789952499681511,0.6061865421510686,1,39,6,0.43388373911755823,-0.900968867902419,0.6220467484408675,0.7829801036770629,43131.7,0.8860931386265092,62.5,6.5,6,Valentine's Day,1
2024-02-09 00:00:00+02:00,34390.759999999995,34030.759999999995,43,38707.270000000004,60467.616,52.714285714285715,16542.276627458898,49176.259999999995,32080.27,95573.7,32080.27,54.0,-0.30066336886945044,0.07202214943951524,1,40,6,-0.433883739117558,-0.9009688679024191,0.6354323008901774,0.7721565844991642,160.35,0.004711913574660102,45.0,5.375,5,Valentine's Day,1
2024-02-10 00:00:00+02:00,33836.58,33536.58,61,42070.53571428572,58236.52533333333,56.857142857142854,11395.13346225488,34390.759999999995,10293.720000000001,100769.3,10293.720000000001,32.0,-0.016114212073242706,2.28710903346895,1,41,6,-0.9749279121818236,-0.2225209339563146,0.6486295610349814,0.7611042586607747,100.0,0.002981818658909167,33.333333333333336,6.777777777777778,4,Valentine's Day,1
2024-02-11 00:00:00+02:00,13534.130000000001,13037.53,20,36639.78,55263.06966666667,52.857142857142854,14703.286764791967,33836.58,51549.42,102737.8,51549.42,48.0,-0.6000148360147508,-0.7374533020934086,1,42,6,-0.7818314824680299,0.6234898018587334,0.6616346182422783,0.7498264012045686,225.26,0.01727781259180228,99.32000000000001,4.0,3,Valentine's Day,1
2024-02-12 00:00:00+02:00,42465.66,40365.66,67,37136.96428571428,54460.621666666666,54.285714285714285,14853.891689580942,13534.130000000001,38985.37,66539.1,38985.37,57.0,2.13767194492738,0.08927169345834085,1,43,7,0.0,1.0,0.6744436188329455,0.7383263540031065,517.23,0.012813614344470026,95.45454545454545,3.0454545454545454,2,Valentine's Day,1
2024-02-13 00:00:00+02:00,67747.94,64607.94,125,38374.975714285705,53394.89633333334,58.714285714285715,17168.543280001024,42465.66,59081.86,99719.7,59081.86,94.0,0.5953582259171293,0.14667920068867168,1,44,7,0.7818314824680298,0.6234898018587336,0.6870527672236669,0.7266075247685656,590.4,0.009138195707834052,87.22222222222223,3.4722222222222223,1,Valentine's Day,1
2024-02-14 00:00:00+02:00,68967.8,67157.8,112,44302.73285714286,51906.712999999996,68.57142857142857,19746.99918957382,67747.94,27473.5,113613.3,27473.5,43.0,0.018005861137622814,1.5103390539974888,1,45,7,0.9749279121818236,-0.22252093395631434,0.6994583270516471,0.7146733860429609,28017.8,0.4171935352259901,75.41666666666667,4.666666666666667,0,Valentine's Day,1
2024-02-15 00:00:00+02:00,9601.59,9301.59,14,38649.20857142857,49177.276,63.142857142857146,23439.089689354845,68967.8,49176.259999999995,91484.7,49176.259999999995,52.0,-0.8607815531305913,-0.8047515203474196,1,46,7,0.43388373911755823,-0.900968867902419,0.7116566222817746,0.702527474169157,0.0,0.0,37.5,1.75,35,Mother's Day,0
2024-02-16 00:00:00+02:00,34873.21,33643.21,39,38718.130000000005,48010.19633333333,62.57142857142857,23425.186170111996,9601.59,34390.759999999995,69885.6,34390.759999999995,43.0,2.632024487610906,0.01402847741660862,1,47,7,-0.433883739117558,-0.9009688679024191,0.7236440382959124,0.6901733882429719,254.4,0.007561704129897237,102.5,3.25,34,Mother's Day,0
2024-02-17 00:00:00+02:00,35484.28,34314.28,38,38953.51571428571,45362.37566666667,59.285714285714285,23376.186219473475,34873.21,33836.58,114918.9,33836.58,61.0,0.0175226197989804,0.04869581973119019,1,48,7,-0.9749279121818236,-0.2225209339563146,0.7354170229639855,0.6776147890466889,0.0,0.0,117.0,3.8,33,Mother's Day,0
2024-02-18 00:00:00+02:00,34302.78,34182.78,59,41920.46571428572,43187.95166666667,64.85714285714286,20786.779129533297,35484.28,13534.130000000001,99535.5,13534.130000000001,20.0,-0.03329643436473839,1.5345389766464486,1,49,7,-0.7818314824680299,0.6234898018587334,0.7469720876965552,0.6648553979642865,1423.5900000000001,0.04164640792820245,13.333333333333334,6.555555555555555,32,Mother's Day,0
2024-02-19 00:00:00+02:00,33765.16,32895.16,66,40677.537142857145,42241.827999999994,64.71428571428571,21007.692217886044,34302.78,42465.66,62148.87,42465.66,67.0,-0.01567278220599022,-0.20488319267850774,1,50,8,0.0,1.0,0.7583058084785625,0.6518989958787126,574.56,0.017466399312239245,62.142857142857146,4.714285714285714,31,Mother's Day,0
2024-02-20 00:00:00+02:00,45942.23,44322.23,146,37562.43571428571,42184.67566666667,67.71428571428571,17677.302186648893,33765.16,67747.94,47656.8,67747.94,125.0,0.36064007989300206,-0.3218652847599499,1,51,8,0.7818314824680298,0.6234898018587336,0.7694148268839378,0.6387494220515272,2322.49,0.05240011614939049,65.0,6.083333333333333,30,Mother's Day,0
2024-02-21 00:00:00+02:00,19652.809999999998,19412.809999999998,45,30517.437142857147,41169.736000000004,58.142857142857146,11985.795960191015,45942.23,68967.8,50101.0,68967.8,112.0,-0.5722277738803712,-0.7150436870539585,1,52,8,0.9749279121818236,-0.22252093395631434,0.7802958510707755,0.6254105729852463,224.39999999999998,0.011559377545033408,30.0,7.5,29,Mother's Day,0
2024-02-22 00:00:00+02:00,54681.92,53211.92,186,36957.48428571429,39225.58666666666,82.71428571428571,10939.880776545744,19652.809999999998,9601.59,113006.4,9601.59,14.0,1.78239702108757,4.695090084038164,1,53,8,0.43388373911755823,-0.900968867902419,0.7909456567567772,0.6118864012687243,58570.62,1.1007048796585428,52.5,6.642857142857143,28,Mother's Day,0
2024-02-23 00:00:00+02:00,50699.08,48119.08,209,39218.322857142855,39690.556,107.0,12019.383404765962,54681.92,34873.21,36750.0,34873.21,39.0,-0.07283650610658876,0.4538116795098588,1,54,8,-0.433883739117558,-0.9009688679024191,0.8013610881746766,0.5981809144059164,42726.2,0.8879263693320819,68.10810810810811,5.648648648648648,27,Mother's Day,0
2024-02-24 00:00:00+02:00,45726.21,44106.21,164,40681.455714285716,40503.033,125.0,12112.099180063764,50699.08,35484.28,21351.9,35484.28,38.0,-0.09808600077161167,0.28863288194096093,1,55,8,-0.9749279121818236,-0.2225209339563146,0.8115390590073611,0.5842981736283683,40410.64,0.9162120254721501,52.25806451612903,5.290322580645161,26,Mother's Day,0
2024-02-25 00:00:00+02:00,62732.8,60962.8,200,44742.887142857144,41359.693,145.14285714285714,14202.848208970716,45726.21,34302.78,37033.0,34302.78,59.0,0.37192214268359436,0.8287963832668956,1,56,8,-0.7818314824680299,0.6234898018587334,0.8214765533024142,0.5702422926917871,62156.04,1.019573247947929,49.166666666666664,5.555555555555555,25,Mother's Day,0
2024-02-26 00:00:00+02:00,120258.8,117378.8,311,57099.12142857143,44189.28066666667,180.14285714285714,30886.16816862285,62732.8,33765.16,35371.17,33765.16,66.0,0.9170003570699856,2.561623875023841,1,57,9,0.0,1.0,0.8311706263658079,0.5560174366570446,105203.25,0.8962713028247009,48.813559322033896,5.271186440677966,24,Mother's Day,0
2024-02-27 00:00:00+02:00,115140.78,112230.78,381,66984.62857142858,46130.988333333335,213.71428571428572,37157.38474811277,120258.8,45942.23,56889.55,45942.23,146.0,-0.042558382421910124,1.5062079050146235,1,58,9,0.7818314824680298,0.6234898018587336,0.8406184056344782,0.5416278206559814,109715.89,0.9775917979007185,48.5,6.35,23,Mother's Day,0
2024-02-28 00:00:00+02:00,103319.29,100649.29,317,78936.98285714285,48719.50866666667,252.57142857142858,32567.67980930211,115140.78,19652.809999999998,25663.68,19652.809999999998,45.0,-0.10266987942933858,4.257227337973553,1,59,9,0.9749279121818236,-0.22252093395631434,0.8498170915275278,0.5270777086423722,96932.65,0.9630733609745284,56.808510638297875,6.74468085106383,22,Mother's Day,0
2024-02-29 00:00:00+02:00,74041.31,72331.31,169,81702.61,48546.08866666666,250.14285714285714,30946.301052614785,103319.29,54681.92,79243.91,54681.92,186.0,-0.28337380173634563,0.35403639813671495,1,60,9,0.43388373911755823,-0.900968867902419,0.8587639582758029,0.5123714121284237,54444.15,0.7527051563147412,48.529411764705884,4.970588235294118,21,Mother's Day,0
2024-03-01 00:00:00+02:00,108070.19,106000.19,276,89898.48285714285,50283.083,259.7142857142857,28895.978302631025,74041.31,50699.08,55960.36,50699.08,209.0,0.4595931649507552,1.1316006128710816,1,61,9,-0.433883739117558,-0.9009688679024191,0.8674563547295968,0.49751328890718066,84190.02,0.7942440480531214,48.13953488372093,6.4186046511627906,20,Mother's Day,0
2024-03-02 00:00:00+02:00,84511.58,82501.58,229,95439.25,52079.57633333334,269.0,21881.47504817561,108070.19,45726.21,30616.78,45726.21,164.0,-0.21799360212099195,0.8482087188070038,1,62,9,-0.9749279121818236,-0.2225209339563146,0.8758917051442429,0.48250774176121847,77868.88,0.943847136018486,45.36585365853659,5.585365853658536,19,Mother's Day,0
2024-03-03 00:00:00+02:00,108245.51000000001,106205.51,327,101941.06571428571,54618.41766666667,287.14285714285717,16689.15252597206,84511.58,62732.8,32080.27,62732.8,200.0,0.28083642502009787,0.7255010138237095,1,63,9,-0.7818314824680299,0.6234898018587334,0.8840675099433636,0.46735921715800227,83624.75,0.7873861723370097,48.292682926829265,7.975609756097561,18,Mother's Day,0
2024-03-04 00:00:00+02:00,79554.54,77244.54,284,96126.17142857143,56927.11166666667,283.2857142857143,16330.406442824566,108245.51000000001,120258.8,10293.720000000001,120258.8,311.0,-0.26505459672184106,-0.33847219496618963,1,64,10,0.0,1.0,0.8919813464595485,0.45207220393230435,75872.95,0.9822435346239359,51.13636363636363,6.454545454545454,17,Mother's Day,0
2024-03-05 00:00:00+02:00,103703.95,101423.95,324,94492.33857142857,58665.596,275.14285714285717,14590.37678200074,79554.54,115140.78,51549.42,115140.78,381.0,0.3035579113398179,-0.09932909955968683,1,65,10,0.7818314824680298,0.6234898018587336,0.8996308696522433,0.43665123195606403,74114.98,0.730744365605954,41.886792452830186,6.113207547169812,16,Mother's Day,0
2024-03-06 00:00:00+02:00,102968.29,100178.29,315,94442.19571428571,60798.36,274.85714285714283,14555.54675944743,103703.95,103319.29,38985.37,103319.29,317.0,-0.007093847437826706,-0.003397235888864536,1,66,10,0.9749279121818236,-0.22252093395631434,0.9070138128026359,0.4211008707960896,95678.45,0.9550816848640559,50.72727272727273,5.7272727272727275,15,Mother's Day,0
2024-03-07 00:00:00+02:00,71321.66,68261.66,246,94053.6742857143,61206.353333333325,285.85714285714283,15212.330745614248,102968.29,74041.31,59081.86,74041.31,169.0,-0.30734345496074555,-0.036731521903110464,1,67,10,0.43388373911755823,-0.900968867902419,0.9141279881853337,0.40542572835999735,77292.5,1.1322973979829964,62.44897959183673,5.020408163265306,14,Mother's Day,0
2024-03-08 00:00:00+02:00,68278.61,65948.61,237,88369.16285714286,62566.52366666667,280.2857142857143,16483.251980807363,71321.66,108070.19,27473.5,108070.19,276.0,-0.04266656160274451,-0.3682012588300252,1,68,10,-0.433883739117558,-0.9009688679024191,0.9209712877166346,0.38963044953078796,46569.17,0.7061433137104784,54.18604651162791,5.511627906976744,13,Mother's Day,0
2024-03-09 00:00:00+02:00,73800.46,71470.46,214,86839.00285714286,63387.33033333333,278.14285714285717,17374.128300615735,68278.61,84511.58,49176.259999999995,84511.58,229.0,0.08087232590118631,-0.12674144774006113,1,69,10,-0.9749279121818236,-0.2225209339563146,0.9275416835791966,0.37371971479046906,52984.65,0.7413503425051412,58.205128205128204,5.487179487179487,12,Mother's Day,0
2024-03-10 00:00:00+02:00,74965.41,72775.41,199,82084.70285714287,64739.818666666666,259.85714285714283,14920.243994249007,73800.46,108245.51000000001,34390.759999999995,108245.51000000001,327.0,0.015785131962592125,-0.30745016583135876,1,70,10,-0.7818314824680299,0.6234898018587334,0.9338372288229252,0.35769823883312546,39152.57,0.537991747487235,57.63157894736842,5.2368421052631575,11,Mother's Day,0
2024-03-11 00:00:00+02:00,61051.770000000004,59611.770000000004,181,79441.45,65646.99166666667,245.14285714285714,16944.798247591105,74965.41,79554.54,33836.58,79554.54,284.0,-0.18560079908853966,-0.23257968684125374,1,71,11,0.0,1.0,0.9398560579418954,0.3415707691678556,40096.16,0.6726215309493411,44.48275862068966,6.241379310344827,10,Mother's Day,0
2024-03-12 00:00:00+02:00,64655.24,62885.24,174,73863.06285714287,67351.02866666667,223.71428571428572,13753.129365192646,61051.770000000004,103703.95,13534.130000000001,103703.95,324.0,0.05902318638755255,-0.3765402378597922,1,72,11,0.7818314824680298,0.6234898018587336,0.9455963874271426,0.3253420847119801,48096.54,0.7648303481071235,55.3125,5.4375,9,Mother's Day,0
2024-03-13 00:00:00+02:00,83151.71,81861.71,213,71032.12285714285,68707.23033333334,209.14285714285714,7279.612784303248,64655.24,102968.29,42465.66,102968.29,315.0,0.2860784369526741,-0.19245323001867842,1,73,11,0.9749279121818236,-0.22252093395631434,0.9510565162951535,0.30901699437494745,46089.73,0.5630193896511568,44.48275862068966,7.344827586206897,8,Mother's Day,0
2024-03-14 00:00:00+02:00,39027.33,37827.33,142,66418.64714285715,67749.87666666666,194.28571428571428,14101.952587282314,83151.71,71321.66,67747.94,71321.66,246.0,-0.5306490990985032,-0.45279835045903305,1,74,11,0.43388373911755823,-0.900968867902419,0.9562348265919056,0.29260033563334836,34822.82,0.920573035421744,49.56521739130435,6.173913043478261,7,Mother's Day,1
2024-03-15 00:00:00+02:00,36132.86,34792.86,151,61826.397142857146,66655.37866666667,182.0,18070.872148473045,39027.33,68278.61,68967.8,68278.61,237.0,-0.0741652067922659,-0.47080264229163427,1,75,11,-0.433883739117558,-0.9009688679024191,0.9611297838723007,0.27609697309746883,36447.99,1.0475709671467077,55.833333333333336,6.291666666666667,6,Mother's Day,1
2024-03-16 00:00:00+02:00,41288.770000000004,39928.77,145,57181.87,67711.618,172.14285714285714,18649.186943518533,36132.86,73800.46,9601.59,73800.46,214.0,0.14269310538938806,-0.4405350589955672,1,76,11,-0.9749279121818236,-0.2225209339563146,0.9657399376548549,0.2595117970697999,47551.3,1.1909032008749583,54.166666666666664,6.041666666666667,5,Mother's Day,1
2024-03-17 00:00:00+02:00,93178.76,90448.76,258,59783.77714285714,69655.13633333334,180.57142857142858,22430.951054313147,41288.770000000004,74965.41,34873.21,74965.41,199.0,1.2567579513751554,0.24295671830514887,1,77,11,-0.7818314824680299,0.6234898018587334,0.970063921851507,0.2428497220959356,69653.94,0.770092812770457,56.666666666666664,5.733333333333333,4,Mother's Day,1
2024-03-18 00:00:00+02:00,62019.68,60399.68,217,59922.05,70539.64966666668,185.71428571428572,22443.050190892838,93178.76,61051.770000000004,35484.28,61051.770000000004,181.0,-0.3344011017103039,0.015853922007502685,1,78,12,0.0,1.0,0.9741004551724205,0.22611568550828828,57822.96,0.9573388468283276,46.285714285714285,6.2,3,Mother's Day,1
2024-03-19 00:00:00+02:00,52686.5,50676.5,142,58212.229999999996,71152.44033333333,181.14285714285714,22478.243986965157,62019.68,64655.24,34302.78,64655.24,174.0,-0.15048739367890962,-0.1851163184917417,1,79,12,0.7818314824680298,0.6234898018587336,0.9778483415056568,0.20931464596304847,42803.97,0.8446512683393683,60.96774193548387,4.580645161290323,2,Mother's Day,1
2024-03-20 00:00:00+02:00,111725.94,109355.94,265,62294.26285714286,73751.13299999999,188.57142857142858,29316.45518018664,52686.5,83151.71,33765.16,83151.71,213.0,1.1205800347337553,0.34363971588798337,1,80,12,0.9749279121818236,-0.22252093395631434,0.9813064702716093,0.19245158197082998,76403.89,0.6986716039384783,51.333333333333336,5.888888888888889,1,Mother's Day,1
2024-03-21 00:00:00+02:00,58196.77,57596.77,167,65032.75428571429,74159.61766666666,192.14285714285714,27627.49597169572,111725.94,39027.33,45942.23,39027.33,142.0,-0.4791113863083184,0.49117989880424795,1,81,12,0.43388373911755823,-0.900968867902419,0.9844738167520922,0.1755314904214282,38400.92,0.6667200261403547,18.75,5.21875,0,Mother's Day,1
2024-03-22 00:00:00+02:00,64487.590000000004,64487.590000000004,159,69083.43000000001,75654.11033333332,193.28571428571428,24596.43842840262,58196.77,36132.86,19652.809999999998,36132.86,151.0,0.1080956898467047,0.7847352797425944,1,82,12,-0.433883739117558,-0.9009688679024191,0.9873494423939864,0.15855938510313478,32302.18,0.5009053679940589,0.0,5.129032258064516,258,Black Friday,0
2024-03-23 00:00:00+02:00,53560.35,53410.35,190,70836.51285714286,75616.72466666666,199.71428571428572,22645.155816848,64487.590000000004,41288.770000000004,54681.92,41288.770000000004,145.0,-0.16944717580545354,0.2972135038171395,1,83,12,-0.9749279121818236,-0.2225209339563146,0.989932495087353,0.141540295217043,42753.9,0.8004796823087661,3.488372093023256,4.4186046511627906,257,Black Friday,0
2024-03-24 00:00:00+02:00,58452.85,57942.85,192,65875.66857142857,75875.18366666666,190.28571428571428,20650.77786264194,53560.35,93178.76,50699.08,93178.76,258.0,0.09134555692783941,-0.37268053363234277,1,84,12,-0.7818314824680299,0.6234898018587334,0.9922222094179323,0.12447926388678915,36123.71,0.6234368865183538,15.9375,6.0,256,Black Friday,0
2024-03-25 00:00:00+02:00,54788.1,53168.1,198,64842.58571428571,76177.24666666666,187.57142857142858,21052.80054857382,58452.85,62019.68,45726.21,62019.68,217.0,-0.06269583091329167,-0.11660137556336958,1,85,13,0.0,1.0,0.994217906893952,0.10738134666416309,37907.5,0.712974509151164,49.09090909090909,6.0,255,Black Friday,0
2024-03-26 00:00:00+02:00,79072.58,76492.58,288,68612.02571428572,76721.906,208.42857142857142,20874.96122835273,54788.1,52686.5,62732.8,52686.5,142.0,0.4432436970802054,0.5008129217161892,1,86,13,0.7818314824680298,0.6234898018587336,0.995918996147179,0.09025161003104117,61840.7,0.8084535781117593,51.6,5.76,254,Black Friday,0
2024-03-27 00:00:00+02:00,46797.85,44817.85,109,59336.58428571428,74273.20766666667,186.14285714285714,10242.037548791943,79072.58,111725.94,120258.8,111725.94,265.0,-0.4081658901227202,-0.5811371110415362,1,87,13,0.9749279121818236,-0.22252093395631434,0.9973249731081555,0.07309512989807777,20884.04,0.46597594485233007,60.0,3.303030303030303,253,Black Friday,0
2024-03-28 00:00:00+02:00,51405.0,49315.0,175,58366.33142857142,72148.68166666666,187.28571428571428,10680.333307323162,46797.85,58196.77,115140.78,58196.77,167.0,0.09844789878167481,-0.11670355588463066,1,88,13,0.43388373911755823,-0.900968867902419,0.9984354211555643,0.055916990100603484,13376.0,0.27123593227212817,67.41935483870968,5.645161290322581,252,Black Friday,0
2024-03-29 00:00:00+02:00,42810.0,40520.0,113,55269.532857142854,70131.70533333332,180.71428571428572,11703.387177838433,51405.0,64487.590000000004,103319.29,64487.590000000004,159.0,-0.16720163408228772,-0.33615134322743345,1,89,13,-0.433883739117558,-0.9009688679024191,0.9992500112396835,0.03872228089217446,17532.0,0.432675222112537,71.5625,3.53125,251,Black Friday,0
2024-03-30 00:00:00+02:00,46618.0,44848.0,113,54277.76857142856,69217.595,169.71428571428572,12157.701047460285,42810.0,53560.35,74041.31,53560.35,190.0,0.08895117963092725,-0.1296173381988729,1,90,13,-0.9749279121818236,-0.2225209339563146,0.9997685019798909,0.021516097436222254,16254.0,0.362424188369604,68.07692307692308,4.346153846153846,250,Black Friday,0
2024-03-31 00:00:00+02:00,58244.2,56394.2,113,54247.96142857143,67556.72866666666,158.42857142857142,12146.009102022645,46618.0,58452.85,108070.19,58452.85,192.0,0.24939293834999354,-0.0035695436578370154,1,91,13,-0.7818314824680299,0.6234898018587334,0.9999907397361901,0.004303538296244289,13955.8,0.24746871132137702,65.38461538461539,4.346153846153846,249,Black Friday,0
2024-04-01 00:00:00+02:00,60829.8,58439.8,156,55111.061428571425,66767.336,152.42857142857142,12402.738143064089,58244.2,54788.1,84511.58,54788.1,198.0,0.044392403020386606,0.11027394634966359,2,92,14,0.0,1.0,0.9999166586547379,-0.01291029607500882,15768.2,0.26981954079240517,66.38888888888889,4.333333333333333,248,Black Friday,0
2024-04-02 00:00:00+02:00,27115.35,25885.35,93,47688.6,64062.99733333334,124.57142857142857,11157.377463701014,60829.8,79072.58,108245.51000000001,79072.58,288.0,-0.554242328595524,-0.6570827712969527,2,93,14,0.7818314824680298,0.6234898018587336,0.9995462806873573,-0.030120304846908114,6353.65,0.24545350941748903,58.57142857142857,4.428571428571429,247,Black Friday,0
2024-04-03 00:00:00+02:00,66050.9,64520.9,156,50439.03571428572,63612.876000000004,131.28571428571428,13104.380823498104,27115.35,46797.85,79554.54,46797.85,109.0,1.4359228260007706,0.4114088574581951,2,94,14,0.9749279121818236,-0.22252093395631434,0.9988797155850336,-0.04732138832243185,7726.1,0.11974569480586911,51.0,5.2,246,Black Friday,0
2024-04-04 00:00:00+02:00,40390.8,38750.8,130,48865.57857142858,61502.43766666667,124.85714285714286,13620.158851920587,66050.9,51405.0,103703.95,51405.0,175.0,-0.3884897859075348,-0.21426320396848553,2,95,14,0.43388373911755823,-0.900968867902419,0.9979171608653922,-0.06450844944931623,15825.2,0.4083838269145411,60.74074074074074,4.814814814814815,245,Black Friday,0
2024-04-05 00:00:00+02:00,52980.0,51900.0,138,50318.43571428572,59836.16133333334,128.42857142857142,13407.306699604691,40390.8,42810.0,102968.29,42810.0,113.0,0.31168483912178013,0.23756131744919418,2,96,14,-0.433883739117558,-0.9009688679024191,0.9966589017541702,-0.08167639533042241,24288.0,0.46797687861271675,46.95652173913044,6.0,244,Black Friday,0
2024-04-06 00:00:00+02:00,47692.0,45772.0,147,50471.86428571429,59048.50600000001,133.28571428571428,13363.977672731455,52980.0,46618.0,71321.66,46618.0,113.0,-0.09981124952812381,0.023038311381869736,2,97,14,-0.9749279121818236,-0.2225209339563146,0.9951053111006976,-0.09882013873287143,14777.0,0.3228392903958752,61.935483870967744,4.741935483870968,243,Black Friday,0
2024-04-07 00:00:00+02:00,28206.0,27276.0,74,46180.69285714285,57712.75233333334,127.71428571428571,15154.954304078052,47692.0,58244.2,68278.61,58244.2,113.0,-0.4085800553551958,-0.515728604736609,2,98,14,-0.7818314824680299,0.6234898018587334,0.9932568492674143,-0.11593459959550041,8133.0,0.2981742190937088,46.5,3.7,242,Black Friday,0
2024-04-08 00:00:00+02:00,40741.0,38881.0,106,43310.86428571429,56610.770333333334,120.57142857142857,13756.07953987129,28206.0,60829.8,73800.46,60829.8,156.0,0.4444089909948239,-0.3302460307283601,2,99,15,0.0,1.0,0.9911140639934547,-0.1330147065341959,15387.0,0.3957459941873923,66.42857142857143,3.7857142857142856,241,Black Friday,0
2024-04-09 00:00:00+02:00,75688.05,72688.05,204,50249.82142857143,56634.85833333333,136.42857142857142,16249.72786453824,40741.0,27115.35,74965.41,27115.35,93.0,0.8577857686360177,1.791335903833069,2,100,15,0.7818314824680298,0.6234898018587336,0.9886775902323405,-0.1500553983446526,12127.95,0.16684929641117074,76.92307692307692,5.230769230769231,240,Black Friday,0
2024-04-10 00:00:00+02:00,48020.5,46700.5,160,47674.05,56200.48266666666,137.0,14680.914679014491,75688.05,66050.9,61051.770000000004,66050.9,156.0,-0.3655471372297212,-0.272977355342622,2,101,15,0.9749279121818236,-0.22252093395631434,0.9859481499638304,-0.16705162550211924,22009.5,0.471290457275618,57.391304347826086,6.956521739130435,239,Black Friday,0
2024-04-11 00:00:00+02:00,23583.0,22333.0,73,45272.93571428572,54831.408,128.85714285714286,17224.745018546197,48020.5,40390.8,64655.24,40390.8,130.0,-0.50889724180298,-0.41612941560949523,2,102,15,0.43388373911755823,-0.900968867902419,0.9829265519799822,-0.18399835165768005,12254.0,0.5486947566381588,69.44444444444444,4.055555555555555,238,Black Friday,0
2024-04-12 00:00:00+02:00,8236.0,7696.0,20,38880.93571428572,52334.21766666667,112.0,21627.463886316695,23583.0,52980.0,83151.71,52980.0,138.0,-0.6507653818428529,-0.8445451113627784,2,103,15,-0.433883739117558,-0.9009688679024191,0.9796136916454901,-0.20089055513063506,2508.0,0.32588357588357586,60.0,2.2222222222222223,237,Black Friday,0
2024-04-13 00:00:00+02:00,27008.7,25538.7,86,35926.17857142857,51933.59666666667,103.28571428571429,21635.942948094933,8236.0,47692.0,39027.33,47692.0,147.0,2.2793467702768333,-0.4336848947412564,2,104,15,-0.9749279121818236,-0.2225209339563146,0.9760105506323683,-0.21772323039653177,8641.3,0.3383609972316523,63.91304347826087,3.739130434782609,236,Black Friday,0
2024-04-14 00:00:00+02:00,25791.9,24981.9,90,35581.30714285714,51588.898,105.57142857142857,21798.142330606104,27008.7,28206.0,36132.86,28206.0,74.0,-0.04505214986282191,-0.08558817272920649,2,105,15,-0.7818314824680299,0.6234898018587334,0.9721181966290613,-0.23449138957040985,11717.1,0.4690235730669004,50.625,5.625,235,Black Friday,0
2024-04-15 00:00:00+02:00,36239.58,35039.58,130,34938.247142857144,51420.59166666667,109.0,21686.671267629536,25791.9,40741.0,41288.770000000004,40741.0,106.0,0.4050760122363999,-0.11048869689011065,2,106,16,0.0,1.0,0.9679377830240642,-0.25119006388481935,21668.42,0.6183983940446774,48.0,5.2,234,Black Friday,0
2024-04-16 00:00:00+02:00,52461.15,50411.15,204,31620.11857142857,50063.337999999996,109.0,15227.749424162654,36239.58,75688.05,93178.76,75688.05,204.0,0.44762025387711435,-0.3068767130346204,2,107,16,0.7818314824680298,0.6234898018587336,0.9634705485641488,-0.2678143051621742,21677.85,0.43002093782823836,66.12903225806451,6.580645161290323,233,Black Friday,0
2024-04-17 00:00:00+02:00,28791.9,27331.9,92,28873.17571428572,48955.74533333334,99.28571428571429,13400.948716495184,52461.15,48020.5,62019.68,48020.5,160.0,-0.4511767279215191,-0.40042481856707024,2,108,16,0.9749279121818236,-0.22252093395631434,0.9587178169872964,-0.2843591872810034,8118.1,0.29701923393543805,57.142857142857146,4.380952380952381,232,Black Friday,0
2024-04-18 00:00:00+02:00,37430.45,36380.45,88,30851.38285714286,48447.210333333336,101.42857142857143,13511.479185155695,28791.9,23583.0,52686.5,23583.0,73.0,0.3000340373507826,0.5871793240893863,2,109,16,0.43388373911755823,-0.900968867902419,0.9536809966304457,-0.30081980763566735,8469.55,0.23280498179654183,50.0,4.190476190476191,231,Black Friday,0
2024-04-19 00:00:00+02:00,19793.0,18863.0,68,32502.382857142857,45382.779,108.28571428571429,10701.34026859387,37430.45,8236.0,111725.94,8236.0,20.0,-0.47120592993137933,1.4032297231665858,2,110,16,-0.433883739117558,-0.9009688679024191,0.9483615800121715,-0.3171912885891061,9157.0,0.4854477018501829,54.705882352941174,4.0,230,Black Friday,0
2024-04-20 00:00:00+02:00,36083.0,34343.0,121,33798.71142857143,44645.653333333335,113.28571428571429,10472.098601351072,19793.0,27008.7,58196.77,27008.7,86.0,0.8230182387712828,0.33597692595348905,2,111,16,-0.9749279121818236,-0.2225209339563146,0.9427611433904207,-0.3334687789181868,14672.0,0.4272195207174679,64.61538461538461,4.653846153846154,229,Black Friday,0
2024-04-21 00:00:00+02:00,84100.0,82580.0,166,42128.44,45299.40033333333,124.14285714285714,20969.85555059223,36083.0,25791.9,64487.590000000004,25791.9,90.0,1.330737466396918,2.2607136349008794,2,112,16,-0.7818314824680299,0.6234898018587334,0.9368813462954315,-0.3496474552512284,12332.0,0.1493339791717123,47.5,5.1875,228,Black Friday,0
2024-04-22 00:00:00+02:00,19540.0,18700.0,69,39742.78571428572,44165.388666666666,115.42857142857143,22635.254861291032,84100.0,36239.58,53560.35,36239.58,130.0,-0.7676575505350773,-0.46081052815733514,2,113,17,0.0,1.0,0.9307239310379795,-0.36572252349726897,3513.0,0.18786096256684492,56.0,4.6,227,Black Friday,0
2024-04-23 00:00:00+02:00,20784.0,19864.0,54,35217.478571428575,42909.76033333333,94.0,22834.398423976174,19540.0,52461.15,58452.85,52461.15,204.0,0.06366427840327527,-0.6038211133381559,2,114,17,0.7818314824680298,0.6234898018587336,0.9242907221930934,-0.3816892202666588,11516.0,0.5797422472815142,65.71428571428571,3.857142857142857,226,Black Friday,0
2024-04-24 00:00:00+02:00,20854.0,19714.0,49,34083.49285714286,41778.62366666667,87.85714285714286,23396.860543678973,20784.0,28791.9,54788.1,28791.9,92.0,0.0033679753656659095,-0.27569906814069234,2,115,17,0.9749279121818236,-0.22252093395631434,0.9175836260593937,-0.39754281428255595,4146.0,0.21030739575935883,81.42857142857143,3.5,225,Black Friday,0
2024-04-25 00:00:00+02:00,7467.0,7167.0,19,29803.0,39391.771,78.0,25342.506242806212,20854.0,37430.45,79072.58,37430.45,88.0,-0.6419391963172533,-0.8005100125699798,2,116,17,0.43388373911755823,-0.900968867902419,0.9106046300942163,-0.4132786077829042,1210.0,0.16882935677410352,60.0,3.8,224,Black Friday,0
2024-04-26 00:00:00+02:00,26451.0,25701.0,72,30754.14285714286,38713.54266666667,78.57142857142857,25027.181326367183,7467.0,19793.0,46797.85,19793.0,68.0,2.542386500602652,0.3363815490324862,2,117,17,-0.433883739117558,-0.9009688679024191,0.9033558023246845,-0.4288919379124835,6464.0,0.2515077234348858,57.69230769230769,5.538461538461538,223,Black Friday,0
2024-04-27 00:00:00+02:00,15583.0,14593.0,46,27825.571428571428,37519.476,67.85714285714286,25494.737933262222,26451.0,36083.0,51405.0,36083.0,121.0,-0.41087293486068577,-0.5681345786104259,2,118,17,-0.9749279121818236,-0.2225209339563146,0.895839290734909,-0.4443781781046132,3680.0,0.25217570067840744,76.15384615384616,3.5384615384615383,222,Black Friday,0
2024-04-28 00:00:00+02:00,37507.06,36907.06,209,21169.437142857143,37342.71133333333,74.0,9279.73615129564,15583.0,84100.0,42810.0,84100.0,166.0,1.4069216453827886,-0.5540183115338883,2,119,17,-0.7818314824680299,0.6234898018587334,0.8880573226294932,-0.45973273945210397,58158.939999999995,1.5758215365840573,66.66666666666667,23.22222222222222,221,Black Friday,0
2024-04-29 00:00:00+02:00,52839.0,51939.0,177,25926.437142857143,37550.078,89.42857142857143,15047.612332116436,37507.06,19540.0,46618.0,19540.0,69.0,0.40877477466908907,1.7041453428863869,2,120,18,0.0,1.0,0.8800122039735357,-0.47495107206704995,18092.0,0.34833169679816706,52.94117647058823,10.411764705882353,220,Black Friday,0
2024-04-30 00:00:00+02:00,42455.6,40925.6,128,29022.38,37023.791333333334,100.0,16011.757925312422,52839.0,20784.0,58244.2,20784.0,54.0,-0.19651015348511514,1.0427059276366437,2,121,18,0.7818314824680298,0.6234898018587336,0.8717063187093218,-0.49002866642905923,9950.4,0.24313388197118674,58.84615384615385,4.923076923076923,219,Black Friday,0
2024-05-01 00:00:00+02:00,11522.5,10332.5,28,27689.308571428573,35380.21466666667,97.0,17152.95000530578,42455.6,20854.0,60829.8,20854.0,49.0,-0.7285988185304176,-0.44746811163325984,2,122,18,0.9749279121818236,-0.22252093395631434,0.8631421280499114,-0.5049610547215204,22.5,0.0021775949673360755,91.53846153846153,2.1538461538461537,218,Black Friday,0
2024-05-02 00:00:00+02:00,30770.0,28370.0,80,31018.308571428573,35502.03633333334,105.71428571428571,14653.300947949778,11522.5,7467.0,27115.35,7467.0,19.0,1.6704274246040356,3.1207981786527386,2,123,18,0.43388373911755823,-0.900968867902419,0.854322169749827,-0.5197438121555155,692.0,0.024391963341557982,75.0,2.5,217,Black Friday,0
2024-05-03 00:00:00+02:00,50824.0,48824.0,103,34500.165714285715,34994.473,110.14285714285714,16201.117107890012,30770.0,26451.0,66050.9,26451.0,72.0,0.6517387065323368,0.921439643113682,2,124,18,-0.433883739117558,-0.9009688679024191,0.8452490573530633,-0.5343725582809787,2321.0,0.04753809601835163,66.66666666666667,3.433333333333333,216,Black Friday,0
2024-05-04 00:00:00+02:00,22993.5,21463.5,70,35558.80857142857,34414.562999999995,113.57142857142857,14953.0169618437,50824.0,15583.0,40390.8,15583.0,46.0,-0.54758578624272,0.4755502791503561,2,125,18,-0.9749279121818236,-0.2225209339563146,0.835925479418637,-0.548842958284719,1505.5,0.07014233466116897,63.75,2.9166666666666665,215,Black Friday,0
2024-05-05 00:00:00+02:00,36953.0,35153.0,113,35479.65714285714,33880.329666666665,99.85714285714286,14942.44808722882,22993.5,37507.06,52980.0,37507.06,209.0,0.6071063561441277,-0.01477215222947359,2,126,18,-0.7818314824680299,0.6234898018587334,0.8263541987239096,-0.5631507242749186,1896.0,0.05393565271811794,69.23076923076923,4.346153846153846,214,Black Friday,0
2024-05-06 00:00:00+02:00,13226.5,12656.5,33,29820.72857142857,32731.479666666663,79.28571428571429,14772.45431760476,36953.0,52839.0,47692.0,52839.0,177.0,-0.6420723621898087,-0.7496829992997596,2,127,19,0.0,1.0,0.8165380514459161,-0.5772916165517272,976.5,0.0771540315253032,71.25,4.125,213,Black Friday,0
2024-05-07 00:00:00+02:00,29345.0,27335.0,80,27947.785714285714,32769.44633333333,72.42857142857143,13695.396893534486,13226.5,42455.6,28206.0,42455.6,128.0,1.2186519487392733,-0.30880731870471734,2,128,19,0.7818314824680298,0.6234898018587336,0.8064799463209448,-0.5912614448635781,2800.0,0.10243277848911651,62.8125,2.5,212,Black Friday,0
2024-05-08 00:00:00+02:00,36253.5,34663.5,99,31480.785714285714,32619.862999999998,82.57142857142857,11812.448464992352,29345.0,11522.5,40741.0,11522.5,28.0,0.23542341114329535,2.1463224126708615,2,129,19,0.9749279121818236,-0.22252093395631434,0.7961828637826158,-0.6050560696488488,2620.5,0.07559825176338224,56.785714285714285,3.5357142857142856,211,Black Friday,0
2024-05-09 00:00:00+02:00,12537.0,11937.0,26,28876.071428571428,30514.827999999998,74.85714285714286,13832.773147579132,36253.5,30770.0,75688.05,30770.0,80.0,-0.6541851131614879,-0.5925576860578485,2,130,19,0.43388373911755823,-0.900968867902419,0.7856498550787145,-0.6186714032625031,755.0,0.06324872245957947,54.54545454545455,2.3636363636363638,210,Black Friday,0
2024-05-10 00:00:00+02:00,10400.0,9830.0,14,23101.214285714286,29260.81133333333,62.142857142857146,11359.903897984117,12537.0,50824.0,48020.5,50824.0,103.0,-0.170455451862487,-0.7953722650716197,2,131,19,-0.433883739117558,-0.9009688679024191,0.7748840413670407,-0.6321034111873487,1680.0,0.17090539165818922,71.25,1.75,209,Black Friday,0
2024-05-11 00:00:00+02:00,30240.0,28290.0,68,24136.428571428572,29482.711333333333,61.857142857142854,11674.284262245816,10400.0,22993.5,23583.0,22993.5,70.0,1.9076923076923076,0.31515428273207635,2,132,19,-0.9749279121818236,-0.2225209339563146,0.7638886127905428,-0.6453481132295501,1137.0,0.04019088016967126,60.0,2.2666666666666666,208,Black Friday,0
2024-05-12 00:00:00+02:00,29880.5,28320.5,113,23126.071428571428,30204.194666666666,61.857142857142854,10640.469763394869,30240.0,36953.0,8236.0,36953.0,113.0,-0.01188822751322749,-0.19139176792141366,2,133,19,-0.7818314824680299,0.6234898018587334,0.7526668275320084,-0.6584015846980488,2295.5,0.08105435991596194,57.77777777777778,4.185185185185185,207,Black Friday,0
2024-05-13 00:00:00+02:00,18267.25,17187.25,47,23846.178571428572,29912.813,63.857142857142854,10010.780287930625,29880.5,13226.5,27008.7,13226.5,33.0,-0.38865648165191347,0.3811098930178052,2,134,20,0.0,1.0,0.741222010848596,-0.6712599575675313,1956.75,0.11384892871169035,60.0,2.611111111111111,206,Black Friday,0
2024-05-14 00:00:00+02:00,18448.0,17368.0,52,22289.464285714286,29668.016333333333,59.857142857142854,9859.294354851241,18267.25,29345.0,25791.9,29345.0,80.0,0.009894757010497024,-0.3713409439427501,2,135,20,0.7818314824680298,0.6234898018587336,0.7295575540864875,-0.6839194216246106,2652.0,0.15269461077844312,60.0,2.888888888888889,205,Black Friday,0
2024-05-15 00:00:00+02:00,14385.0,13305.0,37,19165.39285714286,28939.530333333332,51.0,7983.332817315749,18448.0,36253.5,36239.58,36253.5,99.0,-0.22024067649609713,-0.6032107244817742,2,136,20,0.9749279121818236,-0.22252093395631434,0.717676913675962,-0.6963762255968722,1015.0,0.07628711010898158,67.5,2.3125,204,Black Friday,0
2024-05-16 00:00:00+02:00,42445.5,41185.5,69,23438.035714285714,28605.67533333333,57.142857142857146,11200.007998907919,14385.0,12537.0,52461.15,12537.0,26.0,1.9506777893639207,2.3856185690356546,2,137,20,0.43388373911755823,-0.900968867902419,0.705583610107178,-0.7086266782644596,2036.5,0.04944701411904675,54.78260869565217,3.0,203,Black Friday,0
2024-05-17 00:00:00+02:00,32305.5,31045.5,82,26567.39285714286,28722.79533333333,66.85714285714286,9939.252903950885,42445.5,10400.0,28791.9,10400.0,14.0,-0.23889458246457218,2.106298076923077,2,138,20,-0.433883739117558,-0.9009688679024191,0.6932812268869777,-0.7206671495538609,1768.5,0.05696477750398608,60.0,3.9047619047619047,202,Black Friday,0
2024-05-18 00:00:00+02:00,27863.0,26873.0,84,26227.821428571428,28403.88033333333,69.14285714285714,9832.90295461552,32305.5,30240.0,37430.45,30240.0,68.0,-0.1375152837752086,-0.07860449735449737,2,139,20,-0.9749279121818236,-0.2225209339563146,0.6807734094770161,-0.7324940716135789,1411.0,0.05250623302199233,61.875,5.25,201,Black Friday,0
2024-05-19 00:00:00+02:00,15015.75,13845.75,38,24104.285714285714,28244.638666666662,58.42857142857143,10495.384227948394,27863.0,29880.5,19793.0,29880.5,113.0,-0.461086386964792,-0.49747326851960305,2,140,20,-0.7818314824680299,0.6234898018587334,0.6680638642135335,-0.7441039398713607,1066.25,0.07700919054583537,78.0,2.533333333333333,200,Black Friday,0
2024-05-20 00:00:00+02:00,11750.0,11450.0,30,23173.25,27433.538666666664,56.0,11353.473313080869,15015.75,18267.25,36083.0,18267.25,47.0,-0.21748830394752172,-0.35677236584598115,2,141,21,0.0,1.0,0.6551563572090853,-0.7554933140726803,1110.0,0.09694323144104804,50.0,5.0,199,Black Friday,0
2024-05-21 00:00:00+02:00,25453.78,24343.78,44,24174.075714285715,25478.664666666664,54.857142857142854,11174.893007472954,11750.0,18448.0,84100.0,18448.0,52.0,1.16627914893617,0.3797582393755421,2,142,21,0.7818314824680298,0.6234898018587336,0.6420547132365637,-0.766658819300159,2544.2200000000003,0.10451211767441212,69.375,2.75,198,Black Friday,0
2024-05-22 00:00:00+02:00,20703.0,19983.0,29,25076.647142857142,25517.43133333333,53.714285714285715,10486.414380516171,25453.78,14385.0,19540.0,14385.0,37.0,-0.18664339834790744,0.43920750782064655,2,143,21,0.9749279121818236,-0.22252093395631434,0.6287628145958344,-0.777597146973627,766.0,0.038332582695290995,80.0,3.2222222222222223,197,Black Friday,0
2024-05-23 00:00:00+02:00,21170.0,20690.0,25,22037.29,25530.298,47.42857142857143,7172.985417432992,20703.0,42445.5,20784.0,42445.5,69.0,0.022557117325991305,-0.5012427701405331,2,144,21,0.43388373911755823,-0.900968867902419,0.6152845999633276,-0.7883050558305255,1965.0,0.09497341710971484,60.0,3.125,196,Black Friday,0
2024-05-24 00:00:00+02:00,39704.65,38744.65,60,23094.31142857143,26158.653,44.285714285714285,9197.723735201398,21170.0,32305.5,20854.0,32305.5,82.0,0.8755148795465282,0.2290368513101484,2,145,21,-0.433883739117558,-0.9009688679024191,0.6016240632249226,-0.7987793728863649,2652.35,0.06845719344477237,56.470588235294116,3.5294117647058822,195,Black Friday,0
2024-05-25 00:00:00+02:00,15778.0,15088.0,42,21367.882857142857,26435.68633333333,38.285714285714285,9287.203242431506,39704.65,27863.0,7467.0,27863.0,84.0,-0.6026158145204654,-0.4337293184509924,2,146,21,-0.9749279121818236,-0.2225209339563146,0.5877852522924732,-0.8090169943749473,1406.0,0.09318663838812301,69.0,4.2,194,Black Friday,0
2024-05-26 00:00:00+02:00,22990.0,22030.0,44,22507.06142857143,26320.319666666666,39.142857142857146,8857.298702807415,15778.0,15015.75,26451.0,15015.75,38.0,0.457092153631639,0.5310590546592744,2,147,21,-0.7818314824680299,0.6234898018587334,0.5737722679043246,-0.8190148866680801,760.0,0.03449841125737631,68.57142857142857,3.142857142857143,193,Black Friday,0
2024-05-27 00:00:00+02:00,34736.0,33656.0,94,25790.77571428571,26958.753,48.285714285714285,8456.393570338816,22990.0,11750.0,15583.0,11750.0,30.0,0.5109177903436277,1.9562553191489362,2,148,22,0.0,1.0,0.5595892624101765,-0.8287700871745037,3542.0,0.10524126455906822,56.8421052631579,4.947368421052632,192,Black Friday,0
2024-05-28 00:00:00+02:00,15900.5,15360.5,31,24426.02142857143,26238.534333333333,46.42857142857143,9253.194593124057,34736.0,25453.78,37507.06,25453.78,44.0,-0.5422472362966375,-0.3753187149413564,2,149,22,0.7818314824680298,0.6234898018587336,0.545240438540651,-0.8382797052177743,704.5,0.045864392435142086,60.0,3.4444444444444446,191,Black Friday,0
2024-05-29 00:00:00+02:00,12915.0,11935.0,28,23313.45,24907.734333333334,46.285714285714285,10195.650057377714,15900.5,20703.0,52839.0,20703.0,29.0,-0.1877613911512217,-0.3761773655991886,2,150,22,0.9749279121818236,-0.22252093395631434,0.5307300481619334,-0.8475409228928311,1046.0,0.08764139086719731,75.38461538461539,2.1538461538461537,190,Black Friday,0
2024-05-30 00:00:00+02:00,12425.0,11975.0,38,22064.164285714283,23906.714333333333,48.142857142857146,11005.654928896098,12915.0,21170.0,42455.6,21170.0,25.0,-0.03794037940379402,-0.4130845536136042,2,151,22,0.43388373911755823,-0.900968867902419,0.5160623910158528,-0.8565509959010036,1030.0,0.08601252609603341,64.28571428571429,5.428571428571429,189,Black Friday,0
2024-05-31 00:00:00+02:00,13886.5,12896.5,31,18375.85714285714,23985.514333333336,44.0,8033.355798971197,12425.0,39704.65,11522.5,39704.65,60.0,0.11762575452716306,-0.6502550708796073,2,152,22,-0.433883739117558,-0.9009688679024191,0.5012418134457758,-0.865307254363206,607.5,0.04710580390028302,66.0,2.066666666666667,188,Black Friday,0
2024-06-01 00:00:00+02:00,17641.75,17011.75,44,18642.10714285714,23547.906000000003,44.285714285714285,7963.486050742106,13886.5,15778.0,30770.0,15778.0,42.0,0.2704245130162388,0.1181233362910381,2,153,22,-0.9749279121818236,-0.2225209339563146,0.48627270710869,-0.8738071036110808,795.25,0.04674710126824107,57.27272727272727,4.0,187,Black Friday,0
2024-06-02 00:00:00+02:00,27577.25,26857.25,58,19297.428571428572,22773.014333333336,46.285714285714285,8548.188334761611,17641.75,22990.0,50824.0,22990.0,44.0,0.5631810903113352,0.19953240539364936,2,154,22,-0.7818314824680299,0.6234898018587334,0.4711595076738638,-0.8820480249558537,5683.75,0.21162814510048497,60.0,4.833333333333333,186,Black Friday,0
2024-06-03 00:00:00+02:00,29798.6,28448.6,81,18592.085714285717,22999.851000000002,44.42857142857143,7151.593023394778,27577.25,34736.0,22993.5,34736.0,94.0,0.08055009110770639,-0.14214071856287425,2,155,23,0.0,1.0,0.4559066935084588,-0.8900275764346767,6483.4,0.22789873666893978,64.28571428571429,3.857142857142857,185,Black Friday,0
2024-06-04 00:00:00+02:00,32151.5,30661.5,119,20913.657142857144,22839.801,57.0,8619.328294229024,29798.6,15900.5,36953.0,15900.5,31.0,0.07896008537313848,1.0220433319706927,2,156,23,0.7818314824680298,0.6234898018587336,0.440518784350495,-0.8977433935342337,6732.5,0.21957503709864162,67.72727272727273,5.409090909090909,184,Black Friday,0
2024-06-05 00:00:00+02:00,48342.5,46692.5,112,25974.72857142857,24010.334333333336,69.0,12614.929764762332,32151.5,12915.0,13226.5,12915.0,28.0,0.5035845916986765,2.74312814556717,2,157,23,0.9749279121818236,-0.22252093395631434,0.42500033996955416,-0.9051931898913974,7952.0,0.1703057236172833,63.46153846153846,4.3076923076923075,183,Black Friday,0
2024-06-06 00:00:00+02:00,63305.0,61565.0,174,33243.3,25142.334333333336,88.42857142857143,17296.183702891547,48342.5,12425.0,29345.0,12425.0,38.0,0.3095102652945132,4.094969818913481,2,158,23,0.43388373911755823,-0.900968867902419,0.4093559588156213,-0.9123747579707273,14892.5,0.24189880613985218,62.142857142857146,6.214285714285714,182,Black Friday,0
2024-06-07 00:00:00+02:00,53421.0,51531.0,132,38891.08571428571,25714.584333333336,102.85714285714286,16350.93937583604,63305.0,13886.5,36253.5,13886.5,31.0,-0.15613300687149512,2.8469736794728693,2,159,23,-0.433883739117558,-0.9009688679024191,0.39359027665646673,-0.9192859697186104,11288.0,0.21905260910907998,65.17241379310344,4.551724137931035,181,Black Friday,0
2024-06-08 00:00:00+02:00,39039.75,38049.75,115,41947.94285714285,26598.009333333335,113.0,13461.033358439718,53421.0,17641.75,12537.0,17641.75,44.0,-0.269205930252148,1.2129182195643855,2,160,23,-0.9749279121818236,-0.2225209339563146,0.3777079652039649,-0.9259247771938498,3314.25,0.08710306900833777,58.23529411764706,6.764705882352941,180,Black Friday,0
2024-06-09 00:00:00+02:00,41727.0,40017.0,154,43969.33571428571,27642.24266666667,126.71428571428571,11917.258587398836,39039.75,27577.25,10400.0,27577.25,58.0,0.06883368874032247,0.5130950330435413,2,161,23,-0.7818314824680299,0.6234898018587334,0.36171373072976765,-0.9322892131745133,10578.0,0.2643376564959892,58.96551724137931,5.310344827586207,179,Black Friday,0
2024-06-10 00:00:00+02:00,51746.0,49436.0,172,47104.67857142857,28359.109333333334,139.71428571428572,10351.976029880305,41727.0,29798.6,30240.0,29798.6,81.0,0.24010832314808161,0.7365245347096845,2,162,24,0.0,1.0,0.3456123126707335,-0.9383773917408641,12364.0,0.25010114086900237,62.5,4.777777777777778,178,Black Friday,0
2024-06-11 00:00:00+02:00,44333.0,42593.0,107,48844.892857142855,28840.859333333334,138.0,8224.624396004898,51746.0,32151.5,29880.5,32151.5,119.0,-0.14325744985119626,0.37887812388224495,2,163,24,0.7818314824680298,0.6234898018587336,0.3294084822245304,-0.9441875088341993,5580.0,0.13100744253750615,62.30769230769231,4.115384615384615,177,Black Friday,0
2024-06-12 00:00:00+02:00,37571.0,35591.0,86,47306.107142857145,29484.317666666666,134.28571428571428,9274.875650398726,44333.0,48342.5,18267.25,48342.5,112.0,-0.15252746261250083,-0.22281636241402492,2,164,24,0.9749279121818236,-0.22252093395631434,0.3131070409358269,-0.9497178427914316,7052.0,0.1981399792082268,76.15384615384616,3.3076923076923075,176,Black Friday,0
2024-06-13 00:00:00+02:00,33383.0,31943.0,71,43031.53571428572,29982.151,119.57142857142857,7372.522448859101,37571.0,63305.0,18448.0,63305.0,174.0,-0.11146895211732455,-0.4726640865650422,2,165,24,0.43388373911755823,-0.900968867902419,0.29671281927349075,-0.9549667548552551,6268.0,0.19622452493504053,68.57142857142857,3.380952380952381,175,Black Friday,0
2024-06-14 00:00:00+02:00,100941.0,99261.0,161,49820.107142857145,32867.351,123.71428571428571,23270.498830716086,33383.0,53421.0,14385.0,53421.0,132.0,2.023724650271096,0.889537822204751,2,166,24,-0.433883739117558,-0.9009688679024191,0.28023067519921585,-0.9599326896597447,10686.0,0.10765557469701091,60.0,5.75,174,Black Friday,0
2024-06-15 00:00:00+02:00,62716.0,60766.0,115,53202.42857142857,33543.03433333334,123.71428571428571,23162.843664348482,100941.0,39039.75,42445.5,39039.75,115.0,-0.378686559475337,0.6064652053355875,2,167,24,-0.9749279121818236,-0.2225209339563146,0.26366549272800704,-0.9646141756912435,9568.0,0.15745647236941712,65.0,3.8333333333333335,173,Black Friday,0
2024-06-16 00:00:00+02:00,98054.25,95294.25,218,61249.17857142857,35734.65933333334,132.85714285714286,27826.405580968363,62716.0,41727.0,32305.5,41727.0,154.0,0.5634646661139102,1.349899345747358,2,168,24,-0.7818314824680299,0.6234898018587334,0.24702218048093552,-0.9690098257244062,14262.75,0.14967062545746465,62.857142857142854,5.190476190476191,172,Black Friday,0
2024-06-17 00:00:00+02:00,67851.0,65001.0,158,63549.892857142855,37067.59266666667,130.85714285714286,27574.365284270036,98054.25,51746.0,27863.0,51746.0,172.0,-0.3080259142260534,0.3112317860317706,2,169,25,0.0,1.0,0.23030567023061221,-0.9731183372332619,13078.0,0.2011969046630052,67.85714285714286,3.761904761904762,171,Black Friday,0
2024-06-18 00:00:00+02:00,70286.0,67586.0,160,67257.46428571429,38909.93433333333,138.42857142857142,26273.99630830695,67851.0,44333.0,15015.75,44333.0,107.0,0.03588745928578807,0.5854104166196739,2,170,25,0.7818314824680298,0.6234898018587336,0.21352091543979612,-0.9769384927771817,12560.0,0.18583730358358239,73.33333333333333,4.444444444444445,170,Black Friday,0
2024-06-19 00:00:00+02:00,73488.5,70988.5,167,72388.53571428571,40967.884333333335,150.0,22785.893583178306,70286.0,37571.0,11750.0,37571.0,86.0,0.04556383917138551,0.9559899922812807,2,171,25,0.9749279121818236,-0.22252093395631434,0.19667288979357647,-0.980469160361632,8352.0,0.11765285926593744,65.94594594594595,4.513513513513513,169,Black Friday,0
2024-06-20 00:00:00+02:00,90524.94,86804.94,209,80551.67,43136.922999999995,169.71428571428572,15578.947829222278,73488.5,33383.0,25453.78,33383.0,71.0,0.23182457119141087,1.711707755444388,2,172,25,0.43388373911755823,-0.900968867902419,0.1797665857255624,-0.9837092937736097,10495.5,0.12090901739002412,75.91836734693878,4.26530612244898,168,Black Friday,0
2024-06-21 00:00:00+02:00,89210.0,85890.0,188,78875.81285714285,45420.48966666667,173.57142857142858,13514.215436537692,90524.94,100941.0,20703.0,100941.0,161.0,-0.014525720757174843,-0.11621640364173136,2,173,25,-0.433883739117558,-0.9009688679024191,0.16280701293851715,-0.986657932891657,9376.0,0.10916288275701479,65.09803921568627,3.6862745098039214,167,Black Friday,0
2024-06-22 00:00:00+02:00,109300.4,105660.4,225,85530.72714285714,48358.16966666667,189.28571428571428,15547.26597280539,89210.0,62716.0,21170.0,62716.0,115.0,0.22520345252774354,0.7427833407742839,2,174,25,-0.9749279121818236,-0.2225209339563146,0.1457991969198751,-0.9893142039703663,5385.6,0.05097084622053296,77.44680851063829,4.787234042553192,166,Black Friday,0
2024-06-23 00:00:00+02:00,66721.0,64831.0,145,81054.54857142856,49258.71466666667,178.85714285714286,15848.337786589596,109300.4,98054.25,39704.65,98054.25,218.0,-0.3895630757069507,-0.31955014698495987,2,175,25,-0.7818314824680299,0.6234898018587334,0.12874817745258132,-0.99167731989929,4922.0,0.07592047014545511,65.17241379310344,5.0,165,Black Friday,0
2024-06-24 00:00:00+02:00,56829.0,54609.0,149,79479.97714285714,50627.08133333333,177.57142857142858,17805.46473235076,66721.0,67851.0,15778.0,67851.0,158.0,-0.14825916877744638,-0.16244417915727105,2,176,26,0.0,1.0,0.11165900712169512,-0.993746580436178,6872.0,0.1258400629932795,63.42857142857143,4.257142857142857,164,Black Friday,0
2024-06-25 00:00:00+02:00,48508.0,46828.0,104,76368.83428571429,51477.681333333334,169.57142857142858,21249.26323939002,56829.0,70286.0,22990.0,70286.0,160.0,-0.14642172130426367,-0.309848333949862,2,177,26,0.7818314824680298,0.6234898018587336,0.09453674981719912,-0.9955213724144752,7314.0,0.15618860510805502,60.0,3.7142857142857144,163,Black Friday,0
2024-06-26 00:00:00+02:00,61093.0,58833.0,112,74598.04857142856,52356.248,161.71428571428572,22031.387240734024,48508.0,73488.5,34736.0,73488.5,167.0,0.25944174156840116,-0.16867264946216076,2,178,26,0.9749279121818236,-0.22252093395631434,0.07738647923346301,-0.9970011699250151,7096.0,0.12061258137439872,70.625,3.5,162,Black Friday,0
2024-06-27 00:00:00+02:00,54384.0,53334.0,176,69435.05714285714,53639.03133333333,157.0,21911.33142210947,61093.0,90524.94,15900.5,90524.94,209.0,-0.10981618188663189,-0.3992373814332272,2,179,26,0.43388373911755823,-0.900968867902419,0.06021327736579302,-0.9981855344718586,7864.0,0.14744815689803878,52.5,8.8,161,Black Friday,0
2024-06-28 00:00:00+02:00,100384.25,97054.25,195,71031.37857142858,56554.672999999995,158.0,23908.175543522317,54384.0,89210.0,12915.0,89210.0,188.0,0.8458416078258311,0.12525781863019847,2,180,26,-0.433883739117558,-0.9009688679024191,0.04302223300453059,-0.99907411510223,9102.75,0.0937903286048782,72.3913043478261,4.239130434782608,160,Black Friday,0
2024-06-29 00:00:00+02:00,80549.75,77969.75,186,66924.14285714286,58825.498,152.42857142857142,17970.34985739071,100384.25,109300.4,12425.0,109300.4,225.0,-0.1975857766532101,-0.2630424957273715,2,181,26,-0.9749279121818236,-0.2225209339563146,0.02581844022713308,-0.9996666485105112,10049.25,0.12888652329909997,69.72972972972973,5.027027027027027,159,Black Friday,0
2024-06-30 00:00:00+02:00,47408.0,45338.0,94,64165.142857142855,59942.88133333333,145.14285714285714,19430.02334010494,80549.75,66721.0,13886.5,66721.0,145.0,-0.4114444799642457,-0.28945909084096466,2,182,26,-0.7818314824680299,0.6234898018587334,0.008606996888688698,-0.9999629591162655,4698.0,0.10362168600291147,71.37931034482759,3.2413793103448274,158,Black Friday,0
2024-07-01 00:00:00+02:00,53845.0,52135.0,108,63738.857142857145,61149.65633333333,139.28571428571428,19649.29668793151,47408.0,56829.0,17641.75,56829.0,149.0,0.135778771515356,-0.05250840240018295,3,183,27,0.0,1.0,-0.008606996888688009,-0.9999629591162655,3874.0,0.07430708736932963,65.76923076923077,4.153846153846154,157,Black Friday,0
2024-07-02 00:00:00+02:00,55209.0,53689.0,88,64696.142857142855,62070.71466666667,137.0,18933.80505859883,53845.0,48508.0,27577.25,48508.0,104.0,0.025331971399387143,0.1381421621175889,3,184,27,0.7818314824680298,0.6234898018587336,-0.02581844022713239,-0.9996666485105112,3340.0,0.06221013615451955,66.08695652173913,3.8260869565217392,156,Black Friday,0
2024-07-03 00:00:00+02:00,25735.25,24985.25,51,59645.03571428572,61935.26966666667,128.28571428571428,24073.867554461656,55209.0,61093.0,29798.6,61093.0,112.0,-0.5338577043597964,-0.5787528849459022,3,185,27,0.9749279121818236,-0.22252093395631434,-0.04302223300453034,-0.99907411510223,4952.75,0.19822695390280265,57.69230769230769,3.923076923076923,155,Black Friday,0
2024-07-04 00:00:00+02:00,20382.0,19722.0,82,54787.607142857145,61542.953,114.85714285714286,28360.92318845053,25735.25,54384.0,32151.5,54384.0,176.0,-0.2080123565926113,-0.6252206531332745,3,186,27,0.43388373911755823,-0.900968867902419,-0.060213277365792774,-0.9981855344718586,1900.0,0.09633911368015415,57.0,8.2,154,Black Friday,0
2024-07-05 00:00:00+02:00,47872.0,46022.0,90,47285.857142857145,61527.26966666667,99.85714285714286,20003.707137603913,20382.0,100384.25,48342.5,100384.25,195.0,1.3487390835050537,-0.5231124404475802,3,187,27,-0.433883739117558,-0.9009688679024191,-0.07738647923346322,-0.9970011699250151,2000.0,0.04345747685889357,77.08333333333333,3.75,153,Black Friday,0
2024-07-06 00:00:00+02:00,35353.0,34193.0,88,40829.17857142857,60595.53633333334,85.85714285714286,13814.095578063881,47872.0,80549.75,63305.0,80549.75,186.0,-0.2615098596256684,-0.561103541600067,3,188,27,-0.9749279121818236,-0.2225209339563146,-0.09453674981719933,-0.9955213724144752,2100.0,0.06141607931447957,64.44444444444444,4.888888888888889,152,Black Friday,0
2024-07-07 00:00:00+02:00,49245.0,48105.0,75,41091.607142857145,60456.33633333333,83.14285714285714,13976.399735996401,35353.0,47408.0,53421.0,47408.0,94.0,0.39295109325941224,0.03874873439082016,3,189,27,-0.7818314824680299,0.6234898018587334,-0.11165900712169444,-0.9937465804361781,4908.0,0.10202681633925788,57.0,3.75,151,Black Friday,0
2024-07-08 00:00:00+02:00,71820.0,69750.0,95,43659.46428571428,61549.011333333336,81.28571428571429,17830.060588575256,49245.0,53845.0,39039.75,53845.0,108.0,0.4584221748400852,0.3338285820410438,3,190,28,0.0,1.0,-0.12874817745258066,-0.99167731989929,4513.0,0.06470250896057347,69.0,3.1666666666666665,150,Black Friday,0
2024-07-09 00:00:00+02:00,53563.0,52123.0,111,43424.32142857143,61943.54466666667,84.57142857142857,17662.425101701552,71820.0,55209.0,41727.0,55209.0,88.0,-0.25420495683653577,-0.02981397960477461,3,191,28,0.7818314824680298,0.6234898018587336,-0.14579919691987442,-0.9893142039703664,2880.0,0.055253918615582376,75.78947368421052,5.842105263157895,149,Black Friday,0
2024-07-10 00:00:00+02:00,54791.46,53291.46,105,47575.20857142857,62045.060000000005,92.28571428571429,16163.060279678366,53563.0,25735.25,51746.0,25735.25,51.0,0.022934861751582325,1.129043238359837,3,192,28,0.9749279121818236,-0.22252093395631434,-0.16280701293851646,-0.9866579328916572,2024.54,0.03798995186095483,75.0,5.25,148,Black Friday,0
2024-07-11 00:00:00+02:00,44634.0,42984.0,92,51039.780000000006,62055.09333333334,93.71428571428571,11199.884186847723,54791.46,20382.0,44333.0,20382.0,82.0,-0.185383999623299,1.189873417721519,3,193,28,0.43388373911755823,-0.900968867902419,-0.17976658572556214,-0.9837092937736098,2647.0,0.06158105341522427,66.25,3.8333333333333335,147,Black Friday,0
2024-07-12 00:00:00+02:00,92967.0,91197.0,161,57481.922857142854,63901.62666666667,103.85714285714286,19191.89477118725,44634.0,47872.0,37571.0,47872.0,90.0,1.0828740422099745,0.9419911430481283,3,194,28,-0.433883739117558,-0.9009688679024191,-0.19667288979357622,-0.9804691603616321,6075.0,0.0666140333563604,55.3125,5.03125,146,Black Friday,0
2024-07-13 00:00:00+02:00,64646.75,62816.75,126,61666.74428571428,64943.75166666667,109.28571428571429,16578.245574127017,92967.0,35353.0,33383.0,35353.0,88.0,-0.3046269106242,0.8286071903374537,3,195,28,-0.9749279121818236,-0.2225209339563146,-0.2135209154397959,-0.9769384927771817,4893.25,0.07789721690472684,70.0,5.25,145,Black Friday,0
2024-07-14 00:00:00+02:00,175715.41,170595.41,285,79733.94571428571,67436.232,139.28571428571428,45123.647543502724,64646.75,49245.0,100941.0,49245.0,75.0,1.7180857506371163,2.5681878363285615,3,196,28,-0.7818314824680299,0.6234898018587334,-0.23030567023061196,-0.973118337233262,7400.59,0.0433809444228306,82.58064516129032,4.596774193548387,144,Black Friday,0
2024-07-15 00:00:00+02:00,106832.0,103522.0,169,84735.66,68906.76533333333,149.85714285714286,46031.53881581805,175715.41,71820.0,62716.0,71820.0,95.0,-0.3920168982333422,0.48749651907546654,3,197,29,0.0,1.0,-0.24702218048093527,-0.9690098257244063,3045.0,0.02941403759587334,89.45945945945945,4.5675675675675675,143,Black Friday,0
2024-07-16 00:00:00+02:00,87524.1,85164.1,158,89587.24571428572,68555.76033333334,156.57142857142858,43940.66240031275,106832.0,53563.0,98054.25,53563.0,111.0,-0.18073142878538262,0.6340402890054704,3,198,29,0.7818314824680298,0.6234898018587336,-0.2636654927280072,-0.9646141756912435,5180.9,0.06083431868592516,73.75,4.9375,142,Black Friday,0
2024-07-17 00:00:00+02:00,87474.4,84324.4,198,94256.23714285715,69209.87366666667,169.85714285714286,41283.19254427666,87524.1,54791.46,67851.0,54791.46,105.0,-0.0005678435996486764,0.5964969723383899,3,199,29,0.9749279121818236,-0.22252093395631434,-0.2802306751992161,-0.9599326896597445,3676.6,0.04360066599940231,83.33333333333333,5.5,141,Black Friday,0
2024-07-18 00:00:00+02:00,80425.0,77635.0,153,99369.23714285715,69547.84033333333,178.57142857142858,35990.15892973827,87474.4,44634.0,70286.0,44634.0,92.0,-0.0805881492185142,0.8018774924945109,3,200,29,0.43388373911755823,-0.900968867902419,-0.2967128192734901,-0.9549667548552553,5164.0,0.06651639080311715,77.6470588235294,4.5,140,Black Friday,0
2024-07-19 00:00:00+02:00,116820.1,113770.1,242,102776.82285714286,70992.227,190.14285714285714,36409.73251286646,80425.0,92967.0,73488.5,92967.0,161.0,0.45253465962076467,0.25657598932954717,3,201,29,-0.433883739117558,-0.9009688679024191,-0.3131070409358267,-0.9497178427914317,8327.9,0.07319937312176046,72.61904761904762,5.761904761904762,139,Black Friday,0
2024-07-20 00:00:00+02:00,67693.0,65453.0,117,103212.00142857143,70231.16233333334,188.85714285714286,35892.567098235566,116820.1,64646.75,90524.94,64646.75,126.0,-0.4205363631772272,0.04712147169037895,3,202,29,-0.9749279121818236,-0.2225209339563146,-0.3294084822245302,-0.9441875088341994,4823.0,0.07368646204146487,72.25806451612904,3.774193548387097,138,Black Friday,0
2024-07-21 00:00:00+02:00,93078.1,89688.1,209,91406.67142857143,70360.099,178.0,16330.18282319718,67693.0,175715.41,89210.0,175715.41,285.0,0.37500332382964263,-0.47029062505104136,3,203,29,-0.7818314824680299,0.6234898018587334,-0.3456123126707333,-0.9383773917408642,8882.9,0.0990421248749834,78.83720930232558,4.8604651162790695,137,Black Friday,0
2024-07-22 00:00:00+02:00,64577.2,61427.2,165,85370.27142857143,68869.32566666667,177.42857142857142,17449.26993274251,93078.1,106832.0,109300.4,106832.0,169.0,-0.3062041446913937,-0.3955256851879587,3,204,30,0.0,1.0,-0.3617137307297674,-0.9322892131745134,7325.8,0.11925987184830174,98.4375,5.15625,136,Black Friday,0
2024-07-23 00:00:00+02:00,55323.85,53233.85,89,80770.23571428572,68489.42066666666,167.57142857142858,20723.93258310128,64577.2,87524.1,66721.0,87524.1,158.0,-0.1432912854691749,-0.36790152655097286,3,205,30,0.7818314824680298,0.6234898018587336,-0.37770796520396466,-0.9259247771938499,1556.15,0.02923233994911133,87.08333333333333,3.7083333333333335,135,Black Friday,0
2024-07-24 00:00:00+02:00,99422.5,96532.5,224,82477.10714285714,69909.204,171.28571428571428,21830.61903211531,55323.85,87474.4,56829.0,87474.4,198.0,0.797100165660922,0.13658967652250276,3,206,30,0.9749279121818236,-0.22252093395631434,-0.39359027665646645,-0.9192859697186105,6238.5,0.06462590319322507,68.97435897435898,5.743589743589744,134,Black Friday,0
2024-07-25 00:00:00+02:00,94685.0,91545.0,165,84514.25,71448.43733333334,173.0,22268.166408182282,99422.5,80425.0,48508.0,80425.0,153.0,-0.04765017978827735,0.17730805097917313,3,207,30,0.43388373911755823,-0.900968867902419,-0.4093559588156211,-0.9123747579707274,4245.0,0.04637063739144683,80.51282051282051,4.230769230769231,133,Black Friday,0
2024-07-26 00:00:00+02:00,89666.0,87046.0,143,80635.09285714287,72400.87066666667,158.85714285714286,17572.540007836717,94685.0,116820.1,61093.0,116820.1,242.0,-0.05300734012779218,-0.23244373185778822,3,208,30,-0.433883739117558,-0.9009688679024191,-0.42500033996955394,-0.9051931898913975,2894.0,0.03324678905406337,68.94736842105263,3.763157894736842,132,Black Friday,0
2024-07-27 00:00:00+02:00,93030.9,90600.9,238,84254.79285714286,73689.10066666667,176.14285714285714,17064.620537494764,89666.0,67693.0,54384.0,67693.0,117.0,0.037527044810742094,0.37430605823349516,3,209,30,-0.9749279121818236,-0.2225209339563146,-0.4405187843504952,-0.8977433935342336,7297.1,0.08054114252728174,62.30769230769231,6.102564102564102,131,Black Friday,0
2024-07-28 00:00:00+02:00,42150.0,40390.0,103,76979.34999999999,71747.959,161.0,22626.11321668318,93030.9,93078.1,100384.25,93078.1,209.0,-0.5469247314601922,-0.5471544863936845,3,210,30,-0.7818314824680299,0.6234898018587334,-0.455906693508459,-0.8900275764346766,3453.0,0.0854914582817529,70.83333333333333,4.291666666666667,130,Black Friday,0
2024-07-29 00:00:00+02:00,53662.7,51902.7,92,75420.1357142857,70851.72399999999,150.57142857142858,23959.96937269733,42150.0,64577.2,80549.75,64577.2,165.0,0.2731364175563462,-0.1690147606275899,3,211,31,0.0,1.0,-0.47115950767386394,-0.8820480249558535,1569.3,0.030235421278661804,76.52173913043478,4.0,129,Black Friday,0
2024-07-30 00:00:00+02:00,89117.0,85357.0,119,80247.72857142857,72242.02399999999,154.85714285714286,22601.934342862023,53662.7,55323.85,47408.0,55323.85,89.0,0.6606879638929835,0.6108242647610389,3,212,31,0.7818314824680298,0.6234898018587336,-0.4862727071086902,-0.8738071036110807,2960.0,0.034677882306079176,82.04545454545455,2.7045454545454546,128,Black Friday,0
2024-07-31 00:00:00+02:00,76778.0,74678.0,131,77012.8,73006.45733333332,141.57142857142858,20961.06880711633,89117.0,99422.5,53845.0,99422.5,224.0,-0.1384584310513146,-0.2277603158238829,3,213,31,0.9749279121818236,-0.22252093395631434,-0.5012418134457756,-0.8653072543632061,3851.0,0.05156806556147728,67.74193548387096,4.225806451612903,127,Black Friday,0
2024-08-01 00:00:00+02:00,73949.0,71669.0,169,74050.51428571428,73631.124,142.14285714285714,19458.728522390516,76778.0,94685.0,55209.0,94685.0,165.0,-0.03684649248482641,-0.21899984157997576,3,214,31,0.43388373911755823,-0.900968867902419,-0.5160623910158526,-0.8565509959010037,2033.0,0.028366518299404207,65.14285714285714,4.828571428571428,126,Black Friday,0
2024-08-02 00:00:00+02:00,69020.5,66000.5,174,71101.15714285713,75073.96566666666,146.57142857142858,18222.785146518898,73949.0,89666.0,25735.25,89666.0,143.0,-0.06664728393893093,-0.23024892378382,3,215,31,-0.433883739117558,-0.9009688679024191,-0.5307300481619331,-0.8475409228928312,4659.0,0.0705903743153461,77.43589743589743,4.461538461538462,125,Black Friday,0
2024-08-03 00:00:00+02:00,82904.0,80354.0,151,69654.45714285714,77158.03233333332,134.14285714285714,16513.44039702781,69020.5,93030.9,20382.0,93030.9,238.0,0.20115038285726694,-0.10885522982148932,3,216,31,-0.9749279121818236,-0.2225209339563146,-0.5452404385406507,-0.8382797052177745,4476.0,0.055703511959578865,70.83333333333333,4.194444444444445,124,Black Friday,0
2024-08-04 00:00:00+02:00,59295.0,57705.0,122,72103.74285714285,77538.79899999998,136.85714285714286,12549.850387402621,82904.0,42150.0,47872.0,42150.0,103.0,-0.28477516163273187,0.40676156583629886,3,217,31,-0.7818314824680299,0.6234898018587334,-0.5595892624101763,-0.828770087174504,4080.0,0.07070444502209514,58.888888888888886,4.518518518518518,123,Black Friday,0
2024-08-05 00:00:00+02:00,99376.2,97576.2,134,78634.24285714285,79672.90566666666,142.85714285714286,13229.860881588616,59295.0,53662.7,35353.0,53662.7,92.0,0.6759625600809511,0.8518673119317515,3,218,32,0.0,1.0,-0.5737722679043243,-0.8190148866680802,5656.8,0.05797315328942919,62.06896551724138,4.620689655172414,122,Black Friday,0
2024-08-06 00:00:00+02:00,79694.51,77684.51,190,77288.17285714285,80687.88933333333,153.0,12441.382236049534,99376.2,89117.0,49245.0,89117.0,119.0,-0.1980523505628109,-0.10573167857984456,3,219,32,0.7818314824680298,0.6234898018587336,-0.5877852522924734,-0.8090169943749472,4539.49,0.05843494410919243,62.8125,5.9375,121,Black Friday,0
2024-08-07 00:00:00+02:00,59054.7,56594.7,135,74756.27285714286,80262.37933333333,153.57142857142858,14236.417997978144,79694.51,76778.0,71820.0,76778.0,131.0,-0.25898659769662924,-0.2308382609601709,3,220,32,0.9749279121818236,-0.22252093395631434,-0.6016240632249227,-0.7987793728863648,3650.3,0.06449897251862807,76.875,4.21875,120,Black Friday,0
2024-08-08 00:00:00+02:00,77798.8,75758.8,134,75306.24428571427,81070.23933333332,148.57142857142858,14274.345206362148,59054.7,73949.0,53563.0,73949.0,169.0,0.3174023405419044,0.05206020365386954,3,221,32,0.43388373911755823,-0.900968867902419,-0.6152845999633277,-0.7883050558305253,1672.2,0.022072683305437785,61.81818181818182,4.0606060606060606,119,Black Friday,0
2024-08-09 00:00:00+02:00,122075.53,119795.53,189,82885.53428571428,83313.04166666667,150.71428571428572,22242.14330609334,77798.8,69020.5,54791.46,69020.5,174.0,0.569118418278945,0.7686851008033846,3,222,32,-0.433883739117558,-0.9009688679024191,-0.6287628145958345,-0.7775971469736268,2516.4700000000003,0.021006376448269817,63.42857142857143,5.4,118,Black Friday,0
2024-08-10 00:00:00+02:00,93989.6,91599.6,162,84469.19142857143,84958.22833333333,152.28571428571428,22634.861673513235,122075.53,82904.0,44634.0,82904.0,151.0,-0.23007010495879066,0.13371610537489143,3,223,32,-0.9749279121818236,-0.2225209339563146,-0.6420547132365636,-0.7666588193001592,1858.4,0.020288298202175554,64.5945945945946,4.378378378378378,117,Black Friday,0
2024-08-11 00:00:00+02:00,66216.3,64126.3,134,85457.94857142857,84066.53833333333,154.0,21473.26409158789,93989.6,59295.0,92967.0,59295.0,122.0,-0.29549333117706644,0.11672653680748812,3,224,32,-0.7818314824680299,0.6234898018587334,-0.655156357209085,-0.7554933140726804,651.7,0.010162756934362345,67.41935483870968,4.32258064516129,116,Black Friday,0
2024-08-12 00:00:00+02:00,83222.15,81422.15,103,83150.22714285714,84685.71833333332,149.57142857142858,20577.53001683441,66216.3,99376.2,64646.75,99376.2,134.0,0.2568227158569716,-0.1625545150649753,3,225,33,0.0,1.0,-0.6680638642135333,-0.7441039398713608,1087.85,0.013360615016921071,75.0,4.291666666666667,115,Black Friday,0
2024-08-13 00:00:00+02:00,60778.6,59158.6,103,80447.95428571428,80854.49133333332,137.14285714285714,22278.690189838206,83222.15,79694.51,175715.41,79694.51,190.0,-0.26968241027178463,-0.23735524567501576,3,226,33,0.7818314824680298,0.6234898018587336,-0.6807734094770159,-0.7324940716135792,424.4,0.007173935826743702,73.63636363636364,4.681818181818182,114,Black Friday,0
2024-08-14 00:00:00+02:00,44658.2,42768.2,58,78391.31142857144,78782.03133333333,126.14285714285714,25072.119121494547,60778.6,59054.7,106832.0,59054.7,135.0,-0.26523151240732756,-0.24378245931314524,3,227,33,0.9749279121818236,-0.22252093395631434,-0.6932812268869771,-0.7206671495538615,727.8,0.017017316604392985,99.47368421052632,3.0526315789473686,113,Black Friday,0
2024-08-15 00:00:00+02:00,52117.45,50467.45,126,74722.54714285713,77601.80966666667,125.0,26979.661624825025,44658.2,77798.8,87524.1,77798.8,134.0,0.16702979519998573,-0.3300995645177047,3,228,33,0.43388373911755823,-0.900968867902419,-0.7055836101071774,-0.7086266782644601,636.55,0.0126130803121616,55.0,4.2,112,Black Friday,0
2024-08-16 00:00:00+02:00,37397.0,36047.0,52,62625.614285714284,75932.563,105.42857142857143,20387.716238516332,52117.45,122075.53,87474.4,122075.53,189.0,-0.28244762550738756,-0.6936568696445553,3,229,33,-0.433883739117558,-0.9009688679024191,-0.7176769136759615,-0.6963762255968726,406.0,0.011263073209975865,71.05263157894737,2.736842105263158,111,Black Friday,0
2024-08-17 00:00:00+02:00,65205.0,63505.0,181,58513.528571428564,75425.22966666665,108.14285714285714,15267.300180774664,37397.0,93989.6,80425.0,93989.6,162.0,0.7435890579458246,-0.3062530322503767,3,230,33,-0.9749279121818236,-0.2225209339563146,-0.7295575540864876,-0.6839194216246105,231.0,0.0036375088575702702,73.91304347826087,7.869565217391305,110,Black Friday,0
2024-08-18 00:00:00+02:00,70404.0,68844.0,71,59111.77142857143,73878.02633333333,99.14285714285714,15695.477535260976,65205.0,66216.3,116820.1,66216.3,134.0,0.07973314929836661,0.06324273630510913,3,231,33,-0.7818314824680299,0.6234898018587334,-0.7412220108485957,-0.6712599575675315,440.0,0.006391261402591366,70.9090909090909,3.227272727272727,109,Black Friday,0
2024-08-19 00:00:00+02:00,37545.520000000004,35985.520000000004,31,52586.538571428566,72873.11033333333,88.85714285714286,13315.59417439128,70404.0,83222.15,67693.0,83222.15,103.0,-0.4667132549286972,-0.5488518381224228,3,232,34,0.0,1.0,-0.7526668275320083,-0.6584015846980489,189.48,0.0052654512148219606,91.76470588235294,1.8235294117647058,108,Black Friday,0
2024-08-20 00:00:00+02:00,54341.0,52961.0,84,51666.881428571425,71581.87366666667,86.14285714285714,12870.367573969408,37545.520000000004,60778.6,93078.1,60778.6,103.0,0.44733645984927084,-0.1059188595986087,3,233,34,0.7818314824680298,0.6234898018587336,-0.7638886127905429,-0.64534811322955,0.0,0.0,65.71428571428571,4.0,107,Black Friday,0
2024-08-21 00:00:00+02:00,69332.0,66932.0,83,55191.71,71740.367,89.71428571428571,13963.297440696746,54341.0,44658.2,64577.2,44658.2,58.0,0.2758690491525735,0.5525032356879589,3,234,34,0.9749279121818236,-0.22252093395631434,-0.7748840413670406,-0.6321034111873488,0.0,0.0,85.71428571428571,2.9642857142857144,106,Black Friday,0
2024-08-22 00:00:00+02:00,111084.6,107844.6,109,63615.588571428576,73599.05866666668,87.28571428571429,25125.266231443493,69332.0,52117.45,55323.85,52117.45,126.0,0.6022125425488953,1.1314281493050795,3,235,34,0.43388373911755823,-0.900968867902419,-0.7856498550787144,-0.6186714032625032,960.4,0.008905406483032065,83.07692307692308,2.7948717948717947,105,Black Friday,0
2024-08-23 00:00:00+02:00,78539.5,74869.5,112,69493.08857142858,72902.95866666667,95.85714285714286,22661.155167324992,111084.6,37397.0,99422.5,37397.0,52.0,-0.29297580402684087,1.1001550926544912,3,236,34,-0.433883739117558,-0.9009688679024191,-0.7961828637826154,-0.6050560696488494,477.5,0.00637776397598488,101.76470588235294,3.2941176470588234,104,Black Friday,0
2024-08-24 00:00:00+02:00,72647.5,70527.5,114,70556.30285714286,72168.37533333334,86.28571428571429,22600.948935270902,78539.5,65205.0,94685.0,65205.0,181.0,-0.07501957613684829,0.11414001993712142,3,237,34,-0.9749279121818236,-0.2225209339563146,-0.8064799463209447,-0.5912614448635782,438.5,0.006217432916238347,70.35714285714286,4.071428571428571,103,Black Friday,0
2024-08-25 00:00:00+02:00,59138.0,56898.0,85,68946.87428571428,71150.77533333334,88.28571428571429,23011.01177820367,72647.5,70404.0,89666.0,70404.0,71.0,-0.185959599435631,-0.16001931708425654,3,238,34,-0.7818314824680299,0.6234898018587334,-0.8165380514459157,-0.5772916165517278,0.0,0.0,86.15384615384616,3.269230769230769,102,Black Friday,0
2024-08-26 00:00:00+02:00,41460.02,40560.02,72,69506.08857142857,69431.746,94.14285714285714,22152.249854004607,59138.0,37545.520000000004,93030.9,37545.520000000004,31.0,-0.29892759308735506,0.10426010879593606,3,239,35,0.0,1.0,-0.8263541987239095,-0.5631507242749187,554.98,0.013682932109007838,56.25,4.5,101,Black Friday,0
2024-08-27 00:00:00+02:00,40248.0,38508.0,56,67492.80285714286,69368.34599999999,90.14285714285714,24296.829839399285,41460.02,54341.0,42150.0,54341.0,84.0,-0.02923346394912485,-0.25934377357796135,3,240,35,0.7818314824680298,0.6234898018587336,-0.8359254794186365,-0.5488429582847199,0.0,0.0,87.0,2.8,100,Black Friday,0
2024-08-28 00:00:00+02:00,60687.0,58657.0,80,66257.80285714286,69602.48933333333,89.71428571428571,24407.223564853164,40248.0,69332.0,53662.7,69332.0,83.0,0.5078264758497317,-0.12468989788265161,3,241,35,0.9749279121818236,-0.22252093395631434,-0.8452490573530634,-0.5343725582809785,627.0,0.010689261298736723,84.58333333333333,3.3333333333333335,99,Black Friday,0
2024-08-29 00:00:00+02:00,117211.7,115081.7,207,67133.10285714285,70538.97933333334,103.71428571428571,26317.83366906789,60687.0,111084.6,89117.0,111084.6,109.0,0.9314136470743322,0.055157060474629205,3,242,35,0.43388373911755823,-0.900968867902419,-0.8543221697498269,-0.5197438121555157,315.3,0.002739792686413218,68.07692307692308,7.961538461538462,98,Black Friday,0
2024-08-30 00:00:00+02:00,84547.6,82497.6,105,67991.40285714285,70797.966,102.71428571428571,26844.528545324156,117211.7,78539.5,76778.0,78539.5,112.0,-0.27867610485983896,0.076497813202274,3,243,35,-0.433883739117558,-0.9009688679024191,-0.8631421280499115,-0.5049610547215202,646.4,0.007835379453462887,70.6896551724138,3.6206896551724137,97,Black Friday,0
2024-08-31 00:00:00+02:00,48343.0,46873.0,60,64519.33142857142,69944.43266666666,95.0,27700.07765067782,84547.6,72647.5,73949.0,72647.5,114.0,-0.4282155850668736,-0.33455383874186995,3,244,35,-0.9749279121818236,-0.2225209339563146,-0.8717063187093218,-0.4900286664290594,0.0,0.0,77.36842105263158,3.1578947368421053,96,Black Friday,0
2024-09-01 00:00:00+02:00,61967.0,60317.0,62,64923.47428571428,69709.316,91.71428571428571,27629.025072544548,48343.0,59138.0,69020.5,59138.0,85.0,0.2818194981693316,0.04783726199736216,3,245,35,-0.7818314824680299,0.6234898018587334,-0.8800122039735356,-0.4749510720670502,300.0,0.004973722167879702,80.0,3.4444444444444446,95,Black Friday,0
2024-09-02 00:00:00+02:00,81809.0,80229.0,90,70687.6142857143,69672.816,94.28571428571429,26083.80174491622,61967.0,41460.02,82904.0,41460.02,72.0,0.3202026885277647,0.973202135454831,3,246,36,0.0,1.0,-0.888057322629493,-0.4597327394521046,0.0,0.0,79.0,4.5,94,Black Friday,0
2024-09-03 00:00:00+02:00,57985.7,55625.7,106,73221.57142857143,69629.17266666667,101.42857142857143,23352.40964673767,81809.0,40248.0,59295.0,40248.0,56.0,-0.291206346489995,0.44071009739614375,3,247,36,0.7818314824680298,0.6234898018587336,-0.8958392907349089,-0.44437817810461344,195.3,0.003510967052998884,82.14285714285714,3.7857142857142856,93,Black Friday,0
2024-09-04 00:00:00+02:00,129015.9,125605.9,187,82982.84285714287,70617.16266666666,116.71428571428571,30443.731972217007,57985.7,60687.0,99376.2,60687.0,80.0,1.2249606368466708,1.1259231795936526,3,248,36,0.9749279121818236,-0.22252093395631434,-0.9033558023246842,-0.4288919379124841,187.1,0.0014895797092334038,78.5,4.675,92,Black Friday,0
2024-09-05 00:00:00+02:00,87620.0,85790.0,117,78755.45714285714,70881.34566666668,103.85714285714286,26726.135565513185,129015.9,117211.7,79694.51,117211.7,207.0,-0.3208589018872867,-0.2524637045619166,3,249,36,0.43388373911755823,-0.900968867902419,-0.9106046300942162,-0.41327860778290443,338.0,0.0039398531297354005,66.92307692307692,4.5,91,Black Friday,0
2024-09-06 00:00:00+02:00,89293.9,86663.9,136,79433.5,71889.31899999999,108.28571428571429,26956.785162428616,87620.0,84547.6,59054.7,84547.6,105.0,0.019104085825154105,0.05613760769081555,3,250,36,-0.433883739117558,-0.9009688679024191,-0.9175836260593934,-0.3975428142825566,143.1,0.001651206557747805,75.58823529411765,4.0,90,Black Friday,0
2024-09-07 00:00:00+02:00,69676.8,66986.8,148,82481.18571428572,71618.58566666667,120.85714285714286,23887.112581573343,89293.9,48343.0,77798.8,48343.0,60.0,-0.21969137869440125,0.44130070537616617,3,251,36,-0.9749279121818236,-0.2225209339563146,-0.9242907221930934,-0.3816892202666586,209.2,0.0031230033379710627,73.05555555555556,4.111111111111111,89,Black Friday,0
2024-09-08 00:00:00+02:00,73356.55,71166.55,166,84108.26428571428,69994.61966666667,135.71428571428572,22610.691989866045,69676.8,61967.0,122075.53,61967.0,62.0,0.05281169628915228,0.18380024851937327,3,252,36,-0.7818314824680299,0.6234898018587334,-0.9307239310379793,-0.3657225234972692,205.45,0.0028868899785081613,68.70967741935483,5.354838709677419,88,Black Friday,0
2024-09-09 00:00:00+02:00,56692.2,54182.2,99,80520.15000000001,68751.373,137.0,24912.153557835274,73356.55,81809.0,93989.6,81809.0,90.0,-0.22716921665481826,-0.30701756530455093,3,253,37,0.0,1.0,-0.9368813462954315,-0.34964745525122826,492.8,0.009095237919464327,80.96774193548387,3.193548387096774,87,Black Friday,0
2024-09-10 00:00:00+02:00,96085.8,93005.8,119,85963.02142857143,69747.023,138.85714285714286,23276.620769702473,56692.2,57985.7,66216.3,57985.7,106.0,0.6948680770899702,0.6570602752057837,3,254,37,0.7818314824680298,0.6234898018587336,-0.9427611433904206,-0.33346877891818705,252.2,0.002711658842781848,88.0,3.4,86,Black Friday,0
2024-09-11 00:00:00+02:00,53820.0,51810.0,67,75220.75,68766.95133333333,121.71428571428571,16445.136828735496,96085.8,129015.9,83222.15,129015.9,187.0,-0.4398756111725146,-0.582842114809105,3,255,37,0.9749279121818236,-0.22252093395631434,-0.9483615800121716,-0.31719128858910595,0.0,0.0,71.78571428571429,2.392857142857143,85,Black Friday,0
2024-09-12 00:00:00+02:00,85009.0,81369.0,137,74847.75,69574.63133333334,124.57142857142857,16143.882672160975,53820.0,87620.0,60778.6,87620.0,117.0,0.5795057599405427,-0.029799132618123725,3,256,37,0.43388373911755823,-0.900968867902419,-0.9536809966304455,-0.300819807635668,85.0,0.0010446238739569124,95.78947368421052,3.6052631578947367,84,Black Friday,0
2024-09-13 00:00:00+02:00,77415.4,74985.4,127,73150.82142857143,70666.538,123.28571428571429,14952.671428317217,85009.0,89293.9,44658.2,89293.9,136.0,-0.08932701243397767,-0.1330270040842656,3,257,37,-0.433883739117558,-0.9009688679024191,-0.9587178169872964,-0.2843591872810036,72.6,0.0009681884740229431,75.9375,3.96875,83,Black Friday,0
2024-09-14 00:00:00+02:00,118480.85,115390.85,149,80122.82857142856,72878.65133333333,123.42857142857143,22523.967890742795,77415.4,69676.8,52117.45,69676.8,148.0,0.5304558266184767,0.7004347214567834,3,258,37,-0.9749279121818236,-0.2225209339563146,-0.9634705485641486,-0.26781430516217486,902.15,0.00781821088933828,67.17391304347827,3.239130434782609,82,Black Friday,0
2024-09-15 00:00:00+02:00,122732.0,118032.0,168,87176.46428571429,75723.15133333333,123.71428571428571,27280.815309949805,118480.85,73356.55,37397.0,73356.55,166.0,0.035880481951302556,0.6730884972098605,3,259,37,-0.7818314824680299,0.6234898018587334,-0.9679377830240642,-0.25119006388481957,86.0,0.0007286159685509014,81.40350877192982,2.9473684210526314,81,Black Friday,0
2024-09-16 00:00:00+02:00,83806.7,79406.7,121,91049.96428571429,76343.208,126.85714285714286,23953.059061434946,122732.0,56692.2,65205.0,56692.2,99.0,-0.3171568946973895,0.47827567107997226,3,260,38,0.0,1.0,-0.9721181966290612,-0.23449138957041052,256.3,0.0032276873362071467,100.0,2.75,80,Black Friday,0
2024-09-17 00:00:00+02:00,92718.3,90248.3,103,90568.89285714286,77087.018,124.57142857142857,23868.73102716228,83806.7,96085.8,70404.0,96085.8,119.0,0.10633517367943135,-0.035046801920783244,3,261,38,0.7818314824680298,0.6234898018587336,-0.9760105506323682,-0.21772323039653224,487.7,0.005403979908762824,74.84848484848484,3.121212121212121,79,Black Friday,0
2024-09-18 00:00:00+02:00,74328.8,71718.8,85,93498.72142857143,78313.12733333332,127.14285714285714,19457.090167251183,92718.3,53820.0,37545.520000000004,53820.0,67.0,-0.198337329308238,0.3810628019323672,3,262,38,0.9749279121818236,-0.22252093395631434,-0.9796136916454901,-0.20089055513063528,90.2,0.0012576897549875347,79.0909090909091,2.5757575757575757,78,Black Friday,0
2024-09-19 00:00:00+02:00,117414.8,113294.8,159,98128.12142857142,80415.58733333334,130.28571428571428,20901.97032354944,74328.8,85009.0,54341.0,85009.0,137.0,0.5796676389232707,0.3812043430695573,3,263,38,0.43388373911755823,-0.900968867902419,-0.9829265519799822,-0.18399835165767986,1169.2,0.010319979381224911,85.83333333333333,3.3125,77,Black Friday,0
2024-09-20 00:00:00+02:00,85596.0,81966.0,111,99296.77857142857,80957.72066666668,128.0,19747.704939811985,117414.8,77415.4,69332.0,77415.4,127.0,-0.2709947979300735,0.10567148138484073,3,264,38,-0.433883739117558,-0.9009688679024191,-0.9859481499638303,-0.1670516255021195,60.0,0.0007320108337603397,90.75,2.775,76,Black Friday,0
2024-09-21 00:00:00+02:00,79412.4,76722.4,135,93715.57142857143,79901.98066666667,126.0,18925.916555234762,85596.0,118480.85,111084.6,118480.85,149.0,-0.07224169353708121,-0.3297448490621059,3,265,38,-0.9749279121818236,-0.2225209339563146,-0.9886775902323404,-0.15005539834465262,159.6,0.002080226895926092,81.51515151515152,4.090909090909091,75,Black Friday,0
2024-09-22 00:00:00+02:00,61254.3,58854.3,108,84933.04285714286,79325.80733333333,117.42857142857143,17421.21916752252,79412.4,122732.0,78539.5,122732.0,168.0,-0.22865572630974496,-0.5009101130919401,3,266,38,-0.7818314824680299,0.6234898018587334,-0.9911140639934546,-0.13301470653419636,831.7,0.014131507808265496,75.48387096774194,3.4838709677419355,74,Black Friday,0
2024-09-23 00:00:00+02:00,64039.0,61939.0,100,82109.08571428573,79038.85733333332,114.42857142857143,19150.554843000227,61254.3,83806.7,72647.5,83806.7,121.0,0.04546129822722644,-0.23587254956942583,3,267,39,0.0,1.0,-0.9932568492674143,-0.11593459959550066,125.0,0.0020181145966192545,67.74193548387096,3.225806451612903,73,Black Friday,0
2024-09-24 00:00:00+02:00,46353.0,44203.0,59,75485.47142857143,78612.69066666666,108.14285714285714,22580.592253726358,64039.0,92718.3,59138.0,92718.3,103.0,-0.2761754555817548,-0.5000663299478096,3,268,39,0.7818314824680298,0.6234898018587336,-0.9951053111006974,-0.09882013873287211,0.0,0.0,102.38095238095238,2.8095238095238093,72,Black Friday,0
2024-09-25 00:00:00+02:00,86944.5,84844.5,130,77287.71428571429,80128.84,114.57142857142857,22972.932518395657,46353.0,74328.8,41460.02,74328.8,85.0,0.8757038379392919,0.16972828836198084,3,269,39,0.9749279121818236,-0.22252093395631434,-0.99665890175417,-0.08167639533042288,305.5,0.003600704818815598,56.75675675675676,3.5135135135135136,71,Black Friday,0
2024-09-26 00:00:00+02:00,45393.0,43413.0,83,66998.88571428572,80300.34,103.71428571428571,17476.66829808902,86944.5,117414.8,40248.0,117414.8,159.0,-0.47790832082535406,-0.613396266910134,3,270,39,0.43388373911755823,-0.900968867902419,-0.9979171608653922,-0.06450844944931625,0.0,0.0,73.33333333333333,3.074074074074074,70,Black Friday,0
2024-09-27 00:00:00+02:00,85152.0,82812.0,114,66935.45714285715,81115.84,104.14285714285714,17398.55523234209,45393.0,85596.0,60687.0,85596.0,111.0,0.875883946864054,-0.005187158278424198,3,271,39,-0.433883739117558,-0.9009688679024191,-0.9988797155850335,-0.04732138832243232,434.0,0.005240786359464812,78.0,3.8,69,Black Friday,0
2024-09-28 00:00:00+02:00,94131.5,91611.5,147,69038.18571428572,80346.5,105.85714285714286,19871.49850476211,85152.0,79412.4,117211.7,79412.4,135.0,0.10545260240511078,0.18535014682845508,3,272,39,-0.9749279121818236,-0.2225209339563146,-0.9995462806873573,-0.03012030484690836,25.5,0.00027834933387183925,76.36363636363636,4.454545454545454,68,Black Friday,0
2024-09-29 00:00:00+02:00,47391.0,45021.0,103,67057.71428571429,79107.94666666667,105.14285714285714,21407.999361331338,94131.5,61254.3,84547.6,61254.3,108.0,-0.4965447273229472,-0.22632370298901472,3,273,39,-0.7818314824680299,0.6234898018587334,-0.9999166586547379,-0.012910296075008843,687.0,0.01525954554541214,71.81818181818181,3.121212121212121,67,Black Friday,0
2024-09-30 00:00:00+02:00,80778.0,77828.0,142,69449.0,80189.11333333333,111.14285714285714,21942.806309813717,47391.0,64039.0,48343.0,64039.0,100.0,0.7045008545926441,0.2613875919361639,3,274,40,0.0,1.0,-0.9999907397361901,0.004303538296243821,9296.0,0.11944287402991212,70.23809523809524,3.380952380952381,66,Black Friday,0
2024-10-01 00:00:00+02:00,44414.75,43004.75,63,69172.10714285714,79604.03833333333,111.71428571428571,22292.27168767294,80778.0,46353.0,61967.0,46353.0,59.0,-0.4501627918492659,-0.04181498500636416,4,275,40,0.7818314824680298,0.6234898018587336,-0.9997685019798909,0.021516097436222233,3167.25,0.07364884111638831,64.0909090909091,2.8636363636363638,65,Black Friday,0
2024-10-02 00:00:00+02:00,49352.88,47882.88,94,63801.875714285714,78522.16766666666,106.57142857142857,21820.25198250005,44414.75,86944.5,81809.0,86944.5,130.0,0.11118220861312955,-0.43236340424063635,4,276,40,0.9749279121818236,-0.22252093395631434,-0.9992500112396835,0.03872228089217399,6426.12,0.13420496010265048,58.8,3.76,64,Black Friday,0
2024-10-03 00:00:00+02:00,72883.0,70513.0,126,67729.01857142858,79018.74433333332,112.71428571428571,20381.21412626708,49352.88,45393.0,57985.7,45393.0,83.0,0.4767729867031063,0.6055999823761373,4,277,40,0.43388373911755823,-0.900968867902419,-0.9984354211555643,0.05591699010060302,10660.0,0.15117779700197126,67.5,3.9375,63,Black Friday,0
2024-10-04 00:00:00+02:00,82124.0,79784.0,145,67296.44714285714,77455.681,117.14285714285714,19977.940825434398,72883.0,85152.0,129015.9,85152.0,114.0,0.12679225608166522,-0.035559939872228497,4,278,40,-0.433883739117558,-0.9009688679024191,-0.9973249731081555,0.07309512989807776,14624.0,0.18329489621979345,63.23529411764706,4.264705882352941,62,Black Friday,0
2024-10-05 00:00:00+02:00,39356.0,37886.0,63,59471.375714285714,75846.881,105.14285714285714,18378.588277344148,82124.0,94131.5,87620.0,94131.5,147.0,-0.5207734645170717,-0.5819040384993334,4,279,40,-0.9749279121818236,-0.2225209339563146,-0.9959189961471792,0.0902516100310407,3465.0,0.0914585862851713,81.66666666666667,3.5,61,Black Friday,0
2024-10-06 00:00:00+02:00,83167.6,80287.6,139,64582.31857142857,75642.671,110.28571428571429,19405.147307636777,39356.0,47391.0,89293.9,47391.0,103.0,1.1132127248704138,0.7549239307041422,4,280,40,-0.7818314824680299,0.6234898018587334,-0.994217906893952,0.10738134666416306,16281.4,0.20278847543082615,71.84210526315789,3.6578947368421053,60,Black Friday,0
2024-10-07 00:00:00+02:00,51777.0,49467.0,86,60439.31857142857,75046.011,102.28571428571429,18443.080888536057,83167.6,80778.0,69676.8,80778.0,142.0,-0.37743784839288386,-0.35902102057490903,4,281,41,0.0,1.0,-0.9922222094179324,0.12447926388678869,10735.0,0.2170133624436493,79.65517241379311,2.9655172413793105,59,Black Friday,0
2024-10-08 00:00:00+02:00,69127.0,66167.0,110,63969.64,74905.026,109.0,17186.866211088884,51777.0,44414.75,73356.55,44414.75,63.0,0.33509087046371944,0.5563973679914893,4,282,41,0.7818314824680298,0.6234898018587336,-0.989932495087353,0.141540295217043,8405.0,0.12702706787371348,82.22222222222223,3.0555555555555554,58,Black Friday,0
2024-10-09 00:00:00+02:00,85341.0,82851.0,184,69110.8,75859.986,121.85714285714286,17466.13338855133,69127.0,49352.88,56692.2,49352.88,94.0,0.23455379229534046,0.7291999980548249,4,283,41,0.9749279121818236,-0.22252093395631434,-0.9873494423939864,0.15855938510313475,19587.0,0.23641235470905603,69.16666666666667,5.111111111111111,57,Black Friday,0
2024-10-10 00:00:00+02:00,112125.2,109215.2,269,74716.82857142857,76394.63266666667,142.28571428571428,23966.682128162432,85341.0,72883.0,96085.8,72883.0,126.0,0.3138491463657562,0.5384273424529726,4,284,41,0.43388373911755823,-0.900968867902419,-0.9844738167520923,0.17553149042142777,22687.8,0.20773482079417516,67.67441860465117,6.255813953488372,56,Black Friday,0
2024-10-11 00:00:00+02:00,119044.25,114404.25,232,79991.15000000001,78568.77433333333,154.71428571428572,29330.689131593295,112125.2,82124.0,53820.0,82124.0,145.0,0.06170825113355427,0.44956711801665783,4,285,41,-0.433883739117558,-0.9009688679024191,-0.9813064702716093,0.19245158197082995,25160.75,0.21992845545510767,82.85714285714286,4.142857142857143,55,Black Friday,0
2024-10-12 00:00:00+02:00,106140.0,102260.0,192,89531.72142857143,79273.141,173.14285714285714,24348.59807093372,119044.25,39356.0,85009.0,39356.0,63.0,-0.10839876768512546,1.6969204187417422,4,286,41,-0.9749279121818236,-0.2225209339563146,-0.9778483415056568,0.20931464596304888,19776.0,0.19338939956972423,76.07843137254902,3.764705882352941,54,Black Friday,0
2024-10-13 00:00:00+02:00,132832.5,128732.5,230,96626.70714285714,81120.37766666667,186.14285714285714,28980.479048985464,106140.0,83167.6,77415.4,83167.6,139.0,0.2514838892029394,0.5971664446250702,4,287,41,-0.7818314824680299,0.6234898018587334,-0.9741004551724206,0.22611568550828803,21115.5,0.1640261783154992,73.21428571428571,4.107142857142857,53,Black Friday,0
2024-10-14 00:00:00+02:00,47329.0,45449.0,68,95991.27857142857,78748.64933333333,183.57142857142858,30152.80613781868,132832.5,51777.0,118480.85,51777.0,86.0,-0.6436941260610167,-0.08590686984568441,4,288,42,0.0,1.0,-0.970063921851507,0.2428497220959358,6327.0,0.13921098374001628,81.73913043478261,2.9565217391304346,52,Black Friday,0
2024-10-15 00:00:00+02:00,110720.0,107010.0,150,101933.1357142857,78348.24933333333,189.28571428571428,27997.78686349909,47329.0,69127.0,122732.0,69127.0,110.0,1.3393690971708678,0.6016896436992782,4,289,42,0.7818314824680298,0.6234898018587336,-0.965739937654855,0.25951179706979943,11902.0,0.11122325016353612,80.65217391304348,3.260869565217391,51,Black Friday,0
2024-10-16 00:00:00+02:00,71227.0,68867.0,122,99916.84999999999,77928.926,180.42857142857142,29839.477100799886,110720.0,85341.0,83806.7,85341.0,184.0,-0.3566925578034682,-0.1653835788190905,4,290,42,0.9749279121818236,-0.22252093395631434,-0.9611297838723007,0.27609697309746883,12520.0,0.18179970087269665,76.12903225806451,3.935483870967742,50,Black Friday,0
2024-10-17 00:00:00+02:00,81976.38,79856.38,172,95609.87571428569,77570.862,166.57142857142858,29959.230140055173,71227.0,112125.2,92718.3,112125.2,269.0,0.15091720836199762,-0.2688853174843835,4,291,42,0.43388373911755823,-0.900968867902419,-0.9562348265919058,0.2926003356333479,16219.619999999999,0.20310988301748711,62.35294117647059,5.0588235294117645,49,Black Friday,0
2024-10-18 00:00:00+02:00,92156.28,88766.28,185,91768.73714285714,78165.11133333333,159.85714285714286,28121.195535364182,81976.38,119044.25,74328.8,119044.25,232.0,0.12418089210575034,-0.22586533998912173,4,292,42,-0.433883739117558,-0.9009688679024191,-0.9510565162951536,0.30901699437494723,15244.72,0.17173998955459213,80.71428571428571,4.404761904761905,48,Black Friday,0
2024-10-19 00:00:00+02:00,81470.7,79500.7,147,88244.55142857143,76966.97466666666,153.42857142857142,27560.197774672164,92156.28,106140.0,117414.8,106140.0,192.0,-0.11595064384109255,-0.2324222724703222,4,293,42,-0.9749279121818236,-0.2225209339563146,-0.9455963874271428,0.3253420847119795,8864.3,0.11149964717291797,61.5625,4.59375,47,Black Friday,0
2024-10-20 00:00:00+02:00,57487.0,54847.0,134,77480.90857142858,76030.00799999999,139.71428571428572,21230.233031592314,81470.7,132832.5,85596.0,132832.5,230.0,-0.29438436149437774,-0.5672218771761428,4,294,42,-0.7818314824680299,0.6234898018587334,-0.9398560579418953,0.341570769167856,4850.0,0.08842780826663263,77.6470588235294,3.9411764705882355,46,Black Friday,0
2024-10-21 00:00:00+02:00,93400.76000000001,92050.76000000001,118,84062.58857142857,76496.28666666667,146.85714285714286,17055.845845855274,57487.0,47329.0,79412.4,47329.0,68.0,0.6247283733713711,0.9734361596484187,4,295,43,0.0,1.0,-0.9338372288229252,0.35769823883312546,9771.24,0.10615056301544928,61.36363636363637,5.363636363636363,45,Black Friday,0
2024-10-22 00:00:00+02:00,64493.64,62303.64,86,77458.82285714286,76604.26466666667,137.71428571428572,13616.591460177891,93400.76000000001,110720.0,61254.3,110720.0,150.0,-0.3094955544258955,-0.4175068641618497,4,296,43,0.7818314824680298,0.6234898018587336,-0.9275416835791965,0.3737197147904692,6905.360000000001,0.11083397374535421,81.11111111111111,3.185185185185185,44,Black Friday,0
2024-10-23 00:00:00+02:00,89624.0,86954.0,91,80086.96571428572,77457.098,133.28571428571428,13983.772456027751,64493.64,71227.0,64039.0,71227.0,122.0,0.38965640643015353,0.2582868855911382,4,297,43,0.9749279121818236,-0.22252093395631434,-0.9209712877166346,0.38963044953078774,3339.0,0.038399613588794075,74.11764705882354,2.676470588235294,43,Black Friday,0
2024-10-24 00:00:00+02:00,113191.2,107441.2,97,84546.22571428571,79685.038,122.57142857142857,18825.518123365408,89624.0,81976.38,46353.0,81976.38,172.0,0.26295635097741665,0.3807782192870677,4,298,43,0.43388373911755823,-0.900968867902419,-0.9141279881853337,0.4054257283599973,4917.8,0.045772012970815665,121.73913043478261,2.108695652173913,42,Black Friday,0
2024-10-25 00:00:00+02:00,108833.0,105213.0,123,86928.61428571427,80414.65466666667,113.71428571428571,20891.00622882071,113191.2,92156.28,86944.5,92156.28,185.0,-0.038502993165546395,0.180961297482928,4,299,43,-0.433883739117558,-0.9009688679024191,-0.9070138128026362,0.42110087079608916,5095.0,0.04842557478638571,84.18604651162791,2.86046511627907,41,Black Friday,0
2024-10-26 00:00:00+02:00,97997.62,94887.62,168,89289.60285714285,82168.142,116.71428571428571,21104.182197799575,108833.0,81470.7,45393.0,81470.7,147.0,-0.09955969237271789,0.20285722351716617,4,300,43,-0.9749279121818236,-0.2225209339563146,-0.8996308696522434,0.4366512319560638,8826.380000000001,0.0930193000941535,72.32558139534883,3.9069767441860463,40,Black Friday,0
2024-10-27 00:00:00+02:00,79911.0,76741.0,118,92493.03142857143,81993.44200000001,114.42857142857143,16718.442901003382,97997.62,57487.0,85152.0,57487.0,134.0,-0.18456182915462638,0.3900707986153391,4,301,43,-0.7818314824680299,0.6234898018587334,-0.8919813464595487,0.45207220393230374,4837.0,0.063030192465566,93.23529411764706,3.4705882352941178,39,Black Friday,0
2024-10-28 00:00:00+02:00,79501.7,77671.7,112,90507.45142857144,81505.78199999999,113.57142857142857,17403.97954385464,79911.0,93400.76000000001,94131.5,93400.76000000001,118.0,-0.005121948167336243,-0.14881099468569647,4,302,44,0.0,1.0,-0.8840675099433637,0.46735921715800205,7685.3,0.09894594813812496,61.0,3.7333333333333334,38,Black Friday,0
2024-10-29 00:00:00+02:00,113515.1,110215.1,117,97510.51714285715,83709.91866666666,118.0,14870.126796883267,79501.7,64493.64,47391.0,64493.64,86.0,0.4278323608174417,0.7600975848161153,4,303,44,0.7818314824680298,0.6234898018587336,-0.8758917051442433,0.48250774176121763,7834.9,0.07108735554384109,80.48780487804878,2.8536585365853657,37,Black Friday,0
2024-10-30 00:00:00+02:00,77044.5,74764.5,111,95713.44571428571,83585.46866666667,120.85714285714286,16637.19963787849,113515.1,89624.0,80778.0,89624.0,91.0,-0.3212841287194391,-0.14035860930108002,4,304,44,0.9749279121818236,-0.22252093395631434,-0.867456354729597,0.4975132889071803,16543.5,0.22127480288104648,69.375,3.46875,36,Black Friday,0
2024-10-31 00:00:00+02:00,71272.0,70072.0,157,89724.98857142858,84480.71033333334,129.42857142857142,16840.7220342709,77044.5,113191.2,44414.75,113191.2,97.0,-0.07492423209963073,-0.3703397437256606,4,305,44,0.43388373911755823,-0.900968867902419,-0.858763958275803,0.5123714121284235,21730.0,0.3101096015526887,26.25,3.925,35,Black Friday,0
2024-11-01 00:00:00+02:00,218418.0,218088.0,475,105379.98857142856,90116.21433333334,179.71428571428572,51934.06304570802,71272.0,108833.0,49352.88,108833.0,123.0,2.064569536423841,1.0069096689423245,4,306,44,-0.433883739117558,-0.9009688679024191,-0.8498170915275277,0.5270777086423724,78422.0,0.35958878984630055,3.5483870967741935,5.10752688172043,34,Black Friday,0
2024-11-02 00:00:00+02:00,164580.85,164580.85,344,114891.87857142858,93172.80933333334,204.85714285714286,56272.83491343646,218418.0,97997.62,72883.0,97997.62,168.0,-0.24648678222490816,0.6794372149037906,4,307,44,-0.9749279121818236,-0.2225209339563146,-0.8406184056344783,0.5416278206559811,50298.15,0.3056136239422752,0.0,4.845070422535211,33,Black Friday,0
2024-11-03 00:00:00+02:00,125430.3,125280.3,252,121394.6357142857,94616.35266666667,224.0,54146.694578298935,164580.85,79911.0,82124.0,79911.0,118.0,-0.2378803487769081,0.5696249577655141,4,308,44,-0.7818314824680299,0.6234898018587334,-0.8311706263658079,0.5560174366570446,29375.7,0.23447980249089442,2.2388059701492535,3.7611940298507465,32,Black Friday,0
2024-11-04 00:00:00+02:00,100917.0,100917.0,221,124453.96428571429,96668.386,239.57142857142858,51945.462209679616,125430.3,79501.7,39356.0,79501.7,112.0,-0.19543363924027923,0.26936908267370385,4,309,45,0.0,1.0,-0.8214765533024145,0.5702422926917867,35360.0,0.3503869516533389,0.0,3.9464285714285716,31,Black Friday,0
2024-11-05 00:00:00+02:00,125858.5,125858.5,310,126217.30714285713,98091.416,267.14285714285717,51721.26349892612,100917.0,113515.1,83167.6,113515.1,117.0,0.24714864690785499,0.10873795644808482,4,310,45,0.7818314824680298,0.6234898018587336,-0.8115390590073611,0.5842981736283683,33074.5,0.2627911503791957,0.0,4.84375,30,Black Friday,0
2024-11-06 00:00:00+02:00,142648.7,142648.7,289,135589.3357142857,101120.47266666667,292.57142857142856,47059.74192389837,125858.5,77044.5,51777.0,77044.5,111.0,0.1334053719057513,0.8515104906904454,4,311,45,0.9749279121818236,-0.22252093395631434,-0.8013610881746769,0.5981809144059159,51293.3,0.35957775990948393,0.0,6.4222222222222225,29,Black Friday,0
2024-11-07 00:00:00+02:00,149995.11,149995.11,365,146835.4942857143,103816.07633333333,322.2857142857143,37579.22728661473,142648.7,71272.0,69127.0,71272.0,157.0,0.05150001366994572,1.1045447019867547,4,312,45,0.43388373911755823,-0.900968867902419,-0.7909456567567774,0.6118864012687242,48296.89,0.3219897635329579,0.0,4.451219512195122,28,Black Friday,0
2024-11-08 00:00:00+02:00,187773.0,187773.0,446,142457.63714285713,107230.47633333334,318.14285714285717,28550.69981157167,149995.11,218418.0,85341.0,218418.0,475.0,0.2518608106624276,-0.1403043705189133,4,313,45,-0.433883739117558,-0.9009688679024191,-0.780295851070776,0.6254105729852457,63862.0,0.34010214461078003,0.0,4.74468085106383,27,Black Friday,0
2024-11-09 00:00:00+02:00,161682.17,161282.17,359,142043.54,108882.37533333333,320.2857142857143,28195.15484301552,187773.0,164580.85,112125.2,164580.85,344.0,-0.13894878390396903,-0.017612498659473452,4,314,45,-0.9749279121818236,-0.2225209339563146,-0.7694148268839381,0.6387494220515268,44973.83,0.27885184084514736,4.938271604938271,4.432098765432099,26,Black Friday,0
2024-11-10 00:00:00+02:00,104694.7,104694.7,330,139081.31142857144,108404.057,331.42857142857144,31164.384209681888,161682.17,125430.3,119044.25,125430.3,252.0,-0.3524660140323451,-0.1653157171751961,4,315,45,-0.7818314824680299,0.6234898018587334,-0.7583058084785625,0.6518989958787125,40600.3,0.3877970900150629,0.0,4.583333333333333,25,Black Friday,0
2024-11-11 00:00:00+02:00,178681.05,178681.05,458,150190.46142857143,110822.09199999999,365.2857142857143,29083.34343188843,104694.7,100917.0,106140.0,100917.0,221.0,0.7066866804145768,0.7705743333630606,4,316,46,0.0,1.0,-0.7469720876965551,0.6648553979642867,56235.95,0.31472811470494494,0.0,4.872340425531915,24,Black Friday,0
2024-11-12 00:00:00+02:00,157512.5,157512.5,344,154712.46142857143,111644.75866666666,370.14285714285717,27060.037278069303,178681.05,125858.5,132832.5,125858.5,310.0,-0.11847115292864008,0.2515046659542264,4,317,46,0.7818314824680298,0.6234898018587336,-0.7354170229639858,0.6776147890466887,38772.5,0.24615506705816997,0.0,5.548387096774194,23,Black Friday,0
2024-11-13 00:00:00+02:00,84290.5,84290.5,143,146375.57571428572,112876.80866666666,349.2857142857143,38124.065830507665,157512.5,142648.7,47329.0,142648.7,289.0,-0.46486469327831126,-0.4091043241193225,4,318,46,0.9749279121818236,-0.22252093395631434,-0.7236440382959123,0.690173388242972,14811.5,0.17571968371287394,0.0,3.4047619047619047,22,Black Friday,0
2024-11-14 00:00:00+02:00,134252.9,134252.9,248,144126.68857142856,113661.23866666666,332.57142857142856,38338.67098429559,84290.5,149995.11,110720.0,149995.11,365.0,0.5927405816788369,-0.10495148808517818,4,319,46,0.43388373911755823,-0.900968867902419,-0.7116566222817751,0.7025274741691566,41660.3,0.31031210498991085,0.0,4.275862068965517,21,Black Friday,0
2024-11-15 00:00:00+02:00,75613.54,75613.54,154,128103.90857142858,113807.45666666665,290.85714285714283,40437.33182428588,134252.9,187773.0,71227.0,187773.0,446.0,-0.4367828180992739,-0.5973140973409383,4,320,46,-0.433883739117558,-0.9009688679024191,-0.6994583270516471,0.7146733860429608,24978.06,0.3303384552555006,0.0,4.052631578947368,20,Black Friday,0
2024-11-16 00:00:00+02:00,135295.7,135295.7,208,124334.41285714284,115584.76733333334,269.2857142857143,37938.163213776534,75613.54,161682.17,81976.38,161682.17,359.0,0.7893051958683592,-0.16319962801093035,4,321,46,-0.9749279121818236,-0.2225209339563146,-0.6870527672236675,0.726607524768565,29446.8,0.21764771533759017,0.0,3.7818181818181817,19,Black Friday,0
2024-11-17 00:00:00+02:00,139834.22,139834.22,275,129354.3442857143,117174.03200000002,261.42857142857144,37224.438853466294,135295.7,104694.7,92156.28,104694.7,330.0,0.03354519027581793,0.3356380026878152,4,322,46,-0.7818314824680299,0.6234898018587334,-0.6744436188329457,0.7383263540031063,30904.78,0.22101013614550144,0.0,4.166666666666667,18,Black Friday,0
2024-11-18 00:00:00+02:00,112243.7,112243.7,350,119863.29428571429,118199.79866666667,246.0,30394.74496318872,139834.22,178681.05,81470.7,178681.05,458.0,-0.1973087846451319,-0.3718209065818675,4,323,47,0.0,1.0,-0.661634618242279,0.749826401204568,30428.5,0.2710931660306993,0.0,6.140350877192983,17,Black Friday,0
2024-11-19 00:00:00+02:00,111804.0,111804.0,217,113333.50857142858,120010.36533333334,227.85714285714286,25469.151115972425,112243.7,157512.5,57487.0,157512.5,344.0,-0.003917369081739119,-0.2901896674867074,4,324,47,0.7818314824680298,0.6234898018587336,-0.6486295610349818,0.7611042586607742,25621.0,0.22915995849880147,0.0,3.9454545454545453,16,Black Friday,0
2024-11-20 00:00:00+02:00,108830.29000000001,108830.29000000001,201,116839.19285714287,120524.68299999999,236.14285714285714,22296.56111695886,111804.0,84290.5,93400.76000000001,84290.5,143.0,-0.026597527816536015,0.2911335203848595,4,325,47,0.9749279121818236,-0.22252093395631434,-0.6354323008901775,0.7721565844991641,18198.81,0.16722191955934326,0.0,6.090909090909091,15,Black Friday,0
2024-11-21 00:00:00+02:00,61586.2,61586.2,147,106458.23571428572,120427.76833333334,221.71428571428572,28804.29930483506,108830.29000000001,134252.9,64493.64,134252.9,248.0,-0.4341079124203382,-0.541267264990179,4,326,47,0.43388373911755823,-0.900968867902419,-0.622046748440868,0.7829801036770625,12405.8,0.2014379844835369,0.0,4.741935483870968,14,Black Friday,0
2024-11-22 00:00:00+02:00,120765.6,120765.6,221,112908.53,121465.82166666668,231.28571428571428,25626.117195633808,61586.2,75613.54,89624.0,75613.54,154.0,0.9609198164523873,0.5971425223577684,4,327,47,-0.433883739117558,-0.9009688679024191,-0.6084768701151264,0.7935716089521472,31762.4,0.26300867134349515,0.0,5.1395348837209305,13,Black Friday,0
2024-11-23 00:00:00+02:00,79366.2,79366.2,147,104918.60142857143,120338.32166666667,222.57142857142858,26195.47386582411,120765.6,135295.7,113191.2,135295.7,208.0,-0.3428078856893023,-0.4133871216897508,4,328,47,-0.9749279121818236,-0.2225209339563146,-0.594726686960764,0.8039279618328208,17405.0,0.2192999034853628,0.0,3.5,12,Black Friday,0
2024-11-24 00:00:00+02:00,121462.5,121462.5,178,102294.06999999999,120759.305,208.71428571428572,22816.66097946031,79366.2,139834.22,108833.0,139834.22,275.0,0.5304058906688238,-0.13138214665909387,4,329,47,-0.7818314824680299,0.6234898018587334,-0.5808002734538014,0.8140460935082175,18227.0,0.15006277657713285,0.0,5.085714285714285,11,Black Friday,0
2024-11-25 00:00:00+02:00,79188.85,79188.85,160,97571.94857142857,120132.34599999999,181.57142857142858,23813.04666255472,121462.5,112243.7,97997.62,112243.7,350.0,-0.348038695070495,-0.2944918066671002,4,330,48,0.0,1.0,-0.5667017562911184,0.8239230057575536,13241.75,0.16721735446341246,0.0,3.8095238095238093,10,Black Friday,0
2024-11-26 00:00:00+02:00,105644.0,105644.0,243,96691.94857142857,120990.11266666667,185.28571428571428,23307.913800960578,79188.85,111804.0,79911.0,111804.0,217.0,0.33407670398042133,-0.05509641873278237,4,331,48,0.7818314824680298,0.6234898018587336,-0.5524353131676203,0.8335557718385695,35070.0,0.331963954412934,0.0,4.5,9,Black Friday,0
2024-11-27 00:00:00+02:00,152392.05,152392.05,298,102915.05714285713,123419.791,199.14285714285714,31473.86608757627,105644.0,108830.29000000001,79501.7,108830.29000000001,201.0,0.4425054901366854,0.40027238740244075,4,332,48,0.9749279121818236,-0.22252093395631434,-0.5380051715382992,0.8429415373547832,52051.95,0.3415660462602872,0.0,4.73015873015873,8,Black Friday,0
2024-11-28 00:00:00+02:00,214867.6,214867.6,453,124812.40000000001,126798.20766666667,242.85714285714286,47280.13594349981,152392.05,61586.2,113515.1,61586.2,147.0,0.40996593982428897,2.4888919920371775,4,333,48,0.43388373911755823,-0.900968867902419,-0.5234156073655503,0.8520775211013093,38489.4,0.1791307763478533,0.0,5.089887640449438,7,Black Friday,1
2024-11-29 00:00:00+02:00,463292.48,463142.48,957,173744.8114285714,139673.14033333334,348.0,136139.7500598046,214867.6,120765.6,77044.5,120765.6,221.0,1.15617654779036,2.8362951039037605,4,334,48,-0.433883739117558,-0.9009688679024191,-0.5086709438521042,0.8609610158889945,69754.02,0.15061028303860188,0.646551724137931,4.125,6,Black Friday,1
2024-11-30 00:00:00+02:00,471757.0,471757.0,948,229800.63999999998,153022.64033333334,462.42857142857144,167885.05001052457,463292.48,79366.2,71272.0,79366.2,147.0,0.018270359147638304,4.944054269953709,4,335,48,-0.9749279121818236,-0.2225209339563146,-0.4937755501599774,0.8695893893466109,40942.5,0.08678726547777775,0.0,3.4981549815498156,5,Black Friday,1
2024-12-01 00:00:00+02:00,299386.4,299386.4,604,255218.34,155721.587,523.2857142857143,162118.75750269514,471757.0,121462.5,218418.0,121462.5,178.0,-0.365380057953565,1.464846351754657,4,336,48,-0.7818314824680299,0.6234898018587334,-0.4787338401157883,0.8779600847008883,21974.1,0.07339712157933692,0.0,3.751552795031056,4,Black Friday,1
2024-12-02 00:00:00+02:00,200880.0,200880.0,371,272602.79,156931.55866666668,553.4285714285714,145799.9138871396,299386.4,79188.85,164580.85,79188.85,160.0,-0.32902763786197375,1.5367207630872275,4,337,49,0.0,1.0,-0.4635502709028512,0.8860706215341377,11466.0,0.057078853046594984,0.0,2.9444444444444446,3,Black Friday,1
2024-12-03 00:00:00+02:00,90673.0,90673.0,172,270464.07571428566,155772.982,543.2857142857143,148737.39810854147,200880.0,105644.0,125430.3,105644.0,243.0,-0.548621067303863,-0.14171178675551854,4,338,49,0.7818314824680298,0.6234898018587336,-0.4482293417404106,0.893918596519257,4640.0,0.05117289601094041,0.0,3.2452830188679247,2,Black Friday,1
2024-12-04 00:00:00+02:00,221440.25,221440.25,415,280328.1042857143,159790.42366666667,560.0,141726.3327628147,90673.0,152392.05,100917.0,152392.05,298.0,1.44218510471695,0.45309581438139346,4,339,49,0.9749279121818236,-0.22252093395631434,-0.4327755925504317,0.9015016841318838,10223.75,0.04616933913324249,0.0,3.16793893129771,1,Black Friday,1
2024-12-05 00:00:00+02:00,147620.0,147620.0,263,270721.3042857143,160515.807,532.8571428571429,148995.777047799,221440.25,214867.6,125858.5,214867.6,453.0,-0.33336419192084543,-0.31297226757314744,4,340,49,0.43388373911755823,-0.900968867902419,-0.41719360261231697,0.9088176373395028,10784.0,0.07305243191979406,0.0,2.9886363636363638,0,Black Friday,1
2024-12-06 00:00:00+02:00,149555.0,149555.0,282,225901.66428571427,160746.01700000002,436.42857142857144,126974.05518361709,147620.0,463292.48,142648.7,463292.48,957.0,0.013107979948516535,-0.6771909615282337,4,341,49,-0.433883739117558,-0.9009688679024191,-0.4014879892059737,0.9158642882672868,10116.5,0.0676440105646752,0.0,3.3176470588235296,19,Christmas,0
2024-12-07 00:00:00+02:00,81934.5,81934.5,179,170212.7357142857,158477.33000000002,326.57142857142856,76710.89131047335,149555.0,471757.0,149995.11,471757.0,948.0,-0.4521446959312627,-0.8263205421435188,4,342,49,-0.9749279121818236,-0.2225209339563146,-0.38566340624360745,0.9226395488404875,5037.0,0.06147593504567673,0.0,3.3773584905660377,18,Christmas,0
2024-12-08 00:00:00+02:00,115471.48,115471.48,253,143939.17571428572,156067.27933333334,276.42857142857144,52893.028716058565,81934.5,299386.4,187773.0,299386.4,604.0,0.40931451342230685,-0.6143061942693456,4,343,49,-0.7818314824680299,0.6234898018587334,-0.3697245428906732,0.9291414114031743,3856.62,0.033398896420137686,0.0,4.773584905660377,17,Christmas,0
2024-12-09 00:00:00+02:00,92577.7,92577.7,203,128467.41857142856,153763.797,252.42857142857142,49170.03110660415,115471.48,200880.0,161682.17,200880.0,371.0,-0.19826350194870634,-0.539139287136599,4,344,50,0.0,1.0,-0.3536761221763721,0.935367949313148,8291.9,0.0895669259443689,0.0,4.229166666666667,16,Christmas,0
2024-12-10 00:00:00+02:00,100182.1,100182.1,203,129825.86142857143,153613.37699999998,256.85714285714283,48070.91178094522,92577.7,90673.0,104694.7,90673.0,172.0,0.08214073151525692,0.10487245376242105,4,345,50,0.7818314824680298,0.6234898018587336,-0.33752289959411347,0.941317317512847,11112.0,0.11091801828869628,0.0,3.690909090909091,15,Christmas,0
2024-12-11 00:00:00+02:00,89836.75,89836.75,162,111025.36142857143,150651.90033333332,220.71428571428572,27678.501267495612,100182.1,221440.25,178681.05,221440.25,415.0,-0.1032654536089781,-0.5943070421930972,4,346,50,0.9749279121818236,-0.22252093395631434,-0.32126966169236515,0.946987753076075,2569.75,0.028604663458996458,0.0,2.5714285714285716,14,Christmas,0
2024-12-12 00:00:00+02:00,108782.7,108782.7,222,105477.17571428571,149027.57366666666,214.85714285714286,22535.091152677232,89836.75,147620.0,157512.5,147620.0,263.0,0.21089309219222652,-0.2630896897439372,4,347,50,0.43388373911755823,-0.900968867902419,-0.3049212246562894,0.9523775757303973,10205.3,0.0938136302923167,0.0,4.036363636363636,13,Christmas,0
2024-12-13 00:00:00+02:00,102971.6,102971.6,231,98822.40428571428,149650.27700000003,207.57142857142858,11549.91656599619,108782.7,149555.0,84290.5,149555.0,282.0,-0.05341933965602974,-0.31148005750392826,4,348,50,-0.433883739117558,-0.9009688679024191,-0.2884824328806098,0.9574851883550389,2405.0,0.02335595445734552,0.0,3.9152542372881354,12,Christmas,0
2024-12-14 00:00:00+02:00,51113.0,51113.0,90,94419.33285714286,146878.94700000001,194.85714285714286,21038.378090953272,102971.6,81934.5,134252.9,81934.5,179.0,-0.503620415726278,-0.37617243041697945,4,349,50,-0.9749279121818236,-0.2225209339563146,-0.27195815753410524,0.9623090774541487,3580.0,0.07004088979320329,0.0,2.727272727272727,11,Christmas,0
2024-12-15 00:00:00+02:00,50661.7,50661.7,92,85160.79285714286,146047.21899999998,171.85714285714286,24245.871502870432,51113.0,115471.48,75613.54,115471.48,253.0,-0.008829456302701932,-0.5612622268286507,4,350,50,-0.7818314824680299,0.6234898018587334,-0.2553532951161881,0.9668478136052773,1921.5,0.03792806005325522,0.0,3.4074074074074074,10,Christmas,0
2024-12-16 00:00:00+02:00,46296.0,46296.0,91,78549.12142857142,143080.5623333333,155.85714285714286,27918.440525661463,50661.7,92577.7,135295.7,92577.7,203.0,-0.08617357885740107,-0.4999227675779372,4,351,51,0.0,1.0,-0.23867276600594997,0.9711000518829505,5376.0,0.11612234318299637,0.0,4.136363636363637,9,Christmas,0
2024-12-17 00:00:00+02:00,49848.0,49848.0,107,71358.53571428571,140081.02166666664,142.14285714285714,27900.03846261886,46296.0,100182.1,139834.22,100182.1,203.0,0.07672369103162269,-0.5024260821044877,4,352,51,0.7818314824680298,0.6234898018587336,-0.22192151300416674,0.9750645322571945,4805.0,0.09639303482587065,0.0,3.057142857142857,8,Christmas,0
2024-12-18 00:00:00+02:00,43119.6,43119.6,66,64684.65714285715,137776.88499999998,128.42857142857142,28327.493647448024,49848.0,89836.75,112243.7,89836.75,162.0,-0.13497833413577276,-0.5200227078561948,4,353,51,0.9749279121818236,-0.22252093395631434,-0.20510449986861926,0.9787400799669153,1720.0,0.03988905277414447,0.0,2.75,7,Christmas,1
2024-12-19 00:00:00+02:00,38014.0,38014.0,80,54574.84285714286,135317.21833333332,108.14285714285714,21855.241676530215,43119.6,108782.7,111804.0,108782.7,222.0,-0.11840555107190232,-0.6505510526949598,4,354,51,0.43388373911755823,-0.900968867902419,-0.1882267098432439,0.9821256058680006,4120.0,0.10838112274425211,0.0,3.076923076923077,6,Christmas,1
2024-12-20 00:00:00+02:00,54298.0,54298.0,113,47621.47142857143,133499.47533333334,91.28571428571429,5557.194329491708,38014.0,102971.6,108830.29000000001,102971.6,231.0,0.4283684958173304,-0.4726895571206041,4,355,51,-0.433883739117558,-0.9009688679024191,-0.1712931441814778,0.9852201067560606,6294.0,0.11591587167114811,0.0,4.185185185185185,5,Christmas,1
2024-12-21 00:00:00+02:00,27321.0,27321.0,70,44222.614285714284,132357.302,88.42857142857143,9168.30784286008,54298.0,51113.0,61586.2,51113.0,90.0,-0.49683229584883426,-0.4654784497094673,4,356,51,-0.9749279121818236,-0.2225209339563146,-0.154308820664281,0.9880226656636976,5900.0,0.21595109988653416,0.0,3.6842105263157894,4,Christmas,1
2024-12-22 00:00:00+02:00,48501.0,48501.0,119,43913.94285714285,129948.482,92.28571428571429,8949.143584139487,27321.0,50661.7,120765.6,50661.7,92.0,0.775227846711321,-0.04264957551760007,4,357,51,-0.7818314824680299,0.6234898018587334,-0.13727877211326517,0.9905324521322227,3521.0,0.07259644131048844,0.0,4.958333333333333,3,Christmas,1
2024-12-23 00:00:00+02:00,17680.0,17680.0,38,39825.94285714285,127892.27533333332,84.71428571428571,13204.080044549824,48501.0,46296.0,79366.2,46296.0,91.0,-0.6354714335786891,-0.6181095559011578,4,358,52,0.0,1.0,-0.12020804489935275,0.9927487224577402,1115.0,0.0630656108597285,0.0,1.8095238095238095,2,Christmas,1
2024-12-24 00:00:00+02:00,51758.0,51758.0,73,40098.799999999996,125568.79199999999,79.85714285714286,13462.897038899975,17680.0,49848.0,121462.5,49848.0,107.0,1.9274886877828052,0.03831648210560101,4,359,52,0.7818314824680298,0.6234898018587336,-0.10310169744743544,0.9946708199115211,5784.5,0.11176050079214807,0.0,3.0416666666666665,1,Christmas,1
2024-12-25 00:00:00+02:00,67467.7,67467.7,190,43577.09999999999,125178.087,97.57142857142857,17042.784584784098,51758.0,43119.6,79188.85,43119.6,66.0,0.30352216082537953,0.5646643289826436,4,360,52,0.9749279121818236,-0.22252093395631434,-0.0859647987374467,0.9962981749346077,3747.3,0.055542133494990945,0.0,5.588235294117647,0,Christmas,1
2024-12-26 00:00:00+02:00,73358.6,73358.6,133,48626.32857142857,124101.90699999999,105.14285714285714,20084.26305549699,67467.7,38014.0,105644.0,38014.0,80.0,0.08731437413755039,0.9297785026569161,4,361,52,0.43388373911755823,-0.900968867902419,-0.06880242680232064,0.9976303053065857,3719.0,0.05069616922896565,0.0,3.022727272727273,50,Valentine's Day,0
2024-12-27 00:00:00+02:00,64464.0,64464.0,135,50078.614285714284,121170.97200000001,108.28571428571429,20913.17677848383,73358.6,54298.0,152392.05,54298.0,113.0,-0.12124822447538541,0.187226048841578,4,362,52,-0.433883739117558,-0.9009688679024191,-0.05161966722325418,0.9986668162884759,7015.0,0.10882042690493919,0.0,4.655172413793103,49,Valentine's Day,0
2024-12-28 00:00:00+02:00,44460.1,44460.1,76,52527.057142857135,115490.72200000001,109.14285714285714,18689.83844070204,64464.0,27321.0,214867.6,27321.0,70.0,-0.3103111814345991,0.627323304417847,4,363,52,-0.9749279121818236,-0.2225209339563146,-0.034421611622745804,0.9994074007397048,2275.9,0.051189718421685966,0.0,2.814814814814815,48,Valentine's Day,0
2024-12-29 00:00:00+02:00,49144.5,49144.5,88,52618.98571428571,101685.78933333333,104.71428571428571,18668.30543241981,44460.1,48501.0,463292.48,48501.0,119.0,0.10536188627555942,0.01326776767489335,4,364,52,-0.7818314824680299,0.6234898018587334,-0.01721335615583528,0.9998518392091162,5546.0,0.112850878531677,0.0,2.6666666666666665,47,Valentine's Day,0
2024-12-30 00:00:00+02:00,39579.0,39219.0,78,55747.41428571428,87279.856,110.42857142857143,12726.827397985506,49144.5,17680.0,471757.0,17680.0,38.0,-0.1946402954552391,1.2386312217194568,4,365,1,0.0,1.0,6.432490598706546e-16,1.0,341.0,0.008694765292332799,17.142857142857142,3.7142857142857144,46,Valentine's Day,0
2024-12-31 00:00:00+02:00,32672.6,32252.6,116,53020.92857142857,78389.396,116.57142857142857,15472.170561120396,39579.0,51758.0,299386.4,51758.0,73.0,-0.17449657646731853,-0.3687429962517872,4,366,1,0.7818314824680298,0.6234898018587336,0.017213356155833904,0.9998518392091162,2294.5,0.07114155137880357,32.30769230769231,8.923076923076923,45,Valentine's Day,0
2025-01-01 00:00:00+02:00,18504.0,18054.0,30,46026.11428571429,72310.196,93.71428571428571,18603.51909491273,32672.6,67467.7,200880.0,67467.7,190.0,-0.43365388735515387,-0.7257354259890287,1,1,1,0.9749279121818236,-0.22252093395631434,0.017213356155834685,0.9998518392091162,0.0,0.0,56.25,3.75,44,Valentine's Day,0
2025-01-02 00:00:00+02:00,26199.0,25839.0,52,39289.02857142857,70161.06266666666,82.14285714285714,15301.835153636614,18504.0,73358.6,90673.0,73358.6,133.0,0.41585603112840475,-0.6428639586905966,1,2,1,0.43388373911755823,-0.900968867902419,0.03442161162274574,0.9994074007397048,1095.0,0.04237780099849065,51.42857142857143,7.428571428571429,43,Valentine's Day,0
2025-01-03 00:00:00+02:00,22991.39,22211.39,18,33364.37,63546.100666666665,65.42857142857143,11481.867855260125,26199.0,64464.0,221440.25,64464.0,135.0,-0.12243253559296163,-0.6433452779846116,1,3,1,-0.433883739117558,-0.9009688679024191,0.051619667223253764,0.998666816288476,1517.61,0.06832575538946459,65.0,1.5,42,Valentine's Day,0
2025-01-04 00:00:00+02:00,36075.5,34825.5,65,32166.57,59827.950666666664,63.857142857142854,10529.258160303725,22991.39,44460.1,147620.0,44460.1,76.0,0.5690873844513098,-0.18858707020452048,1,4,1,-0.9749279121818236,-0.2225209339563146,0.06880242680231986,0.9976303053065857,0.0,0.0,69.44444444444444,3.611111111111111,41,Valentine's Day,0
2025-01-05 00:00:00+02:00,23860.0,23230.0,24,28554.49857142857,55638.117333333335,54.714285714285715,7687.774303856572,36075.5,49144.5,149555.0,49144.5,88.0,-0.33860930548433144,-0.5144929747988076,1,5,1,-0.7818314824680299,0.6234898018587334,0.08596479873744647,0.9962981749346078,685.0,0.029487731381833835,63.333333333333336,2.6666666666666665,40,Valentine's Day,0
2025-01-06 00:00:00+02:00,55463.67,54503.67,86,30823.73714285714,54755.75633333334,55.857142857142854,12390.379412051107,23860.0,39579.0,81934.5,39579.0,78.0,1.3245461022632021,0.4013408625786401,1,6,2,0.0,1.0,0.10310169744743485,0.9946708199115211,3342.33,0.06132302650445374,60.0,5.375,39,Valentine's Day,0
2025-01-07 00:00:00+02:00,58095.0,56955.0,96,34455.508571428574,52843.207,53.0,16171.498332151226,55463.67,32672.6,115471.48,32672.6,116.0,0.047442406894459,0.7780954071607402,1,7,2,0.7818314824680298,0.6234898018587336,0.1202080448993527,0.9927487224577402,160.0,0.00280923536125011,54.285714285714285,4.571428571428571,38,Valentine's Day,0
2025-01-08 00:00:00+02:00,60098.46,58058.46,104,40397.57428571429,51760.56566666667,63.57142857142857,16956.107392490863,58095.0,18504.0,92577.7,18504.0,30.0,0.03448592822101726,2.2478631647211413,1,8,2,0.9749279121818236,-0.22252093395631434,0.13727877211326478,0.9905324521322229,2891.04,0.049795326985937964,65.80645161290323,3.3548387096774195,37,Valentine's Day,0
2025-01-09 00:00:00+02:00,31857.6,30777.6,56,41205.94571428571,49483.08233333333,64.14285714285714,16288.108473781822,60098.46,26199.0,100182.1,26199.0,52.0,-0.46990987789038186,0.2159853429520211,1,9,2,0.43388373911755823,-0.900968867902419,0.15430882066428117,0.9880226656636976,0.0,0.0,72.0,3.7333333333333334,36,Valentine's Day,0
2025-01-10 00:00:00+02:00,46145.7,45335.7,69,44513.70428571429,48026.71400000001,71.42857142857143,14188.358673507051,31857.6,22991.39,89836.75,22991.39,18.0,0.4484989453066144,1.007086130938582,1,10,2,-0.433883739117558,-0.9009688679024191,0.1712931441814776,0.9852201067560606,2900.0,0.06396724876863047,47.64705882352941,4.0588235294117645,35,Valentine's Day,0
2025-01-11 00:00:00+02:00,75868.0,74338.0,157,50198.34714285714,46929.55733333333,84.57142857142857,17764.85082199802,46145.7,36075.5,108782.7,36075.5,65.0,0.6440968497606496,1.1030339149838535,1,11,2,-0.9749279121818236,-0.2225209339563146,0.1882267098432442,0.9821256058680006,4030.0,0.05421184320266889,51.111111111111114,5.814814814814815,34,Valentine's Day,0
2025-01-12 00:00:00+02:00,95937.93,94797.93,118,60495.194285714286,46695.10166666667,98.0,20614.578298343797,75868.0,23860.0,102971.6,23860.0,24.0,0.2645374861601728,3.0208688181056154,1,12,2,-0.7818314824680299,0.6234898018587334,0.2051044998686192,0.9787400799669153,4147.07,0.04374641935746909,51.81818181818182,5.363636363636363,33,Valentine's Day,0
2025-01-13 00:00:00+02:00,72099.0,71109.0,137,62871.67,47394.635,105.28571428571429,20894.830473844915,95937.93,55463.67,51113.0,55463.67,86.0,-0.24848284719088676,0.2999320095478717,1,13,3,0.0,1.0,0.22192151300416552,0.9750645322571948,1030.0,0.014484805017648962,47.142857142857146,6.523809523809524,32,Valentine's Day,0
2025-01-14 00:00:00+02:00,96485.69,94805.69,187,68356.05428571429,48922.10133333333,118.28571428571429,24207.78149859419,72099.0,58095.0,50661.7,58095.0,96.0,0.3382389492225968,0.6608260607625442,1,14,3,0.7818314824680298,0.6234898018587336,0.2386727660059501,0.9711000518829505,8245.81,0.08697589775466008,50.625,5.84375,31,Valentine's Day,0
2025-01-15 00:00:00+02:00,57575.0,55805.0,100,67995.56,49298.068,117.71428571428571,24369.494885053544,96485.69,60098.46,46296.0,60098.46,104.0,-0.403279387855339,-0.04198876310640909,1,15,3,0.9749279121818236,-0.22252093395631434,0.255353295116187,0.9668478136052775,2860.0,0.051249888002867124,63.333333333333336,3.7037037037037037,30,Valentine's Day,0
2025-01-16 00:00:00+02:00,30298.0,29008.0,60,67772.76,48646.401333333335,118.28571428571429,24758.9717201257,57575.0,31857.6,49848.0,31857.6,56.0,-0.4737646547980895,-0.048955351313344386,1,16,3,0.43388373911755823,-0.900968867902419,0.2719581575341055,0.9623090774541486,105.0,0.00361969111969112,92.14285714285714,4.285714285714286,29,Valentine's Day,0
2025-01-17 00:00:00+02:00,54671.6,53391.6,110,68990.74571428572,49031.468,124.14285714285714,23705.014689331296,30298.0,46145.7,43119.6,46145.7,69.0,0.8044623407485643,0.18476044355162013,1,17,3,-0.433883739117558,-0.9009688679024191,0.288482432880609,0.9574851883550393,1410.0,0.026408648551457532,60.95238095238095,5.238095238095238,28,Valentine's Day,0
2025-01-18 00:00:00+02:00,88536.51,87036.51,167,70800.53285714285,50715.551666666666,125.57142857142857,24776.935837634846,54671.6,75868.0,38014.0,75868.0,157.0,0.6194241617219909,0.16698094058100899,1,18,3,-0.9749279121818236,-0.2225209339563146,0.30492122465628907,0.9523775757303974,3167.49,0.03639265866703525,50.0,5.566666666666666,27,Valentine's Day,0
2025-01-19 00:00:00+02:00,35038.0,34378.0,56,62100.54285714286,50073.551666666666,116.71428571428571,25168.16950122201,88536.51,95937.93,54298.0,95937.93,118.0,-0.6042536576153724,-0.634784698815161,1,19,3,-0.7818314824680299,0.6234898018587334,0.3212696616923644,0.9469877530760753,1872.0,0.054453429518878355,47.142857142857146,4.0,26,Valentine's Day,0
2025-01-20 00:00:00+02:00,84496.6,83066.6,133,63871.62857142858,51979.405,116.14285714285714,26395.320148057162,35038.0,72099.0,27321.0,72099.0,137.0,1.4115702951081683,0.17195245426427563,1,20,4,0.0,1.0,0.3375228995941133,0.9413173175128471,7185.4,0.08650167455993142,52.96296296296296,4.925925925925926,25,Valentine's Day,0
2025-01-21 00:00:00+02:00,61062.0,59652.0,85,58811.10142857143,52398.104999999996,101.57142857142857,22155.63141132971,84496.6,96485.69,48501.0,96485.69,187.0,-0.27734370377032924,-0.3671393136122051,1,21,4,0.7818314824680298,0.6234898018587336,0.3536761221763716,0.9353679493131483,2605.0,0.04366995239053175,58.75,3.5416666666666665,24,Valentine's Day,0
2025-01-22 00:00:00+02:00,62364.39,60894.39,128,59495.299999999996,53887.58466666667,105.57142857142857,22185.028880389556,61062.0,57575.0,17680.0,57575.0,100.0,0.0213289771052374,0.08318523664785071,1,22,4,0.9749279121818236,-0.22252093395631434,0.3697245428906731,0.9291414114031743,3617.21,0.059401366858260675,48.888888888888886,4.7407407407407405,23,Valentine's Day,0
2025-01-23 00:00:00+02:00,50302.6,48772.6,65,62353.1,53839.07133333333,106.28571428571429,18832.185652327196,62364.39,30298.0,51758.0,30298.0,60.0,-0.19340828957037826,0.6602614033929632,1,23,4,0.43388373911755823,-0.900968867902419,0.38566340624360707,0.9226395488404876,2210.0,0.045312327003276434,66.52173913043478,2.8260869565217392,22,Valentine's Day,0
2025-01-24 00:00:00+02:00,36166.06,35236.06,65,59709.45142857143,52795.683333333334,99.85714285714286,21235.743358739128,50302.6,54671.6,67467.7,54671.6,110.0,-0.28103000640125964,-0.33848542936369164,1,24,4,-0.433883739117558,-0.9009688679024191,0.401487989205973,0.9158642882672872,2145.94,0.060901814788600094,62.0,4.333333333333333,21,Valentine's Day,0
2025-01-25 00:00:00+02:00,51513.29,49983.29,72,54420.42,52067.50633333333,86.28571428571429,17059.2182221476,36166.06,88536.51,73358.6,88536.51,167.0,0.4243544914762627,-0.4181689565129685,1,25,4,-0.9749279121818236,-0.2225209339563146,0.4171936026123168,0.9088176373395029,2091.21,0.04183818232053152,72.85714285714286,3.4285714285714284,20,Valentine's Day,0
2025-01-26 00:00:00+02:00,22854.5,22614.5,29,52679.92,50680.523,82.42857142857143,19772.140656089472,51513.29,35038.0,64464.0,35038.0,56.0,-0.5563377916650247,-0.34772247274387813,1,26,4,-0.7818314824680299,0.6234898018587334,0.4327755925504312,0.901501684131884,0.0,0.0,40.0,4.833333333333333,19,Valentine's Day,0
2025-01-27 00:00:00+02:00,71698.0,70348.0,115,50851.54857142857,51588.453,79.85714285714286,16691.36964044295,22854.5,84496.6,44460.1,84496.6,133.0,2.13715023299569,-0.15146881649675847,1,27,5,0.0,1.0,0.4482293417404106,0.893918596519257,3170.0,0.04506169329618468,71.05263157894737,6.052631578947368,18,Valentine's Day,0
2025-01-28 00:00:00+02:00,53204.0,52274.0,130,49728.97714285714,51723.76966666667,86.28571428571429,16145.538423489537,71698.0,61062.0,49144.5,61062.0,85.0,-0.25794303885742975,-0.12868887360387804,1,28,5,0.7818314824680298,0.6234898018587336,0.4635502709028509,0.886070621534138,7056.0,0.13498106133068064,48.94736842105263,6.842105263157895,17,Valentine's Day,0
2025-01-29 00:00:00+02:00,37632.0,36942.0,41,46195.77857142857,51658.86966666667,73.85714285714286,15617.133853637632,53204.0,62364.39,39579.0,62364.39,128.0,-0.29268476054432,-0.3965787206449065,1,29,5,0.9749279121818236,-0.22252093395631434,0.47873384011578846,0.8779600847008882,298.5,0.00808023388013643,62.72727272727273,3.727272727272727,16,Valentine's Day,0
2025-01-30 00:00:00+02:00,36499.5,35659.5,74,44223.90714285714,51786.433,75.14285714285714,15881.347110092529,37632.0,50302.6,32672.6,50302.6,65.0,-0.03009406887755106,-0.2744013231920417,1,30,5,0.43388373911755823,-0.900968867902419,0.4937755501599772,0.869589389346611,2271.5,0.06369971536336741,60.0,5.285714285714286,15,Valentine's Day,0
2025-01-31 00:00:00+02:00,59111.6,58361.6,78,47501.841428571424,53140.01966666666,77.0,16303.392499457519,36499.5,36166.06,18504.0,36166.06,65.0,0.6195180755900764,0.6344495363885367,1,31,5,-0.433883739117558,-0.9009688679024191,0.5086709438521044,0.8609610158889943,500.0,0.008567277113718609,41.666666666666664,4.333333333333333,14,Valentine's Day,0
2025-02-01 00:00:00+02:00,18319.0,17629.0,22,42759.799999999996,52877.352999999996,69.85714285714286,19463.39066803848,59111.6,51513.29,26199.0,51513.29,72.0,-0.6900946683899607,-0.6443830320292103,1,32,5,-0.9749279121818236,-0.2225209339563146,0.5234156073655503,0.8520775211013093,550.0,0.031198593227069034,62.72727272727273,2.0,13,Valentine's Day,0
2025-02-02 00:00:00+02:00,30740.9,29870.9,43,43886.42857142857,53135.670000000006,71.85714285714286,18313.42587345146,18319.0,22854.5,22991.39,22854.5,29.0,0.6780883235984498,0.34506989870703797,1,33,5,-0.7818314824680299,0.6234898018587334,0.5380051715382996,0.8429415373547828,1952.1,0.0653512281183359,72.5,3.5833333333333335,12,Valentine's Day,0
2025-02-03 00:00:00+02:00,35228.0,34748.0,46,38676.42857142857,53107.420000000006,62.0,13685.549455139486,30740.9,71698.0,36075.5,71698.0,115.0,0.1459651474094772,-0.5086613294652571,1,34,6,0.0,1.0,0.5524353131676196,0.8335557718385699,1415.0,0.04072176815931852,43.63636363636363,4.181818181818182,11,Valentine's Day,0
2025-02-04 00:00:00+02:00,19528.0,18988.0,29,33865.57142857143,52963.020000000004,47.57142857142857,13646.532791240514,35228.0,53204.0,23860.0,53204.0,130.0,-0.44566821846258653,-0.6329599278249756,1,35,6,0.7818314824680298,0.6234898018587336,0.5667017562911176,0.8239230057575542,1950.0,0.10269643985675163,67.5,3.625,10,Valentine's Day,0
2025-02-05 00:00:00+02:00,29965.0,29365.0,47,32770.28571428572,52113.06433333333,48.42857142857143,13601.458629185709,19528.0,37632.0,55463.67,37632.0,41.0,0.5344633346988938,-0.2037361819727891,1,36,6,0.9749279121818236,-0.22252093395631434,0.5808002734538009,0.8140460935082178,1730.0,0.05891367273965605,50.0,3.9166666666666665,9,Valentine's Day,0
2025-02-06 00:00:00+02:00,45020.0,44150.0,67,33987.5,51677.231,47.42857142857143,14351.39509838753,29965.0,36499.5,58095.0,36499.5,74.0,0.502419489404305,0.23344155399389033,1,37,6,0.43388373911755823,-0.900968867902419,0.5947266869607634,0.8039279618328213,2560.0,0.0579841449603624,54.375,4.1875,8,Valentine's Day,0
2025-02-07 00:00:00+02:00,54202.5,52792.5,57,33286.2,51480.699,44.42857142857143,12972.78124883102,45020.0,59111.6,60098.46,59111.6,78.0,0.20396490448689475,-0.08304799734739032,1,38,6,-0.433883739117558,-0.9009688679024191,0.6084768701151261,0.7935716089521474,2737.5,0.0518539565279159,58.75,2.375,7,Valentine's Day,1
2025-02-08 00:00:00+02:00,22655.0,21785.0,28,33905.62857142857,51173.945666666674,45.285714285714285,12220.732488237734,54202.5,18319.0,31857.6,18319.0,22.0,-0.5820303491536368,0.2366941426933784,1,39,6,-0.9749279121818236,-0.2225209339563146,0.6220467484408675,0.7829801036770629,1505.0,0.06908423226991049,72.5,2.3333333333333335,6,Valentine's Day,1
2025-02-09 00:00:00+02:00,57893.5,56423.5,78,37784.57142857143,51565.539,50.285714285714285,15034.166090466582,22655.0,30740.9,46145.7,30740.9,43.0,1.5554403001544914,0.8832727734061137,1,40,6,-0.7818314824680299,0.6234898018587334,0.6354323008901774,0.7721565844991642,1309.5,0.023208414933494022,58.8,3.12,5,Valentine's Day,1
2025-02-10 00:00:00+02:00,64740.0,62220.0,130,42000.57142857143,51194.60566666666,62.285714285714285,18036.044375150588,57893.5,35228.0,75868.0,35228.0,46.0,0.1182602537417845,0.8377427046667423,1,41,7,0.0,1.0,0.6486295610349814,0.7611042586607747,2200.0,0.0353584056573449,66.3157894736842,3.4210526315789473,4,Valentine's Day,1
2025-02-11 00:00:00+02:00,81275.5,78365.5,223,50821.642857142855,50705.858,90.0,20185.05148146872,64740.0,19528.0,95937.93,19528.0,29.0,0.2554139635464936,3.1619981564932402,1,42,7,0.7818314824680298,0.6234898018587336,0.6616346182422783,0.7498264012045686,5549.5,0.07081560125310245,58.2,4.46,3,Valentine's Day,1
2025-02-12 00:00:00+02:00,101878.0,98998.0,224,61094.92857142857,51698.49133333333,115.28571428571429,25421.733083179002,81275.5,29965.0,72099.0,29965.0,47.0,0.253489674010003,2.399899883197063,1,43,7,0.9749279121818236,-0.22252093395631434,0.6744436188329455,0.7383263540031065,2805.0,0.028333905735469404,57.6,4.48,2,Valentine's Day,1
2025-02-13 00:00:00+02:00,53282.5,50942.5,103,62275.28571428572,50258.385,120.42857142857143,24733.462786370586,101878.0,45020.0,96485.69,45020.0,67.0,-0.47699699640746773,0.18352954242558872,1,44,7,0.43388373911755823,-0.900968867902419,0.6870527672236669,0.7266075247685656,1591.5,0.03124110516759091,58.5,2.575,1,Valentine's Day,1
2025-02-14 00:00:00+02:00,77515.0,74665.0,142,65605.64285714286,50923.051666666666,132.57142857142858,25032.995425561974,53282.5,54202.5,57575.0,54202.5,57.0,0.4547928494346174,0.43010008763433416,1,45,7,-0.433883739117558,-0.9009688679024191,0.6994583270516471,0.7146733860429609,3180.0,0.042590236389205116,58.16326530612245,2.8979591836734695,0,Valentine's Day,1
2025-02-15 00:00:00+02:00,102291.0,99351.0,200,76982.21428571429,53322.818333333336,157.14285714285714,19811.52116164,77515.0,22655.0,30298.0,22655.0,28.0,0.3196284590079339,3.5151622158463915,1,46,7,-0.9749279121818236,-0.2225209339563146,0.7116566222817746,0.702527474169157,5230.0,0.05264164427132087,60.0,4.081632653061225,34,Mother's Day,0
2025-02-16 00:00:00+02:00,70108.0,66688.0,136,78727.14285714286,53837.365,165.42857142857142,18332.760309335248,102291.0,57893.5,54671.6,57893.5,78.0,-0.314622009756479,0.21098223462046684,1,47,7,-0.7818314824680299,0.6234898018587334,0.7236440382959124,0.6901733882429719,682.0,0.01022672744721689,63.333333333333336,2.5185185185185186,33,Mother's Day,0
2025-02-17 00:00:00+02:00,55258.0,52778.0,107,77372.57142857143,52728.08133333333,162.14285714285714,19827.830013285075,70108.0,64740.0,88536.51,64740.0,130.0,-0.2118160552290751,-0.14646277417361753,1,48,8,0.0,1.0,0.7354170229639855,0.6776147890466889,2337.0,0.04427981355867975,62.0,2.675,32,Mother's Day,0
2025-02-18 00:00:00+02:00,41797.0,39487.0,97,71732.78571428571,52953.38133333333,144.14285714285714,23757.788929558323,55258.0,81275.5,35038.0,81275.5,223.0,-0.24360273625538387,-0.48573678414774435,1,49,8,0.7818314824680298,0.6234898018587336,0.7469720876965552,0.6648553979642865,1908.0,0.04831970015448122,60.78947368421053,2.5526315789473686,31,Mother's Day,0
2025-02-19 00:00:00+02:00,48346.0,46076.0,94,64085.357142857145,51748.361333333334,125.57142857142857,20878.30159263138,41797.0,101878.0,84496.6,101878.0,224.0,0.15668588654688143,-0.5254520112291172,1,50,8,0.9749279121818236,-0.22252093395631434,0.7583058084785625,0.6518989958787126,1394.0,0.030254362357843564,63.05555555555556,2.611111111111111,30,Mother's Day,0
2025-02-20 00:00:00+02:00,29520.0,27690.0,64,60690.71428571428,50696.96133333333,120.0,24538.465910445844,48346.0,53282.5,61062.0,53282.5,103.0,-0.3894013982542506,-0.4459719420072257,1,51,8,0.43388373911755823,-0.900968867902419,0.7694148268839378,0.6387494220515272,1030.0,0.037197544239797764,63.10344827586207,2.206896551724138,29,Mother's Day,0
2025-02-21 00:00:00+02:00,40676.0,38696.0,99,55428.0,49974.015,113.85714285714286,24277.82569204565,29520.0,77515.0,62364.39,77515.0,142.0,0.37791327913279127,-0.4752499516222667,1,52,8,-0.433883739117558,-0.9009688679024191,0.7802958510707755,0.6254105729852463,1105.0,0.028555923092826133,60.0,3.0,28,Mother's Day,0
2025-02-22 00:00:00+02:00,34090.0,32710.0,46,45685.0,49433.595,91.85714285714286,13730.525930690124,40676.0,102291.0,50302.6,102291.0,200.0,-0.16191365916019274,-0.6667350988845548,1,53,8,-0.9749279121818236,-0.2225209339563146,0.7909456567567772,0.6118864012687243,500.0,0.01528584530724549,57.5,1.9166666666666667,27,Mother's Day,0
2025-02-23 00:00:00+02:00,61778.5,59288.5,149,44495.07142857143,50287.343,93.71428571428571,11429.277880472959,34090.0,70108.0,36166.06,70108.0,136.0,0.8122176591375769,-0.11880955097849033,1,54,8,-0.7818314824680299,0.6234898018587334,0.8013610881746766,0.5981809144059164,4834.5,0.08154195164323604,57.857142857142854,3.5476190476190474,26,Mother's Day,0
2025-02-24 00:00:00+02:00,30404.0,28904.0,67,40944.5,49583.7,88.0,11388.898962733618,61778.5,55258.0,51513.29,55258.0,107.0,-0.5078546743608213,-0.4497810271815845,1,55,9,0.0,1.0,0.8115390590073611,0.5842981736283683,1900.0,0.06573484638804318,68.18181818181819,3.0454545454545454,25,Mother's Day,0
2025-02-25 00:00:00+02:00,45772.0,43372.0,99,41512.357142857145,50347.61666666667,88.28571428571429,11536.629240216222,30404.0,41797.0,22854.5,41797.0,97.0,0.5054598079200106,0.09510251931956848,1,56,9,0.7818314824680298,0.6234898018587336,0.8214765533024142,0.5702422926917871,6548.0,0.15097297795812967,63.1578947368421,2.6052631578947367,24,Mother's Day,0
2025-02-26 00:00:00+02:00,34950.0,33210.0,80,39598.642857142855,49122.683333333334,86.28571428571429,11323.225581058852,45772.0,48346.0,71698.0,48346.0,94.0,-0.2364327536485188,-0.27708600504695324,1,57,9,0.9749279121818236,-0.22252093395631434,0.8311706263658079,0.5560174366570446,1650.0,0.04968383017163505,58.0,2.6666666666666665,23,Mother's Day,0
2025-02-27 00:00:00+02:00,33433.0,32023.0,66,40157.642857142855,48463.65,86.57142857142857,10828.5222780494,34950.0,29520.0,53204.0,29520.0,64.0,-0.043404864091559414,0.1325542005420055,1,58,9,0.43388373911755823,-0.900968867902419,0.8406184056344782,0.5416278206559814,1100.0,0.03435031071417419,58.75,2.75,22,Mother's Day,0
2025-02-28 00:00:00+02:00,43630.0,41620.0,101,40579.642857142855,48663.583333333336,86.85714285714286,10909.348822281378,33433.0,40676.0,37632.0,40676.0,99.0,0.3049980558131187,0.07262267676271028,1,59,9,-0.433883739117558,-0.9009688679024191,0.8498170915275278,0.5270777086423722,4370.0,0.10499759730898607,62.8125,3.15625,21,Mother's Day,0
2025-03-01 00:00:00+02:00,23814.0,22644.0,45,39111.642857142855,48240.73333333333,86.71428571428571,12503.12959727333,43630.0,34090.0,36499.5,34090.0,46.0,-0.45418290167316067,-0.30143737166324436,1,60,9,-0.9749279121818236,-0.2225209339563146,0.8587639582758029,0.5123714121284237,561.0,0.024774774774774775,58.5,2.25,20,Mother's Day,0
2025-03-02 00:00:00+02:00,22310.0,21650.0,38,33473.28571428572,47014.013333333336,70.85714285714286,8980.912995799375,23814.0,61778.5,59111.6,61778.5,149.0,-0.06315612664819015,-0.6388711283051547,1,61,9,-0.7818314824680299,0.6234898018587334,0.8674563547295968,0.49751328890718066,0.0,0.0,50.76923076923077,2.923076923076923,19,Mother's Day,0
2025-03-03 00:00:00+02:00,44098.0,42228.0,95,35429.57142857143,47873.31333333334,74.85714285714286,9666.22514837463,22310.0,30404.0,18319.0,30404.0,67.0,0.9766024204392649,0.45040126299171157,1,62,10,0.0,1.0,0.8758917051442429,0.48250774176121847,310.0,0.0073411006914843235,74.8,3.8,18,Mother's Day,0
2025-03-04 00:00:00+02:00,64565.0,62165.0,226,38114.28571428572,49000.78333333333,93.0,14445.69708384186,44098.0,45772.0,30740.9,45772.0,99.0,0.4641253571590549,0.41057851961898106,1,63,10,0.7818314824680298,0.6234898018587336,0.8840675099433636,0.46735921715800227,5661.0,0.09106410359527065,66.66666666666667,6.277777777777778,17,Mother's Day,0
2025-03-05 00:00:00+02:00,32898.0,31908.0,65,37821.142857142855,48923.11666666667,90.85714285714286,14541.11635362106,64565.0,34950.0,35228.0,34950.0,80.0,-0.49046697126926353,-0.05871244635193129,1,64,10,0.9749279121818236,-0.22252093395631434,0.8919813464595485,0.45207220393230435,1560.0,0.048890560361037984,58.23529411764706,3.823529411764706,16,Mother's Day,0
2025-03-06 00:00:00+02:00,21372.5,20232.5,39,36098.21428571428,48984.6,87.0,15807.103165606202,32898.0,33433.0,19528.0,33433.0,66.0,-0.3503404462277342,-0.3607363981694732,1,65,10,0.43388373911755823,-0.900968867902419,0.8996308696522433,0.43665123195606403,127.5,0.006301742246385766,67.5,2.4375,15,Mother's Day,0
2025-03-07 00:00:00+02:00,35593.0,34283.0,75,34950.07142857143,49172.2,83.28571428571429,15456.858694521457,21372.5,43630.0,29965.0,43630.0,101.0,0.6653643701017662,-0.18420811368324552,1,66,10,-0.433883739117558,-0.9009688679024191,0.9070138128026359,0.4211008707960896,2295.0,0.0669427996383047,61.1764705882353,4.411764705882353,14,Mother's Day,0
2025-03-08 00:00:00+02:00,26405.0,25175.0,43,35320.21428571428,48551.7,83.0,15174.177643443627,35593.0,23814.0,45020.0,23814.0,45.0,-0.2581406456325682,0.10880154530948172,1,67,10,-0.9749279121818236,-0.2225209339563146,0.9141279881853337,0.40542572835999735,335.0,0.013306852035749751,85.38461538461539,3.3076923076923075,13,Mother's Day,0
2025-03-09 00:00:00+02:00,41625.5,39725.5,66,38079.57142857143,48132.46666666667,87.0,14134.630004675382,26405.0,22310.0,54202.5,22310.0,38.0,0.5764249195228177,0.8657776781712236,1,68,10,-0.7818314824680299,0.6234898018587334,0.9209712877166346,0.38963044953078796,1293.5,0.03256094951605392,76.0,2.64,12,Mother's Day,0
2025-03-10 00:00:00+02:00,29710.0,28690.0,63,36024.142857142855,48367.63333333333,82.42857142857143,14159.692377527588,41625.5,44098.0,22655.0,44098.0,95.0,-0.2862548197619248,-0.3262733003764343,1,69,11,0.0,1.0,0.9275416835791966,0.37371971479046906,35.0,0.0012199372603694668,60.0,3.7058823529411766,11,Mother's Day,0
2025-03-11 00:00:00+02:00,24548.0,23738.0,62,30307.428571428572,47256.11666666667,59.0,6968.224334008703,29710.0,64565.0,57893.5,64565.0,226.0,-0.17374621339616292,-0.6197940060404243,1,70,11,0.7818314824680298,0.6234898018587336,0.9338372288229252,0.35769823883312546,510.0,0.021484539556828712,57.857142857142854,4.428571428571429,10,Mother's Day,0
2025-03-12 00:00:00+02:00,37757.0,36557.0,61,31001.571428571428,46356.683333333334,58.42857142857143,7491.652201110529,24548.0,32898.0,64740.0,32898.0,65.0,0.5380886426592797,0.14769894826433227,1,71,11,0.9749279121818236,-0.22252093395631434,0.9398560579418954,0.3415707691678556,2180.0,0.059632902043384305,66.66666666666667,3.388888888888889,9,Mother's Day,0
2025-03-13 00:00:00+02:00,20068.0,18988.0,34,30815.214285714286,44316.433333333334,57.714285714285715,7781.709119560554,37757.0,21372.5,81275.5,21372.5,39.0,-0.4684959080435416,-0.06103637852380395,1,72,11,0.43388373911755823,-0.900968867902419,0.9455963874271426,0.3253420847119801,300.0,0.015799452285654096,71.53846153846153,2.6153846153846154,8,Mother's Day,0
2025-03-14 00:00:00+02:00,40012.0,39022.0,70,31446.5,42254.23333333333,57.0,8389.417545337888,20068.0,35593.0,101878.0,35593.0,75.0,0.993821008570859,0.12415362571292099,1,73,11,-0.433883739117558,-0.9009688679024191,0.9510565162951535,0.30901699437494745,568.0,0.014555891548357337,54.705882352941174,4.117647058823529,7,Mother's Day,1
2025-03-15 00:00:00+02:00,27741.0,26931.0,66,31637.35714285714,41402.85,60.285714285714285,8269.955495217633,40012.0,26405.0,53282.5,26405.0,43.0,-0.30668299510146957,0.05059647793978406,1,74,11,-0.9749279121818236,-0.2225209339563146,0.9562348265919056,0.29260033563334836,1204.0,0.04470684341465226,55.0,5.5,6,Mother's Day,1
2025-03-16 00:00:00+02:00,31014.5,29914.5,56,30121.5,39852.833333333336,58.857142857142854,7010.624989972254,27741.0,41625.5,77515.0,41625.5,66.0,0.1180022349590859,-0.25491585686658413,1,75,11,-0.7818314824680299,0.6234898018587334,0.9611297838723007,0.27609697309746883,209.5,0.007003292717578432,64.70588235294117,3.2941176470588234,5,Mother's Day,1
2025-03-17 00:00:00+02:00,34864.0,33394.0,74,30857.785714285714,37605.26666666667,60.42857142857143,7227.497652815385,31014.5,29710.0,102291.0,29710.0,63.0,0.12411936352351316,0.1734769437899697,1,76,12,0.0,1.0,0.9657399376548549,0.2595117970697999,2540.0,0.07606156794633767,63.91304347826087,3.217391304347826,4,Mother's Day,1
2025-03-18 00:00:00+02:00,40740.0,39420.0,53,33170.92857142857,36626.333333333336,59.142857142857146,7458.895005455154,34864.0,24548.0,70108.0,24548.0,62.0,0.16854061496099138,0.6596056705230569,1,77,12,0.7818314824680298,0.6234898018587336,0.970063921851507,0.2428497220959356,70.0,0.0017757483510908167,69.47368421052632,2.789473684210526,3,Mother's Day,1
2025-03-19 00:00:00+02:00,44070.0,42810.0,108,34072.78571428572,36253.4,65.85714285714286,8424.913164030315,40740.0,37757.0,55258.0,37757.0,61.0,0.08173784977908682,0.16720078396059002,1,78,12,0.9749279121818236,-0.22252093395631434,0.9741004551724205,0.22611568550828828,1630.0,0.03807521607101145,63.0,5.4,2,Mother's Day,1
2025-03-20 00:00:00+02:00,48237.0,47277.0,86,38096.92857142857,36468.066666666666,73.28571428571429,7268.766908428796,44070.0,20068.0,41797.0,20068.0,34.0,0.09455411844792372,1.4036774965118597,1,79,12,0.43388373911755823,-0.900968867902419,0.9778483415056568,0.20931464596304847,647.0,0.013685301520824079,45.714285714285715,4.095238095238095,1,Mother's Day,1
2025-03-21 00:00:00+02:00,36168.0,34048.0,58,37547.78571428572,36062.13333333333,71.57142857142857,7245.138553180604,48237.0,40012.0,48346.0,40012.0,70.0,-0.25020212699794764,-0.09607117864640613,1,80,12,-0.433883739117558,-0.9009688679024191,0.9813064702716093,0.19245158197082998,204.0,0.005991541353383458,92.17391304347827,2.5217391304347827,0,Mother's Day,1
2025-03-22 00:00:00+02:00,33325.0,32245.0,52,38345.5,36188.96666666667,69.57142857142857,6220.351443717243,36168.0,27741.0,29520.0,27741.0,66.0,-0.07860539703605396,0.20129050863343068,1,81,12,-0.9749279121818236,-0.2225209339563146,0.9844738167520922,0.1755314904214282,100.0,0.0031012560086835167,56.666666666666664,2.888888888888889,257,Black Friday,0
2025-03-23 00:00:00+02:00,27673.0,26803.0,56,37868.142857142855,35755.53333333333,69.57142857142857,6960.84572037616,33325.0,31014.5,40676.0,31014.5,56.0,-0.16960240060015008,-0.10773992809814759,1,82,12,-0.7818314824680299,0.6234898018587334,0.9873494423939864,0.15855938510313478,112.0,0.004178636719770175,79.0909090909091,5.090909090909091,256,Black Friday,0
2025-03-24 00:00:00+02:00,33283.0,32063.0,42,37642.28571428572,35728.63333333333,65.0,7098.847552346126,27673.0,34864.0,34090.0,34864.0,74.0,0.20272467748346767,-0.04534763653051854,1,83,13,0.0,1.0,0.989932495087353,0.141540295217043,762.0,0.02376571125596482,76.25,2.625,255,Black Friday,0
2025-03-25 00:00:00+02:00,75122.0,73892.0,41,42554.0,36173.416666666664,63.285714285714285,15961.518348829502,33283.0,40740.0,61778.5,40740.0,53.0,1.2570681729411413,0.8439371624938636,1,84,13,0.7818314824680298,0.6234898018587336,0.9922222094179323,0.12447926388678915,188.0,0.0025442537757808695,72.3529411764706,2.411764705882353,254,Black Friday,0
2025-03-26 00:00:00+02:00,21552.0,20442.0,31,39337.142857142855,35878.35,52.285714285714285,17771.554831890167,75122.0,44070.0,30404.0,44070.0,108.0,-0.7131066798008573,-0.5109598366235535,1,85,13,0.9749279121818236,-0.22252093395631434,0.994217906893952,0.10738134666416309,253.0,0.012376479796497407,79.28571428571429,2.2142857142857144,253,Black Friday,0
2025-03-27 00:00:00+02:00,30614.0,29924.0,59,36819.57142857143,35373.083333333336,48.42857142857143,17547.495403971563,21552.0,48237.0,45772.0,48237.0,86.0,0.42047141796584997,-0.3653419574185791,1,86,13,0.43388373911755823,-0.900968867902419,0.995918996147179,0.09025161003104117,356.0,0.011896805239941185,57.5,4.916666666666667,252,Black Friday,0
2025-03-28 00:00:00+02:00,40056.0,38796.0,69,37375.0,35543.28333333333,50.0,17584.927201063096,30614.0,36168.0,34950.0,36168.0,58.0,0.30842098386359185,0.10749834107498346,1,87,13,-0.433883739117558,-0.9009688679024191,0.9973249731081555,0.07309512989807777,140.0,0.0036086194453036394,60.0,3.45,251,Black Friday,0
2025-03-29 00:00:00+02:00,29844.0,29044.0,51,36877.71428571428,35423.65,49.857142857142854,17766.82487779168,40056.0,33325.0,33433.0,33325.0,52.0,-0.2549430796884362,-0.10445611402850707,1,88,13,-0.9749279121818236,-0.2225209339563146,0.9984354211555643,0.055916990100603484,300.0,0.010329155763668916,61.53846153846154,3.923076923076923,250,Black Friday,0
2025-03-30 00:00:00+02:00,76436.5,73166.5,101,43843.92857142857,36517.2,56.285714285714285,22488.642204508513,29844.0,27673.0,43630.0,27673.0,56.0,1.561201581557432,1.7621327647887832,1,89,13,-0.7818314824680299,0.6234898018587334,0.9992500112396835,0.03872228089217446,1844.5,0.025209624623290714,68.125,2.1041666666666665,249,Black Friday,0
2025-03-31 00:00:00+02:00,70772.0,67982.0,151,49199.5,38082.46666666667,71.85714285714286,23969.588268262338,76436.5,33283.0,23814.0,33283.0,42.0,-0.07410726550797064,1.1263708199381064,1,90,14,0.0,1.0,0.9997685019798909,0.021516097436222254,2729.0,0.04014297902385926,64.28571428571429,3.5952380952380953,248,Black Friday,0
2025-04-01 00:00:00+02:00,74334.0,72024.0,108,49086.92857142857,39816.6,81.42857142857143,23828.99266375033,70772.0,75122.0,22310.0,75122.0,41.0,0.05033063923585601,-0.010489603578179518,2,91,14,0.7818314824680298,0.6234898018587336,0.9999907397361901,0.004303538296244289,1000.0,0.013884260801954904,60.78947368421053,2.8421052631578947,247,Black Friday,0
2025-04-02 00:00:00+02:00,89556.0,85416.0,144,58801.78571428572,41331.86666666667,97.57142857142857,24582.68243407906,74334.0,21552.0,44098.0,21552.0,31.0,0.20477843248042626,3.1553452115812917,2,92,14,0.9749279121818236,-0.22252093395631434,0.9999166586547379,-0.01291029607500882,535.0,0.0062634635197152755,83.125,3.0,246,Black Friday,0
2025-04-03 00:00:00+02:00,50655.0,47845.0,91,61664.78571428572,40868.2,102.14285714285714,21757.340236223234,89556.0,30614.0,64565.0,30614.0,59.0,-0.43437625619723974,0.6546351342523029,2,93,14,0.43388373911755823,-0.900968867902419,0.9995462806873573,-0.030120304846908114,1457.0,0.03045250287386352,72.05128205128206,2.3333333333333335,245,Black Friday,0
2025-04-04 00:00:00+02:00,114208.5,109958.5,206,72258.0,43578.55,121.71428571428571,26921.73871768589,50655.0,40056.0,32898.0,40056.0,69.0,1.2546342907906425,1.85122079089275,2,94,14,-0.433883739117558,-0.9009688679024191,0.9988797155850336,-0.04732138832243185,3221.5,0.029297416752683967,64.0625,3.21875,244,Black Friday,0
2025-04-05 00:00:00+02:00,76397.0,73367.0,153,78908.42857142857,45412.7,136.28571428571428,19396.162065446355,114208.5,29844.0,21372.5,29844.0,51.0,-0.3310743070787201,1.5598780324353303,2,95,14,-0.9749279121818236,-0.2225209339563146,0.9979171608653922,-0.06450844944931623,4799.0,0.0654108795507517,63.125,3.1875,243,Black Friday,0
2025-04-06 00:00:00+02:00,116945.14,114495.14,143,84695.37714285715,48124.437999999995,142.28571428571428,24026.11837935961,76397.0,76436.5,35593.0,76436.5,101.0,0.5307556579446837,0.5299646111478156,2,96,14,-0.7818314824680299,0.6234898018587334,0.9966589017541702,-0.08167639533042241,1709.8600000000001,0.014933908985132471,59.75,3.575,242,Black Friday,0
2025-04-07 00:00:00+02:00,65928.5,62848.5,106,84003.44857142857,49441.888,135.85714285714286,24557.789249276062,116945.14,70772.0,26405.0,70772.0,151.0,-0.4362442081817166,-0.06843808285762731,2,97,15,0.0,1.0,0.9951053111006976,-0.09882013873287143,2171.5,0.03455134171857721,77.0,2.65,241,Black Friday,0
2025-04-08 00:00:00+02:00,42751.0,41051.0,75,79491.59142857142,49479.40466666666,131.14285714285714,29109.78750120298,65928.5,74334.0,41625.5,74334.0,108.0,-0.35155509377583294,-0.4248795974923991,2,98,15,0.7818314824680298,0.6234898018587336,0.9932568492674143,-0.11593459959550041,2520.0,0.0613870551265499,68.0,3.0,240,Black Friday,0
2025-04-09 00:00:00+02:00,43110.0,41550.0,71,72856.44857142857,49926.07133333333,120.71428571428571,31618.640072039692,42751.0,89556.0,29710.0,89556.0,144.0,0.008397464386797893,-0.5186252177408549,2,99,15,0.9749279121818236,-0.22252093395631434,0.9911140639934547,-0.1330147065341959,1260.0,0.03032490974729242,65.0,2.9583333333333335,239,Black Friday,0
2025-04-10 00:00:00+02:00,26275.0,25375.0,40,69373.59142857142,49983.638,113.42857142857143,35567.881989305955,43110.0,50655.0,24548.0,50655.0,91.0,-0.3905126420784041,-0.4812950350409634,2,100,15,0.43388373911755823,-0.900968867902419,0.9886775902323405,-0.1500553983446526,0.0,0.0,60.0,2.6666666666666665,238,Black Friday,0
2025-04-11 00:00:00+02:00,50483.0,48953.0,83,60269.94857142858,50407.837999999996,95.85714285714286,29880.307339592917,26275.0,114208.5,37757.0,114208.5,206.0,0.9213320647002854,-0.5579751069316207,2,101,15,-0.433883739117558,-0.9009688679024191,0.9859481499638304,-0.16705162550211924,2520.0,0.051477948236063165,58.84615384615385,3.1923076923076925,237,Black Friday,0
2025-04-12 00:00:00+02:00,40080.0,39030.0,71,55081.805714285714,51074.90466666666,84.14285714285714,29766.11902719117,50483.0,76397.0,20068.0,76397.0,153.0,-0.20606936988689262,-0.4753720695838842,2,102,15,-0.9749279121818236,-0.2225209339563146,0.9829265519799822,-0.18399835165768005,0.0,0.0,61.76470588235294,4.176470588235294,236,Black Friday,0
2025-04-13 00:00:00+02:00,32050.0,30370.0,55,42953.92857142857,50809.50466666666,71.57142857142857,12844.747105427974,40080.0,116945.14,40012.0,116945.14,143.0,-0.20034930139720564,-0.7259398723196193,2,103,15,-0.7818314824680299,0.6234898018587334,0.9796136916454901,-0.20089055513063506,0.0,0.0,70.0,2.2916666666666665,235,Black Friday,0
2025-04-14 00:00:00+02:00,19175.0,17915.0,42,36274.857142857145,50523.97133333333,62.42857142857143,10918.346294633839,32050.0,65928.5,27741.0,65928.5,106.0,-0.40171606864274567,-0.7091546144687048,2,104,16,0.0,1.0,0.9760105506323683,-0.21772323039653177,1260.0,0.07033212391850405,66.3157894736842,2.210526315789474,234,Black Friday,0
2025-04-15 00:00:00+02:00,27477.0,26307.0,59,34092.857142857145,50406.05466666666,60.142857142857146,10934.621703998035,19175.0,42751.0,31014.5,42751.0,75.0,0.43295958279009117,-0.35727819232298663,2,105,16,0.7818314824680298,0.6234898018587336,0.9721181966290613,-0.23449138957040985,468.0,0.017789941840574752,65.0,3.2777777777777777,233,Black Friday,0
2025-04-16 00:00:00+02:00,42940.0,42220.0,75,34068.57142857143,50675.25466666666,60.714285714285715,10911.421032679567,27477.0,43110.0,34864.0,43110.0,71.0,0.562761582414383,-0.003943400603108382,2,106,16,0.9749279121818236,-0.22252093395631434,0.9679377830240642,-0.25119006388481935,0.0,0.0,51.42857142857143,5.357142857142857,232,Black Friday,0
2025-04-17 00:00:00+02:00,33120.0,32130.0,69,35046.42857142857,50421.25466666666,64.85714285714286,10390.871424110774,42940.0,26275.0,40740.0,26275.0,40.0,-0.22869119701909646,0.26051379638439576,2,107,16,0.43388373911755823,-0.900968867902419,0.9634705485641488,-0.2678143051621742,56.0,0.0017429193899782135,70.71428571428571,4.928571428571429,231,Black Friday,0
2025-04-18 00:00:00+02:00,26779.1,26059.1,41,31660.15714285714,49844.89133333333,58.857142857142854,8140.581455863295,33120.0,50483.0,44070.0,50483.0,83.0,-0.19145229468599034,-0.46954222213418384,2,108,16,-0.433883739117558,-0.9009688679024191,0.9587178169872964,-0.2843591872810034,1169.9,0.04489410608961937,60.0,3.4166666666666665,230,Black Friday,0
2025-04-19 00:00:00+02:00,36268.0,34918.0,116,31115.58571428571,49445.924666666666,65.28571428571429,7592.506771028717,26779.1,40080.0,48237.0,40080.0,71.0,0.3543397649659623,-0.09510978043912177,2,109,16,-0.9749279121818236,-0.2225209339563146,0.9536809966304457,-0.30081980763566735,300.0,0.00859155736296466,61.36363636363637,5.2727272727272725,229,Black Friday,0
2025-04-20 00:00:00+02:00,17555.0,16635.0,76,29044.871428571427,48825.49133333333,68.28571428571429,9118.4639212097,36268.0,32050.0,36168.0,32050.0,55.0,-0.5159644865997574,-0.4522620904836193,2,110,16,-0.7818314824680299,0.6234898018587334,0.9483615800121715,-0.3171912885891061,2520.0,0.151487826871055,102.22222222222223,8.444444444444445,228,Black Friday,0
