Created at,Total,Subtotal,marketing,item_count,total_7d_avg,total_30d_avg,items_7d_avg,total_7d_std,total_prev_day,total_prev_week,total_prev_month,total_same_day_last_week,items_same_day_last_week,total_growth_1d,total_growth_1w,quarter,day_of_year,week_of_year,week_sin,week_cos,year_sin,year_cos,total_discount,discount_ratio,avg_shipping_cost,avg_items_per_order,days_to_next_shopping_holiday,next_shopping_holiday,pre_holiday_period
2022-11-01 00:00:00+02:00,8226.94,7826.94,0,47,,,,,,,,,,,,4,305,44,0.781831482,0.623489802,-0.858763958,0.512371412,471,0.060176774,36.36363636,4.272727273,0,Black Friday,1
2022-11-02 00:00:00+02:00,12499.8,11899.8,0,51,,,,,8226.94,,,,,0.519374154,,4,306,44,0.974927912,-0.222520934,-0.849817092,0.527077709,250,0.021008756,46.15384615,3.923076923,0,Black Friday,1
2022-11-03 00:00:00+02:00,8859.89,8309.89,0,39,,,,,12499.8,,,,,-0.291197459,,4,307,44,0.433883739,-0.900968868,-0.840618406,0.541627821,464.99,0.055956216,45.83333333,3.25,0,Black Friday,1
2022-11-04 00:00:00+02:00,9996.93,9746.93,0,39,,,,,8859.89,,,,,0.128335679,,4,308,44,-0.433883739,-0.900968868,-0.831170626,0.556017437,2122.97,0.217809095,22.72727273,3.545454545,0,Black Friday,1
2022-11-05 00:00:00+02:00,13578.82,12848.82,0,64,,,,,9996.93,,,,,0.358298998,,4,309,44,-0.974927912,-0.222520934,-0.821476553,0.570242293,1174.96,0.091444973,42.94117647,3.764705882,0,Black Friday,1
2022-11-06 00:00:00+02:00,15894.89,15164.89,0,82,,,,,13578.82,,,,,0.170564894,,4,310,44,-0.781831482,0.623489802,-0.811539059,0.584298174,2529.86,0.166823498,34.76190476,3.904761905,0,Black Friday,1
2022-11-07 00:00:00+02:00,9945.92,9465.92,0,63,11286.17,,55,2789.073159,15894.89,,,,,-0.374269341,,4,311,45,0,1,-0.801361088,0.598180914,1889.94,0.199657297,36.92307692,4.846153846,0,Black Friday,1
2022-11-08 00:00:00+02:00,10616.88,9916.88,0,64,11627.59,,57.42857143,2481.486856,9945.92,8226.94,,8226.94,47,0.067460828,0.290501693,4,312,45,0.781831482,0.623489802,-0.790945657,0.611886401,2104.95,0.212259299,50,4.571428571,0,Black Friday,1
2022-11-09 00:00:00+02:00,14919.74,14359.74,0,82,11973.29571,,61.85714286,2774.514263,10616.88,12499.8,,12499.8,51,0.405284792,0.193598298,4,313,45,0.974927912,-0.222520934,-0.780295851,0.625410573,2314.95,0.161211136,32.94117647,4.823529412,0,Black Friday,1
2022-11-10 00:00:00+02:00,5767.91,5517.91,0,47,11531.58429,,63,3503.220665,14919.74,8859.89,,8859.89,39,-0.613404121,-0.348986274,4,314,45,0.433883739,-0.900968868,-0.769414827,0.638749422,1584.98,0.287242815,31.25,5.875,0,Black Friday,1
2022-11-11 00:00:00+02:00,15819.89,15469.89,0,74,12363.43571,,68,3760.006532,5767.91,9996.93,,9996.93,39,1.742742172,0.58247482,4,315,45,-0.433883739,-0.900968868,-0.758305808,0.651898996,1559.98,0.10083976,23.33333333,4.933333333,0,Black Friday,1
2022-11-12 00:00:00+02:00,12731.95,12381.95,0,66,12242.45429,,68.28571429,3727.869878,15819.89,13578.82,,13578.82,64,-0.195193519,-0.06236698,4,316,45,-0.974927912,-0.222520934,-0.746972088,0.664855398,1370,0.110644931,23.33333333,4.4,0,Black Friday,1
2022-11-13 00:00:00+02:00,22111.87,21701.87,0,78,13130.59429,,67.71428571,5194.959324,12731.95,15894.89,,15894.89,82,0.736722969,0.391130734,4,317,45,-0.781831482,0.623489802,-0.735417023,0.677614789,3539.98,0.163118662,27.33333333,5.2,0,Black Friday,1
2022-11-14 00:00:00+02:00,11703.93,11473.93,0,41,13381.73857,,64.57142857,5055.975355,22111.87,9945.92,,9945.92,63,-0.470694699,0.176756901,4,318,46,0,1,-0.723644038,0.690173388,4089.98,0.356458511,20.90909091,3.727272727,0,Black Friday,1
2022-11-15 00:00:00+02:00,5049.93,4849.93,0,34,12586.46,,60.28571429,5926.278144,11703.93,10616.88,,10616.88,64,-0.568526982,-0.524348961,4,319,46,0.781831482,0.623489802,-0.711656622,0.702527474,665,0.137115381,28.57142857,4.857142857,0,Black Friday,1
2022-11-16 00:00:00+02:00,18763.93,18313.93,0,61,13135.63,,57.28571429,6342.061469,5049.93,14919.74,,14919.74,82,2.715681207,0.257657975,4,320,46,0.974927912,-0.222520934,-0.699458327,0.714673386,3194.96,0.174455182,23.68421053,3.210526316,15,Black Friday,0
2022-11-17 00:00:00+02:00,6477.96,6277.96,0,28,13237.06571,,54.57142857,6208.860731,18763.93,5767.91,,5767.91,47,-0.654765286,0.123103516,4,321,46,0.433883739,-0.900968868,-0.687052767,0.726607525,915,0.145747982,22.22222222,3.111111111,14,Black Friday,0
2022-11-18 00:00:00+02:00,17137.9,17007.9,0,107,13425.35286,,59.28571429,6319.244048,6477.96,15819.89,,15819.89,74,1.645570519,0.083313474,4,322,46,-0.433883739,-0.900968868,-0.674443619,0.738326354,7287.87,0.428499109,8.125,6.6875,13,Black Friday,0
2022-11-19 00:00:00+02:00,23179.85,22979.85,0,119,14917.91,,66.85714286,7287.802495,17137.9,12731.95,,12731.95,66,0.352549029,0.820604856,4,323,46,-0.974927912,-0.222520934,-0.661634618,0.749826401,3213,0.139818145,12.5,7.4375,12,Black Friday,0
2022-11-20 00:00:00+02:00,16712.96,16512.96,0,95,14146.63714,,69.28571429,6658.046541,23179.85,22111.87,,22111.87,78,-0.278987569,-0.244163429,4,324,46,-0.781831482,0.623489802,-0.648629561,0.761104259,2599.99,0.157451481,10.52631579,5,11,Black Friday,0
2022-11-21 00:00:00+02:00,16963.93,16863.93,0,70,14898.06571,,73.42857143,6633.190648,16712.96,11703.93,,11703.93,41,0.01501649,0.44942169,4,325,47,0,1,-0.635432301,0.772156584,3195.96,0.189514544,7.142857143,5,10,Black Friday,0
2022-11-22 00:00:00+02:00,7691.9,7491.9,0,33,15275.49,,73.28571429,6026.900982,16963.93,5049.93,,5049.93,34,-0.546573229,0.523169628,4,326,47,0.781831482,0.623489802,-0.622046748,0.782980104,960,0.128138389,18.18181818,3,9,Black Friday,0
2022-11-23 00:00:00+02:00,19012.92,18532.92,0,64,15311.06,,73.71428571,6051.604821,7691.9,18763.93,,18763.93,61,1.471810606,0.013269608,4,327,47,0.974927912,-0.222520934,-0.60847687,0.793571609,4141.98,0.223493114,32,4.266666667,8,Black Friday,0
2022-11-24 00:00:00+02:00,26681.87,25971.87,0,141,18197.33286,,89.85714286,5953.838998,19012.92,6477.96,,6477.96,28,0.403354666,3.118869212,4,328,47,0.433883739,-0.900968868,-0.594726687,0.803927962,2232.03,0.085940288,25.35714286,5.035714286,7,Black Friday,1
2022-11-25 00:00:00+02:00,67830.98,66900.98,0,349,25439.20143,,124.4285714,19612.72164,26681.87,17137.9,,17137.9,107,1.542212371,2.957951674,4,329,47,-0.433883739,-0.900968868,-0.580800273,0.814046094,6383,0.095409664,12.91666667,4.847222222,6,Black Friday,1
2022-11-26 00:00:00+02:00,100145.24,98735.24,0,493,36434.25714,,177.8571429,34248.11888,67830.98,23179.85,,23179.85,119,0.476393825,3.320357552,4,330,47,-0.974927912,-0.222520934,-0.566701756,0.823923006,4759.7,0.048206699,18.07692308,6.320512821,5,Black Friday,1
2022-11-27 00:00:00+02:00,55386.96,54046.96,0,269,41959.11429,,202.7142857,33650.6784,100145.24,16712.96,,16712.96,95,-0.446933674,2.314012599,4,331,47,-0.781831482,0.623489802,-0.552435313,0.833555772,2013,0.037245388,20,4.014925373,4,Black Friday,1
2022-11-28 00:00:00+02:00,52012,50442,0,266,46965.98143,,230.7142857,31872.2167,55386.96,16963.93,,16963.93,70,-0.060934198,2.066034816,4,332,48,0,1,-0.538005172,0.842941537,1964,0.038935807,21.80555556,3.694444444,3,Black Friday,1
2022-11-29 00:00:00+02:00,59521,58291,0,299,54370.13857,,268.7142857,26852.85026,52012,7691.9,,7691.9,33,0.14437053,6.738140121,4,333,48,0.781831482,0.623489802,-0.523415607,0.852077521,3088,0.052975588,17.82608696,4.333333333,2,Black Friday,1
2022-11-30 00:00:00+02:00,68655.96,67245.96,0,398,61462.00143,24463.355,316.4285714,22092.01801,59521,19012.92,,19012.92,64,0.153474572,2.611016088,4,334,48,0.974927912,-0.222520934,-0.508670944,0.860961016,4805,0.071454107,16.78571429,4.738095238,1,Black Friday,1
2022-12-01 00:00:00+02:00,32722.98,31842.98,0,139,62325.01714,25279.88967,316.1428571,20572.65092,68655.96,26681.87,8226.94,26681.87,141,-0.523377431,0.226412542,4,335,48,0.433883739,-0.900968868,-0.49377555,0.869589389,843,0.026473653,21.46341463,3.390243902,0,Black Friday,1
2022-12-02 00:00:00+02:00,46552.97,45022.97,0,220,59285.30143,26414.99533,297.7142857,21186.34206,32722.98,67830.98,12499.8,67830.98,349,0.422638464,-0.31369162,4,336,48,-0.433883739,-0.900968868,-0.47873384,0.877960085,1264,0.028074558,25.08196721,3.606557377,0,Christmas,1
2022-12-03 00:00:00+02:00,44948.98,43738.98,0,251,51400.12143,27617.965,263.1428571,11503.11281,46552.97,100145.24,8859.89,100145.24,493,-0.034455159,-0.551162092,4,337,48,-0.974927912,-0.222520934,-0.463550271,0.886070622,3113,0.071172213,22.40740741,4.648148148,0,Christmas,1
2022-12-04 00:00:00+02:00,29560,28330,0,161,47710.55571,28270.06733,247.7142857,13902.84972,44948.98,55386.96,9996.93,55386.96,269,-0.3423655,-0.466300371,4,338,48,-0.781831482,0.623489802,-0.448229342,0.893918597,875,0.030885987,29.28571429,3.833333333,0,Christmas,1
2022-12-05 00:00:00+02:00,21892.98,20822.98,0,92,43407.83857,28547.206,222.8571429,16724.1669,29560,52012,13578.82,52012,266,-0.259371448,-0.57907829,4,339,49,0,1,-0.432775593,0.901501684,0,0,35.66666667,3.066666667,0,Christmas,1
2022-12-06 00:00:00+02:00,21932.23,21052.23,0,128,38038.01429,28748.45067,198.4285714,16722.78512,21892.98,59521,15894.89,59521,299,0.001792812,-0.631521144,4,340,49,0.781831482,0.623489802,-0.417193603,0.908817637,115.7,0.005495855,36.66666667,5.333333333,0,Christmas,1
2022-12-07 00:00:00+02:00,10300.97,9850.97,0,37,29701.58714,28760.28567,146.8571429,13059.6207,21932.23,68655.96,9945.92,68655.96,398,-0.530327285,-0.84996248,4,341,49,0.974927912,-0.222520934,-0.401487989,0.915864288,100,0.010151285,34.61538462,2.846153846,0,Christmas,1
2022-12-08 00:00:00+02:00,15897.94,14937.94,0,65,27298.01,28936.321,136.2857143,13930.14557,10300.97,32722.98,10616.88,32722.98,139,0.543343976,-0.514165886,4,342,49,0.433883739,-0.900968868,-0.385663406,0.922639549,540,0.036149563,43.63636364,2.954545455,0,Christmas,1
2022-12-09 00:00:00+02:00,10382.99,10102.99,0,41,22130.87,28785.096,110.7142857,12198.10642,15897.94,46552.97,14919.74,46552.97,220,-0.346897145,-0.776963962,4,343,49,-0.433883739,-0.900968868,-0.369724543,0.929141411,0,0,28,4.1,0,Christmas,1
2022-12-10 00:00:00+02:00,7521.98,7271.98,0,23,16784.15571,28843.565,78.14285714,8014.620478,10382.99,44948.98,5767.91,44948.98,251,-0.275547795,-0.832655157,4,344,49,-0.974927912,-0.222520934,-0.353676122,0.935367949,0,0,25,2.3,15,Christmas,0
2022-12-11 00:00:00+02:00,9394.95,8814.95,0,27,13903.43429,28629.40033,59,6037.288583,7521.98,29560,15819.89,29560,161,0.248999599,-0.682173545,4,345,49,-0.781831482,0.623489802,-0.3375229,0.941317318,380,0.043108583,44.61538462,2.076923077,14,Christmas,0
2022-12-12 00:00:00+02:00,23110.88,22760.88,0,82,14077.42,28975.36467,57.57142857,6316.980282,9394.95,21892.98,12731.95,21892.98,92,1.459925811,0.055629704,4,346,50,0,1,-0.321269662,0.946987753,0,0,18.42105263,4.315789474,13,Christmas,0
2022-12-13 00:00:00+02:00,18121.9,17741.9,0,48,13533.08714,28842.36567,46.14285714,5657.018205,23110.88,21932.23,22111.87,21932.23,128,-0.215871486,-0.173731992,4,347,50,0.781831482,0.623489802,-0.304921225,0.952377576,203,0.011441841,23.75,3,12,Christmas,0
2022-12-14 00:00:00+02:00,18819.9,18369.9,0,43,14750.07714,29079.56467,47,5761.184574,18121.9,10300.97,11703.93,10300.97,37,0.038516933,0.8270027,4,348,50,0.974927912,-0.222520934,-0.288482433,0.957485188,0,0,34.61538462,3.307692308,11,Christmas,0
2022-12-15 00:00:00+02:00,10000.99,9670.99,0,24,13907.65571,29244.6,41.14285714,5991.88352,18819.9,15897.94,5049.93,15897.94,65,-0.468594945,-0.370925415,4,349,50,0.433883739,-0.900968868,-0.271958158,0.962309077,100,0.010340203,36.66666667,2.666666667,10,Christmas,0
2022-12-16 00:00:00+02:00,13583.98,13283.98,0,28,14364.94,29071.935,39.28571429,5797.035792,10000.99,10382.99,18763.93,10382.99,41,0.358263532,0.308291735,4,350,50,-0.433883739,-0.900968868,-0.255353295,0.966847814,0,0,30,2.8,9,Christmas,0
2022-12-17 00:00:00+02:00,14093.96,13863.96,0,39,15303.79429,29325.80167,41.57142857,4978.469323,13583.98,7521.98,6477.96,7521.98,23,0.037542753,0.873703466,4,351,50,-0.974927912,-0.222520934,-0.238672766,0.971100052,465,0.033540201,25.55555556,4.333333333,8,Christmas,0
2022-12-18 00:00:00+02:00,10714.96,10434.96,0,30,15492.36714,29111.70367,42,4736.471649,14093.96,9394.95,17137.9,9394.95,27,-0.239748091,0.140502078,4,352,50,-0.781831482,0.623489802,-0.221921513,0.975064532,975,0.093435912,28,3,7,Christmas,1
2022-12-19 00:00:00+02:00,9569.98,9089.98,0,43,13557.95286,28658.04133,36.42857143,3773.685267,10714.96,23110.88,23179.85,23110.88,82,-0.106858075,-0.585910186,4,353,51,0,1,-0.2051045,0.97874008,0,0,36.92307692,3.307692308,6,Christmas,1
2022-12-20 00:00:00+02:00,9290,8610,0,49,12296.25286,28410.60933,36.57142857,3456.559051,9569.98,18121.9,16712.96,18121.9,48,-0.02925607,-0.487360597,4,354,51,0.781831482,0.623489802,-0.18822671,0.982125606,0,0,45.33333333,3.266666667,5,Christmas,1
2022-12-21 00:00:00+02:00,7185,7005,0,21,10634.12429,28084.645,33.42857143,2446.59753,9290,18819.9,16963.93,18819.9,43,-0.226587729,-0.618223264,4,355,51,0.974927912,-0.222520934,-0.171293144,0.985220107,0,0,25.71428571,3,4,Christmas,1
2022-12-22 00:00:00+02:00,10464.98,10254.98,0,52,10700.40857,28177.081,37.42857143,2432.832107,7185,10000.99,7691.9,10000.99,24,0.456503827,0.046394407,4,356,51,0.433883739,-0.900968868,-0.154308821,0.988022666,2520,0.245734268,26.25,6.5,3,Christmas,1
2022-12-23 00:00:00+02:00,5204,5004,0,13,9503.268571,27716.78367,35.28571429,2809.968745,10464.98,13583.98,19012.92,13583.98,28,-0.502722413,-0.616901674,4,357,51,-0.433883739,-0.900968868,-0.137278772,0.990532452,0,0,33.33333333,2.166666667,2,Christmas,1
2022-12-24 00:00:00+02:00,13712,13532,0,46,9448.702857,27284.45467,36.28571429,2707.818206,5204,14093.96,26681.87,14093.96,39,1.634896234,-0.027100971,4,358,51,-0.974927912,-0.222520934,-0.120208045,0.992748722,0,0,22.5,5.75,1,Christmas,1
2022-12-25 00:00:00+02:00,19180,18980,0,58,10657.99429,25662.75533,40.28571429,4598.037865,13712,10714.96,67830.98,10714.96,30,0.398774796,0.790020681,4,359,51,-0.781831482,0.623489802,-0.103101697,0.99467082,250,0.01317176,15.38461538,4.461538462,0,Christmas,1
2022-12-26 00:00:00+02:00,29261,28371,0,108,13470.99714,23299.94733,49.57142857,8330.154703,19180,9569.98,100145.24,9569.98,43,0.525599583,2.057582148,4,360,52,0,1,-0.085964799,0.996298175,264,0.009305277,30.68965517,3.724137931,0,Valentine's Day,1
2022-12-27 00:00:00+02:00,17887,17607,0,49,14699.14,22049.94867,49.57142857,8244.29969,29261,9290,55386.96,9290,49,-0.38870852,0.92540366,4,361,52,0.781831482,0.623489802,-0.068802427,0.997630305,264,0.014994036,23.33333333,4.083333333,0,Valentine's Day,1
2022-12-28 00:00:00+02:00,14992,14162,0,42,15814.42571,20815.94867,52.57142857,7557.857894,17887,7185,52012,7185,21,-0.161849388,1.086569241,4,362,52,0.974927912,-0.222520934,-0.051619667,0.998666816,302,0.021324672,43.68421053,2.210526316,0,Valentine's Day,1
2022-12-29 00:00:00+02:00,18933,18433,0,56,17024.14286,19463.01533,53.14285714,7229.48042,14992,10464.98,59521,10464.98,52,0.262873533,0.809176893,4,363,52,0.433883739,-0.900968868,-0.034421612,0.999407401,0,0,29.41176471,3.294117647,0,Valentine's Day,1
2022-12-30 00:00:00+02:00,19818,19258,0,65,19111.85714,17835.08333,60.57142857,5019.500753,18933,5204,68655.96,5204,13,0.046743781,2.808224443,4,364,52,-0.433883739,-0.900968868,-0.017213356,0.999851839,0,0,31.11111111,3.611111111,0,Valentine's Day,1
2022-12-31 00:00:00+02:00,25173.98,24383.98,0,97,20749.28286,17583.45,67.85714286,4830.373734,19818,13712,32722.98,13712,46,0.270258351,0.835908693,4,365,52,-0.974927912,-0.222520934,6.43E-16,1,0,0,32.91666667,4.041666667,0,Valentine's Day,1
2023-01-01 00:00:00+02:00,37897,36997,0,114,23423.14,17294.91767,75.85714286,7974.229668,25173.98,19180,46552.97,19180,58,0.505403595,0.975860271,1,1,52,-0.781831482,0.623489802,0.017213356,0.999851839,283,0.007649269,32.14285714,4.071428571,0,Valentine's Day,1
2023-01-02 00:00:00+02:00,27991,26911,0,85,23241.71143,16729.65167,72.57142857,7832.457619,37897,29261,44948.98,29261,108,-0.261392722,-0.043402481,1,2,1,0,1,0.034421612,0.999407401,0,0,38.57142857,3.035714286,0,Valentine's Day,1
2023-01-03 00:00:00+02:00,25009,23729,0,109,24259.14,16577.95167,81.14285714,7475.388532,27991,17887,29560,17887,49,-0.106534243,0.398166266,1,3,1,0.781831482,0.623489802,0.051619667,0.998666816,0,0,37.64705882,3.205882353,0,Valentine's Day,1
2023-01-04 00:00:00+02:00,35310.2,34560.2,0,110,27161.74,17025.19233,90.85714286,7217.560048,25009,14992,21892.98,14992,42,0.411899716,1.355269477,1,4,1,0.974927912,-0.222520934,0.068802427,0.997630305,867.8,0.025109808,22.72727273,3.333333333,0,Valentine's Day,1
2023-01-05 00:00:00+02:00,29520.99,28440.99,0,88,28674.31,17278.151,95.42857143,6250.304804,35310.2,18933,21932.23,18933,56,-0.163952909,0.55923467,1,5,1,0.433883739,-0.900968868,0.085964799,0.996298175,0,0,40,3.259259259,0,Valentine's Day,1
2023-01-06 00:00:00+02:00,23127,21797,0,84,29147.02429,17705.68533,98.14285714,5555.358834,29520.99,19818,10300.97,19818,65,-0.216591314,0.166969422,1,6,1,-0.433883739,-0.900968868,0.103101697,0.99467082,0,0,45.86206897,2.896551724,0,Valentine's Day,1
2023-01-07 00:00:00+02:00,30843.98,30028.98,0,106,29957.02429,18203.88667,99.42857143,5286.365299,23127,25173.98,15897.94,25173.98,97,0.333678385,0.225232562,1,7,1,-0.974927912,-0.222520934,0.120208045,0.992748722,463,0.015418439,29.10714286,3.785714286,0,Valentine's Day,1
2023-01-08 00:00:00+02:00,12343,11663,0,42,26306.45286,18269.22033,89.14285714,7321.177995,30843.98,37897,10382.99,37897,114,-0.599824666,-0.674301396,1,8,1,-0.781831482,0.623489802,0.137278772,0.990532452,0,0,42.5,2.625,0,Valentine's Day,1
2023-01-09 00:00:00+02:00,17511,17181,0,54,24809.31,18602.18767,84.71428571,7962.7269,12343,27991,7521.98,27991,85,0.418698858,-0.374406059,1,9,2,0,1,0.154308821,0.988022666,90,0.005238345,22,3.6,0,Valentine's Day,1
2023-01-10 00:00:00+02:00,24917,23977,0,88,24796.16714,19119.58933,81.71428571,7962.418289,17511,25009,9394.95,25009,109,0.422934156,-0.003678676,1,10,2,0.781831482,0.623489802,0.171293144,0.985220107,0,0,34.81481481,3.259259259,0,Valentine's Day,1
2023-01-11 00:00:00+02:00,36230,35670,0,114,24927.56714,19556.89333,82.28571429,8169.734953,24917,35310.2,23110.88,35310.2,110,0.454027371,0.02604913,1,11,2,0.974927912,-0.222520934,0.18822671,0.982125606,0,0,23.33333333,4.75,0,Valentine's Day,1
2023-01-12 00:00:00+02:00,45648.98,44388.98,0,133,27231.56571,20474.46267,88.71428571,11340.09088,36230,29520.99,18121.9,29520.99,88,0.259977367,0.546322803,1,12,2,0.433883739,-0.900968868,0.2051045,0.97874008,405,0.009123886,29.30232558,3.093023256,0,Valentine's Day,1
2023-01-13 00:00:00+02:00,52862.99,51522.99,0,164,31479.56429,21609.23233,100.1428571,14636.65476,45648.98,23127,18819.9,23127,84,0.158032228,1.285769447,1,13,2,-0.433883739,-0.900968868,0.221921513,0.975064532,4432,0.086019852,29.77777778,3.644444444,0,Valentine's Day,1
2023-01-14 00:00:00+02:00,46584,45624,0,142,33728.13857,22828.666,105.2857143,15693.61538,52862.99,30843.98,10000.99,30843.98,106,-0.118778563,0.510310926,1,14,2,-0.974927912,-0.222520934,0.238672766,0.971100052,689,0.015101701,26.66666667,3.944444444,0,Valentine's Day,1
2023-01-15 00:00:00+02:00,46935,46005,0,137,38669.85286,23940.36667,118.8571429,13063.24767,46584,12343,13583.98,12343,42,0.007534776,2.802560156,1,15,2,-0.781831482,0.623489802,0.255353295,0.966847814,0,0,30,4.419354839,0,Valentine's Day,1
2023-01-16 00:00:00+02:00,36506,35296,0,100,41383.42429,24687.43467,125.4285714,9392.652745,46935,17511,14093.96,17511,54,-0.222200916,1.084746731,1,16,3,0,1,0.271958158,0.962309077,0,0,36.66666667,3.03030303,0,Valentine's Day,1
2023-01-17 00:00:00+02:00,28298,27318,0,86,41866.42429,25273.536,125.1428571,8443.772167,36506,24917,10714.96,24917,88,-0.224839752,0.135690492,1,17,3,0.781831482,0.623489802,0.288482433,0.957485188,454,0.016619079,33.79310345,2.965517241,0,Valentine's Day,1
2023-01-18 00:00:00+02:00,9040,8760,0,19,37982.13857,25255.87,111.5714286,15099.5301,28298,36230,9569.98,36230,114,-0.680542795,-0.750483025,1,18,3,0.974927912,-0.222520934,0.304921225,0.952377576,0,0,35,2.375,0,Valentine's Day,1
2023-01-19 00:00:00+02:00,24789.98,24049.98,0,53,35002.28143,25772.536,100.1428571,15389.7726,9040,45648.98,9290,45648.98,133,1.742254425,-0.456943397,1,19,3,0.433883739,-0.900968868,0.321269662,0.946987753,0,0,33.63636364,2.409090909,0,Valentine's Day,1
2023-01-20 00:00:00+02:00,20362.99,19582.99,0,54,30359.42429,26211.80233,84.42857143,13937.25039,24789.98,52862.99,7185,52862.99,164,-0.178579813,-0.614796855,1,20,3,-0.433883739,-0.900968868,0.3375229,0.941317318,207,0.010570398,35.45454545,2.454545455,0,Valentine's Day,1
2023-01-21 00:00:00+02:00,42681.99,41771.99,0,114,29801.99429,27285.70267,80.42857143,13240.8167,20362.99,46584,10464.98,46584,142,1.096057111,-0.08376288,1,21,3,-0.974927912,-0.222520934,0.353676122,0.935367949,0,0,27.57575758,3.454545455,0,Valentine's Day,1
2023-01-22 00:00:00+02:00,19048.99,18388.99,0,46,25818.27857,27747.20233,67.42857143,11276.17431,42681.99,46935,5204,46935,137,-0.553699581,-0.594141046,1,22,3,-0.781831482,0.623489802,0.369724543,0.929141411,0,0,34.73684211,2.421052632,0,Valentine's Day,1
2023-01-23 00:00:00+02:00,47113.98,46313.98,0,126,27333.70429,28860.60167,71.14285714,13454.34593,19048.99,36506,13712,36506,100,1.473305934,0.290581822,1,23,4,0,1,0.385663406,0.922639549,0,0,29.62962963,4.666666667,0,Valentine's Day,1
2023-01-24 00:00:00+02:00,28583.96,28203.96,0,96,27374.55571,29174.067,72.57142857,13458.19538,47113.98,28298,19180,28298,86,-0.393301946,0.010105308,1,24,4,0.781831482,0.623489802,0.401487989,0.915864288,0,0,18.0952381,4.571428571,0,Valentine's Day,1
2023-01-25 00:00:00+02:00,12214.98,11704.98,0,36,27828.12429,28605.86633,75,12773.37641,28583.96,9040,29261,9040,19,-0.57266313,0.351214602,1,25,4,0.974927912,-0.222520934,0.417193603,0.908817637,0,0,36.42857143,2.571428571,0,Valentine's Day,1
2023-01-26 00:00:00+02:00,23896.99,23296.99,0,76,27700.55429,28806.19933,78.28571429,12813.17321,12214.98,24789.98,17887,24789.98,53,0.956367509,-0.036022215,1,26,4,0.433883739,-0.900968868,0.432775593,0.901501684,0,0,26.08695652,3.304347826,0,Valentine's Day,1
2023-01-27 00:00:00+02:00,43399,42949,0,146,30991.41286,29753.09933,91.42857143,13551.49157,23896.99,20362.99,14992,20362.99,54,0.816086461,1.131268542,1,27,4,-0.433883739,-0.900968868,0.448229342,0.893918597,0,0,21.42857143,6.952380952,0,Valentine's Day,1
2023-01-28 00:00:00+02:00,11515.99,11115.99,0,34,26539.12714,29505.86567,80,14175.80161,43399,42681.99,18933,42681.99,114,-0.734648494,-0.730190884,1,28,4,-0.974927912,-0.222520934,0.463550271,0.886070622,0,0,33.33333333,2.833333333,0,Valentine's Day,1
2023-01-29 00:00:00+02:00,15230,14730,0,44,25993.55714,29352.93233,79.71428571,14579.84216,11515.99,19048.99,19818,19048.99,46,0.322508964,-0.200482545,1,29,4,-0.781831482,0.623489802,0.47873384,0.877960085,231,0.015682281,27.77777778,2.444444444,0,Valentine's Day,1
2023-01-30 00:00:00+02:00,15447.97,14997.97,0,42,21469.84143,29028.732,67.71428571,11527.64723,15230,47113.98,25173.98,47113.98,126,0.014311884,-0.672114943,1,30,5,0,1,0.49377555,0.869589389,0,0,30,2.8,15,Valentine's Day,0
2023-01-31 00:00:00+02:00,36557,36097,0,172,22608.84714,28984.06533,78.57142857,12683.65245,15447.97,28583.96,37897,28583.96,96,1.3664598,0.27893406,1,31,5,0.781831482,0.623489802,0.508670944,0.860961016,0,0,19.16666667,7.166666667,14,Valentine's Day,0
2023-02-01 00:00:00+02:00,18711,17821,0,81,23536.85,28674.732,85,12016.53478,36557,12214.98,27991,12214.98,36,-0.48816916,0.531807666,1,32,5,0.974927912,-0.222520934,0.523415607,0.852077521,0,0,38.69565217,3.52173913,13,Valentine's Day,0
2023-02-02 00:00:00+02:00,32857.99,31897.99,0,110,24816.99286,28936.365,89.85714286,12527.73749,18711,23896.99,25009,23896.99,76,0.756078777,0.374984465,1,33,5,0.433883739,-0.900968868,0.538005172,0.842941537,0,0,33.10344828,3.793103448,12,Valentine's Day,0
2023-02-03 00:00:00+02:00,12185,11425,0,43,20357.85,28165.525,75.14285714,10138.65382,32857.99,43399,35310.2,43399,146,-0.629161735,-0.719233162,1,34,5,-0.433883739,-0.900968868,0.552435313,0.833555772,0,0,42.22222222,2.388888889,11,Valentine's Day,0
2023-02-04 00:00:00+02:00,24407.28,23727.28,0,81,22199.46286,27995.068,81.85714286,9409.502625,12185,11515.99,29520.99,11515.99,34,1.003059499,1.119425251,1,35,5,-0.974927912,-0.222520934,0.566701756,0.823923006,107.7,0.004539079,30.90909091,3.681818182,10,Valentine's Day,0
2023-02-05 00:00:00+02:00,28603.5,28023.5,0,95,24109.96286,28177.618,89.14285714,9111.537058,24407.28,15230,23127,15230,44,0.171924934,0.878102429,1,36,5,-0.781831482,0.623489802,0.580800273,0.814046094,0,0,30.52631579,5,9,Valentine's Day,0
2023-02-06 00:00:00+02:00,26025,25025,0,136,25620.96714,28016.98533,102.5714286,8274.216526,28603.5,15447.97,30843.98,15447.97,42,-0.090146311,0.684687373,1,37,6,0,1,0.594726687,0.803927962,0,0,31.25,4.25,8,Valentine's Day,0
2023-02-07 00:00:00+02:00,34167.98,32937.98,0,143,25279.67857,28744.48467,98.42857143,7782.621919,26025,36557,12343,36557,172,0.312890682,-0.065350548,1,38,6,0.781831482,0.623489802,0.60847687,0.793571609,165,0.005009415,35.14285714,4.085714286,7,Valentine's Day,1
2023-02-08 00:00:00+02:00,21645,20945,0,81,25698.82143,28882.28467,98.42857143,7441.424692,34167.98,18711,17511,18711,81,-0.366512156,0.156806157,1,39,6,0.974927912,-0.222520934,0.622046748,0.782980104,0,0,31.81818182,3.681818182,6,Valentine's Day,1
2023-02-09 00:00:00+02:00,20366.97,19966.97,0,80,23914.39,28730.617,94.14285714,6917.783665,21645,32857.99,24917,32857.99,110,-0.059045045,-0.380151677,1,40,6,0.433883739,-0.900968868,0.635432301,0.772156584,0,0,21.05263158,4.210526316,5,Valentine's Day,1
2023-02-10 00:00:00+02:00,23369.95,22259.95,0,114,25512.24,28301.94867,104.2857143,4690.066414,20366.97,12185,36230,12185,43,0.147443631,0.91792778,1,41,6,-0.433883739,-0.900968868,0.648629561,0.761104259,782,0.035130357,41.11111111,4.222222222,4,Valentine's Day,1
2023-02-11 00:00:00+02:00,29105.48,28475.48,0,100,26183.41143,27750.49867,107,4839.378012,23369.95,24407.28,45648.98,24407.28,81,0.245423289,0.192491748,1,42,6,-0.974927912,-0.222520934,0.661634618,0.749826401,802.5,0.028182141,23.33333333,3.703703704,3,Valentine's Day,1
2023-02-12 00:00:00+02:00,25636.98,24596.98,0,86,25759.62286,26842.965,105.7142857,4720.558911,29105.48,28603.5,52862.99,28603.5,95,-0.119169998,-0.103711784,1,43,6,-0.781831482,0.623489802,0.674443619,0.738326354,0,0,40,3.307692308,2,Valentine's Day,1
2023-02-13 00:00:00+02:00,16215.99,15705.99,0,54,24358.33571,25830.698,94,5929.689735,25636.98,26025,46584,26025,136,-0.36747659,-0.376907205,1,44,7,0,1,0.687052767,0.726607525,0,0,34,3.6,1,Valentine's Day,1
2023-02-14 00:00:00+02:00,29461,28271,0,127,23685.91,25248.23133,91.71428571,4789.055048,16215.99,34167.98,46935,34167.98,143,0.816787011,-0.137759973,1,45,7,0.781831482,0.623489802,0.699458327,0.714673386,776,0.027448622,37.1875,3.96875,0,Valentine's Day,1
2023-02-15 00:00:00+02:00,24575.2,23925.2,0,85,24104.51,24850.538,92.28571429,4708.312346,29461,21645,36506,21645,81,-0.165839585,0.135375375,1,46,7,0.974927912,-0.222520934,0.711656622,0.702527474,232.8,0.009730326,28.26086957,3.695652174,0,Mother's Day,1
2023-02-16 00:00:00+02:00,29028.99,28318.99,0,86,25341.94143,24874.90433,93.14285714,4700.565092,24575.2,20366.97,28298,20366.97,80,0.181231078,0.42529743,1,47,7,0.433883739,-0.900968868,0.723644038,0.690173388,0,0,29.58333333,3.583333333,0,Mother's Day,1
2023-02-17 00:00:00+02:00,30381,29371,0,87,26343.52,25586.271,89.28571429,4950.641655,29028.99,23369.95,9040,23369.95,114,0.046574476,0.300002781,1,48,7,-0.433883739,-0.900968868,0.735417023,0.677614789,0,0,32.58064516,2.806451613,0,Mother's Day,1
2023-02-18 00:00:00+02:00,31984,31424,0,99,26754.73714,25826.07167,89.14285714,5323.783297,30381,29105.48,24789.98,29105.48,100,0.05276324,0.098899589,1,49,7,-0.974927912,-0.222520934,0.746972088,0.664855398,0,0,28,4.95,0,Mother's Day,1
2023-02-19 00:00:00+02:00,28206,27296,0,123,27121.74,26087.50533,94.42857143,5322.436108,31984,25636.98,20362.99,25636.98,86,-0.118121561,0.100207591,1,50,7,-0.781831482,0.623489802,0.758305808,0.651898996,0,0,37.91666667,5.125,0,Mother's Day,1
2023-02-20 00:00:00+02:00,33386.97,32756.97,0,130,29574.73714,25777.67133,105.2857143,2833.352424,28206,16215.99,42681.99,16215.99,54,0.183683259,1.058891872,1,51,8,0,1,0.769414827,0.638749422,256,0.007815131,25.2,5.2,0,Mother's Day,1
2023-02-21 00:00:00+02:00,31893.8,30833.8,0,88,29922.28,26205.83167,99.71428571,2963.301365,33386.97,29461,19048.99,29461,127,-0.044723136,0.082576966,1,52,8,0.781831482,0.623489802,0.780295851,0.625410573,75.2,0.002438882,32.12121212,2.666666667,0,Mother's Day,1
2023-02-22 00:00:00+02:00,34048.96,33258.96,0,132,31275.67429,25770.331,106.4285714,2171.920062,31893.8,24575.2,47113.98,24575.2,85,0.067573008,0.38550083,1,53,8,0.974927912,-0.222520934,0.790945657,0.611886401,0,0,31.6,5.28,0,Mother's Day,1
2023-02-23 00:00:00+02:00,20623.99,19943.99,0,58,30074.96,25504.99867,102.4285714,4593.876446,34048.96,29028.99,28583.96,29028.99,86,-0.394284289,-0.289538148,1,54,8,0.433883739,-0.900968868,0.801361088,0.598180914,0,0,32.38095238,2.761904762,0,Mother's Day,1
2023-02-24 00:00:00+02:00,38885.99,37915.99,0,132,31289.95857,26394.03233,108.8571429,5683.737668,20623.99,30381,12214.98,30381,87,0.885473664,0.279944373,1,55,8,-0.433883739,-0.900968868,0.811539059,0.584298174,497,0.013107926,30.3125,4.125,0,Mother's Day,1
2023-02-25 00:00:00+02:00,37992,36542,0,121,32148.24429,26863.866,112,6233.088166,38885.99,31984,23896.99,31984,99,-0.022990028,0.187843922,1,56,8,-0.974927912,-0.222520934,0.821476553,0.570242293,0,0,39.18918919,3.27027027,0,Mother's Day,1
2023-02-26 00:00:00+02:00,38189.98,37269.98,0,112,33574.52714,26690.232,110.4285714,6322.310093,37992,28206,43399,28206,123,0.005211097,0.353966532,1,57,8,-0.781831482,0.623489802,0.831170626,0.556017437,0,0,30.66666667,3.733333333,0,Mother's Day,1
2023-02-27 00:00:00+02:00,15848,15418,0,55,31068.96,26834.63233,99.71428571,9220.259842,38189.98,33386.97,11515.99,33386.97,130,-0.58502204,-0.525323801,1,58,9,0,1,0.840618406,0.541627821,0,0,26.875,3.4375,0,Mother's Day,1
2023-02-28 00:00:00+02:00,16198.98,15338.98,0,62,28826.84286,26866.93167,96,10765.10929,15848,31893.8,15230,31893.8,88,0.022146643,-0.492096269,1,59,9,0.781831482,0.623489802,0.849817092,0.527077709,0,0,40.95238095,2.952380952,0,Mother's Day,1
2023-03-01 00:00:00+02:00,30544,29744,0,101,28326.13429,27370.13267,91.57142857,10561.31799,16198.98,34048.96,15447.97,34048.96,132,0.885550819,-0.102938827,1,60,9,0.974927912,-0.222520934,0.858763958,0.512371412,2134.4,0.07175901,32,4.04,0,Mother's Day,1
2023-03-02 00:00:00+02:00,15960.4,14990.4,0,41,27659.90714,26683.57933,89.14285714,11252.62913,30544,20623.99,36557,20623.99,58,-0.477462022,-0.226124528,1,61,9,0.433883739,-0.900968868,0.867456355,0.497513289,983.6,0.065615327,51.05263158,2.157894737,0,Mother's Day,1
2023-03-03 00:00:00+02:00,7927.1,7797.1,0,18,23237.20857,26324.116,72.85714286,12152.96176,15960.4,38885.99,18711,38885.99,132,-0.503326984,-0.79614509,1,62,9,-0.433883739,-0.900968868,0.875891705,0.482507742,143.9,0.01845558,26,3.6,0,Mother's Day,1
2023-03-04 00:00:00+02:00,19353.2,19073.2,0,44,20574.52286,25873.95633,61.85714286,10278.77475,7927.1,37992,32857.99,37992,121,1.441397232,-0.490598021,1,63,9,-0.974927912,-0.222520934,0.88406751,0.467359217,1228.8,0.064425477,21.53846154,3.384615385,0,Mother's Day,1
2023-03-05 00:00:00+02:00,20448.8,19868.8,0,51,18040.06857,26149.41633,53.14285714,6815.014415,19353.2,38189.98,12185,38189.98,112,0.056610793,-0.464550649,1,64,9,-0.781831482,0.623489802,0.891981346,0.452072204,1322.2,0.066546545,29,2.55,0,Mother's Day,1
2023-03-06 00:00:00+02:00,21175.8,20435.8,0,56,18801.18286,26041.70033,53.28571429,6826.896698,20448.8,15848,24407.28,15848,55,0.035552208,0.336181222,1,65,10,0,1,0.89963087,0.436651232,1707.2,0.083539671,41.11111111,3.111111111,15,Mother's Day,0
2023-03-07 00:00:00+02:00,24578.9,24318.9,0,69,19998.31429,25907.547,54.28571429,7026.35279,21175.8,16198.98,28603.5,16198.98,62,0.160707034,0.517311584,1,66,10,0.781831482,0.623489802,0.907013813,0.421100871,473.1,0.019454005,21.66666667,5.75,14,Mother's Day,0
2023-03-08 00:00:00+02:00,25116.9,24766.9,0,75,19223.01429,25877.277,50.57142857,5873.650244,24578.9,30544,26025,30544,101,0.021888693,-0.177681378,1,67,10,0.974927912,-0.222520934,0.914127988,0.405425728,1609.1,0.064969778,20.58823529,4.411764706,13,Mother's Day,0
2023-03-09 00:00:00+02:00,19236.7,18936.7,0,59,19691.05714,25379.56767,53.14285714,5698.255429,25116.9,15960.4,34167.98,15960.4,41,-0.234113286,0.20527681,1,68,10,0.433883739,-0.900968868,0.920971288,0.38963045,842.3,0.044479767,17.64705882,3.470588235,12,Mother's Day,0
2023-03-10 00:00:00+02:00,25351.6,25151.6,0,70,22180.27143,25503.121,60.57142857,2741.606374,19236.7,7927.1,21645,7927.1,18,0.317876767,2.198092619,1,69,10,-0.433883739,-0.900968868,0.927541684,0.373719715,135.4,0.005383355,12.5,4.375,11,Mother's Day,0
2023-03-11 00:00:00+02:00,18326,17866,0,62,22033.52857,25435.08867,63.14285714,2938.559006,25351.6,19353.2,20366.97,19353.2,44,-0.277126493,-0.053076494,1,70,10,-0.974927912,-0.222520934,0.933837229,0.357698239,0,0,25.55555556,3.444444444,10,Mother's Day,0
2023-03-12 00:00:00+02:00,27124.5,26714.5,0,72,22987.2,25560.24033,66.14285714,3387.500929,18326,20448.8,23369.95,20448.8,51,0.480110226,0.326459254,1,71,10,-0.781831482,0.623489802,0.939856058,0.341570769,392.5,0.014692396,14.64285714,2.571428571,9,Mother's Day,0
2023-03-13 00:00:00+02:00,32680.2,31770.2,0,119,24630.68571,25679.39767,75.14285714,4841.086952,27124.5,21175.8,29105.48,21175.8,56,0.204822209,0.543280537,1,72,11,0,1,0.945596387,0.325342085,809.8,0.025489295,28.4375,3.71875,8,Mother's Day,0
2023-03-14 00:00:00+02:00,20721,20341,0,85,24079.55714,25515.53167,77.42857143,5062.501012,32680.2,24578.9,25636.98,24578.9,69,-0.365946353,-0.156959831,1,73,11,0.781831482,0.623489802,0.951056516,0.309016994,0,0,18.0952381,4.047619048,7,Mother's Day,1
2023-03-15 00:00:00+02:00,40237.3,39357.3,0,131,26239.61429,26316.242,85.42857143,7969.830038,20721,25116.9,16215.99,25116.9,75,0.941860914,0.602001043,1,74,11,0.974927912,-0.222520934,0.956234827,0.292600336,172.7,0.004388004,24.44444444,3.638888889,6,Mother's Day,1
2023-03-16 00:00:00+02:00,35686.4,34696.4,0,110,28589.57143,26523.75533,92.71428571,7985.96693,40237.3,19236.7,29461,19236.7,59,-0.113101525,0.855120681,1,75,11,0.433883739,-0.900968868,0.961129784,0.276096973,431.6,0.012439331,28.28571429,3.142857143,5,Mother's Day,1
2023-03-17 00:00:00+02:00,53912.3,53252.3,0,161,32669.67143,27501.65867,105.7142857,12226.19877,35686.4,25351.6,24575.2,25351.6,70,0.510723973,1.126583726,1,76,11,-0.433883739,-0.900968868,0.965739938,0.259511797,554.7,0.010416451,16.5,4.025,4,Mother's Day,1
2023-03-18 00:00:00+02:00,56605.1,55695.1,0,192,38138.11429,28420.86233,124.2857143,13258.43366,53912.3,18326,29028.99,18326,62,0.049947786,2.088786424,1,77,11,-0.974927912,-0.222520934,0.970063922,0.242849722,681.9,0.012243447,19.7826087,4.173913043,3,Mother's Day,1
2023-03-19 00:00:00+02:00,43828.5,42538.5,0,148,40524.4,28869.11233,135.1428571,12422.67182,56605.1,27124.5,30381,27124.5,72,-0.225714644,0.61582702,1,78,11,-0.781831482,0.623489802,0.974100455,0.226115686,4252.5,0.099968264,25.8,2.96,2,Mother's Day,1
2023-03-20 00:00:00+02:00,44098.4,43208.4,0,134,42155.57143,29272.92567,137.2857143,11962.11807,43828.5,32680.2,31984,32680.2,119,0.006158093,0.349391987,1,79,12,0,1,0.977848342,0.209314646,824.6,0.019084252,22.25,3.35,1,Mother's Day,1
2023-03-21 00:00:00+02:00,47615.5,46915.5,0,127,45997.64286,29919.909,143.2857143,7366.511948,44098.4,20721,28206,20721,85,0.079755728,1.297934463,1,80,12,0.781831482,0.623489802,0.98130647,0.192451582,677.5,0.014440856,20,3.628571429,0,Mother's Day,1
2023-03-22 00:00:00+02:00,31832,31282,0,104,44796.88571,29868.07667,139.4285714,8972.032039,47615.5,40237.3,33386.97,40237.3,131,-0.331478195,-0.208893241,1,81,12,0.974927912,-0.222520934,0.984473817,0.17553149,330.4,0.010561985,20.37037037,3.851851852,0,Black Friday,1
2023-03-23 00:00:00+02:00,32283.6,31883.6,0,105,44310.77143,29881.07,138.7142857,9616.924085,31832,35686.4,31893.8,35686.4,110,0.014186982,-0.095352852,1,82,12,0.433883739,-0.900968868,0.987349442,0.158559385,840.4,0.026358379,15.38461538,4.038461538,0,Black Friday,1
2023-03-24 00:00:00+02:00,30536.4,30076.4,0,82,40971.35714,29763.98467,127.4285714,9784.286008,32283.6,53912.3,34048.96,53912.3,161,-0.054120358,-0.433591221,1,83,12,-0.433883739,-0.900968868,0.989932495,0.141540295,386.6,0.012853932,15.86206897,2.827586207,0,Black Friday,1
2023-03-25 00:00:00+02:00,25615,25385,0,66,36544.2,29930.35167,109.4285714,8451.816989,30536.4,56605.1,20623.99,56605.1,192,-0.161165036,-0.547478937,1,84,12,-0.974927912,-0.222520934,0.992222209,0.124479264,256,0.010084696,12.10526316,3.473684211,0,Black Friday,1
2023-03-26 00:00:00+02:00,31515.6,31015.6,0,92,34785.21429,29684.672,101.4285714,7949.495149,25615,43828.5,38885.99,43828.5,148,0.230357213,-0.280933639,1,85,12,-0.781831482,0.623489802,0.994217907,0.107381347,734.4,0.023678407,19.23076923,3.538461538,0,Black Friday,1
2023-03-27 00:00:00+02:00,21022,20672,0,57,31488.58571,29119.00533,90.42857143,8223.778111,31515.6,44098.4,37992,44098.4,134,-0.332965262,-0.523293362,1,86,13,0,1,0.995918996,0.09025161,170,0.008223684,19.44444444,3.166666667,0,Black Friday,1
2023-03-28 00:00:00+02:00,26332,25882,0,146,28448.08571,28723.73933,93.14285714,4234.455664,21022,47615.5,38189.98,47615.5,127,0.252592522,-0.446986801,1,87,13,0.781831482,0.623489802,0.997324973,0.07309513,0,0,19.56521739,6.347826087,0,Black Friday,1
2023-03-29 00:00:00+02:00,21943.5,21363.5,0,98,27035.44286,28926.92267,92.28571429,4554.732505,26332,31832,15848,31832,104,-0.166660337,-0.310646519,1,88,13,0.974927912,-0.222520934,0.998435421,0.05591699,759.5,0.035551291,23.2,3.92,0,Black Friday,1
2023-03-30 00:00:00+02:00,23149.1,22619.1,0,86,25730.51429,29158.59333,89.57142857,4084.812654,21943.5,32283.6,16198.98,32283.6,105,0.054941099,-0.28294552,1,89,13,0.433883739,-0.900968868,0.999250011,0.038722281,345.9,0.015292386,22.08333333,3.583333333,0,Black Friday,1
2023-03-31 00:00:00+02:00,6594,6234,0,32,22310.17143,28360.26,82.42857143,7760.289849,23149.1,30536.4,30544,30536.4,82,-0.715150913,-0.78406099,1,90,13,-0.433883739,-0.900968868,0.999768502,0.021516097,91,0.014597369,40,3.555555556,0,Black Friday,1
2023-04-01 00:00:00+02:00,16026.9,15776.9,0,65,20940.44286,28362.47667,82.28571429,7924.194014,6594,25615,15960.4,25615,66,1.430527753,-0.374315831,2,91,13,-0.974927912,-0.222520934,0.99999074,0.004303538,66.1,0.00418967,20.83333333,5.416666667,0,Black Friday,1
2023-04-02 00:00:00+02:00,13053.4,12473.4,0,49,18302.98571,28533.35333,76.14285714,6812.186871,16026.9,31515.6,7927.1,31515.6,92,-0.185531825,-0.585811471,2,92,13,-0.781831482,0.623489802,0.999916659,-0.012910296,39.6,0.003174756,34.11764706,2.882352941,0,Black Friday,1
2023-04-03 00:00:00+02:00,9656,9176,0,31,16679.27143,28210.11333,72.42857143,7386.446219,13053.4,21022,19353.2,21022,57,-0.260269355,-0.540671677,2,93,14,0,1,0.999546281,-0.030120305,0,0,43.63636364,2.818181818,0,Black Friday,1
2023-04-04 00:00:00+02:00,22867.6,22137.6,0,67,16184.35714,28290.74,61.14285714,6717.67801,9656,26332,20448.8,26332,146,1.368227009,-0.131566155,2,94,14,0.781831482,0.623489802,0.998879716,-0.047321388,688.8,0.031114484,38.42105263,3.526315789,0,Black Friday,1
2023-04-05 00:00:00+02:00,3680.7,3430.7,0,13,13575.38571,27707.57,49,7597.036475,22867.6,21943.5,21175.8,21943.5,98,-0.839043013,-0.83226468,2,95,14,0.974927912,-0.222520934,0.997917161,-0.064508449,153.9,0.04485965,41.66666667,2.166666667,0,Black Friday,1
2023-04-06 00:00:00+02:00,3875.04,3675.04,0,6,10821.94857,27017.44133,37.57142857,7019.740834,3680.7,23149.1,24578.9,23149.1,86,0.052799739,-0.832605155,2,96,14,0.433883739,-0.900968868,0.996658902,-0.081676395,4.56,0.001240803,50,1.5,0,Black Friday,1
2023-04-07 00:00:00+02:00,16463,15783,0,57,12231.80571,26728.978,41.14285714,7020.121084,3875.04,6594,25116.9,6594,32,3.248472274,1.496663634,2,97,14,-0.433883739,-0.900968868,0.995105311,-0.098820139,341.8,0.021656212,45.33333333,3.8,0,Black Friday,1
2023-04-08 00:00:00+02:00,30871.6,29761.6,0,98,14352.47714,27116.808,45.85714286,9977.065863,16463,16026.9,19236.7,16026.9,65,0.875211079,0.926236515,2,98,14,-0.974927912,-0.222520934,0.993256849,-0.1159346,2147.18,0.072145987,39.64285714,3.5,0,Black Friday,1
2023-04-09 00:00:00+02:00,29858.6,28558.6,0,48,16753.22,27267.04133,45.71428571,11515.62953,30871.6,13053.4,25351.6,13053.4,49,-0.03281333,1.28741937,2,99,14,-0.781831482,0.623489802,0.991114064,-0.133014707,0,0,50,1.846153846,0,Black Friday,1
2023-04-10 00:00:00+02:00,19146.8,18496.8,0,59,18109.04857,27294.40133,49.71428571,11091.65704,29858.6,9656,18326,9656,31,-0.358750913,0.982891466,2,100,15,0,1,0.98867759,-0.150055398,295.2,0.015959517,43.33333333,3.933333333,0,Black Friday,1
2023-04-11 00:00:00+02:00,19069.99,18309.99,0,68,17566.53286,27025.91767,49.85714286,10911.52655,19146.8,22867.6,27124.5,22867.6,67,-0.004011636,-0.166069461,2,101,15,0.781831482,0.623489802,0.98594815,-0.167051626,507.4,0.027711648,47.5,4.25,0,Black Friday,1
2023-04-12 00:00:00+02:00,20814.59,20064.59,0,90,20014.23143,26630.39733,60.85714286,9038.467721,19069.99,3680.7,32680.2,3680.7,13,0.091484054,4.655062896,2,102,15,0.974927912,-0.222520934,0.982926552,-0.183998352,2971.6,0.148101706,44.11764706,5.294117647,0,Black Friday,1
2023-04-13 00:00:00+02:00,27123.2,26923.2,0,101,23335.39714,26843.804,74.42857143,5816.876808,20814.59,3875.04,20721,3875.04,6,0.30308596,5.999463231,2,103,15,0.433883739,-0.900968868,0.979613692,-0.200890555,3919.2,0.14556962,16.66666667,8.416666667,0,Black Friday,1
2023-04-14 00:00:00+02:00,19439.99,18839.99,0,68,23760.68143,26150.56033,76,5318.123448,27123.2,16463,40237.3,16463,57,-0.283270779,0.180829132,2,104,15,-0.433883739,-0.900968868,0.976010551,-0.21772323,8357.4,0.443598962,40,4.533333333,0,Black Friday,1
2023-04-15 00:00:00+02:00,43657.78,42717.78,0,130,25587.27857,26416.273,80.57142857,9052.33663,19439.99,30871.6,35686.4,30871.6,98,1.245771731,0.414172897,2,105,15,-0.974927912,-0.222520934,0.972118197,-0.23449139,7354.4,0.172162505,37.6,5.2,0,Black Friday,1
2023-04-16 00:00:00+02:00,11885,11335,0,53,23019.62143,25015.363,81.28571429,10124.4506,43657.78,29858.6,53912.3,29858.6,48,-0.727769025,-0.601957225,2,106,15,-0.781831482,0.623489802,0.967937783,-0.251190064,2178,0.192148213,42.30769231,4.076923077,0,Black Friday,1
2023-04-17 00:00:00+02:00,32375.38,31645.38,0,100,24909.41857,24207.70567,87.14285714,10508.40251,11885,19146.8,56605.1,19146.8,59,1.724053849,0.690902919,2,107,16,0,1,0.963470549,-0.267814305,3914.2,0.123689461,33.18181818,4.545454545,0,Black Friday,1
2023-04-18 00:00:00+02:00,19450.8,18820.8,0,74,24963.82,23395.11567,88,10474.06331,32375.38,19069.99,43828.5,19069.99,68,-0.399210141,0.019969072,2,108,16,0.781831482,0.623489802,0.958717817,-0.284359187,7588,0.40317096,39.375,4.625,0,Black Friday,1
2023-04-19 00:00:00+02:00,11219,10819,0,35,23593.02143,22299.13567,80.14285714,11667.52159,19450.8,20814.59,44098.4,20814.59,90,-0.423211385,-0.461003075,2,109,16,0.974927912,-0.222520934,0.953680997,-0.300819808,8441,0.780201497,36.36363636,3.181818182,0,Black Friday,1
2023-04-20 00:00:00+02:00,14496,13746,0,60,21789.13571,21195.15233,74.28571429,12002.09685,11219,27123.2,47615.5,27123.2,101,0.292093769,-0.465549788,2,110,16,0.433883739,-0.900968868,0.94836158,-0.317191289,3345,0.243343518,46.875,3.75,0,Black Friday,1
2023-04-21 00:00:00+02:00,20254.46,20054.46,0,70,21905.48857,20809.23433,74.57142857,11979.45429,14496,19439.99,31832,19439.99,68,0.397244757,0.041896626,2,111,16,-0.433883739,-0.900968868,0.942761143,-0.333468779,6665.14,0.332352005,25,8.75,0,Black Friday,1
2023-04-22 00:00:00+02:00,35130.79,34400.79,0,106,20687.34714,20904.14067,71.14285714,9595.166197,20254.46,43657.78,32283.6,43657.78,130,0.734471815,-0.195314329,2,112,16,-0.974927912,-0.222520934,0.936881346,-0.349647455,11060.2,0.321510058,34.76190476,5.047619048,0,Black Friday,1
2023-04-23 00:00:00+02:00,14166.4,13816.4,0,33,21013.26143,20358.474,68.28571429,9279.917219,35130.79,11885,30536.4,11885,53,-0.596752592,0.191956247,2,113,16,-0.781831482,0.623489802,0.930723931,-0.365722523,2943.2,0.213022205,38.88888889,3.666666667,0,Black Friday,1
2023-04-24 00:00:00+02:00,21767.53,20667.53,0,65,19497.85429,20230.225,63.28571429,7875.036006,14166.4,32375.38,25615,32375.38,100,0.536560453,-0.327651753,2,114,17,0,1,0.924290722,-0.38168922,4557.06,0.220493692,47.82608696,2.826086957,0,Black Friday,1
2023-04-25 00:00:00+02:00,21956.4,21406.4,0,73,19855.79714,19911.585,63.14285714,7929.297193,21767.53,19450.8,31515.6,19450.8,74,0.008676685,0.128817324,2,115,17,0.781831482,0.623489802,0.917583626,-0.397542814,7286,0.340365498,36.66666667,4.866666667,0,Black Friday,1
2023-04-26 00:00:00+02:00,25874,25294,0,90,21949.36857,20073.31833,71,7166.888392,21956.4,11219,21022,11219,35,0.178426336,1.306266156,2,116,17,0.974927912,-0.222520934,0.91060463,-0.413278608,10372,0.410057721,48.33333333,7.5,0,Black Friday,1
2023-04-27 00:00:00+02:00,52272,51822,0,115,27345.94,20937.985,78.85714286,12703.24189,25874,14496,26332,14496,60,1.02025199,2.605960265,2,117,17,0.433883739,-0.900968868,0.903355802,-0.428891938,14559.6,0.280954035,30,7.666666667,0,Black Friday,1
2023-04-28 00:00:00+02:00,17681,17341,0,51,26978.30286,20795.90167,76.14285714,12976.9668,52272,20254.46,21943.5,20254.46,70,-0.661750077,-0.127056461,2,118,17,-0.433883739,-0.900968868,0.895839291,-0.444378178,387,0.022317052,37.77777778,5.666666667,0,Black Friday,1
2023-04-29 00:00:00+02:00,13567.2,13137.2,0,32,23897.79,20476.505,65.57142857,13275.15048,17681,35130.79,23149.1,35130.79,106,-0.232667836,-0.613808855,2,119,17,-0.974927912,-0.222520934,0.888057323,-0.459732739,1044.2,0.079484213,47.77777778,3.555555556,0,Black Friday,1
2023-04-30 00:00:00+02:00,22978.2,22478.2,0,61,25156.61857,21022.645,69.57142857,12599.14593,13567.2,14166.4,6594,14166.4,33,0.693658235,0.62202112,2,120,17,-0.781831482,0.623489802,0.880012204,-0.474951072,5126,0.228043171,38.46153846,4.692307692,0,Black Friday,1
2023-05-01 00:00:00+02:00,13417.6,13117.6,0,48,23963.77143,20935.66833,67.14285714,13346.59329,22978.2,21767.53,16026.9,21767.53,65,-0.416072625,-0.383595658,2,121,18,0,1,0.871706319,-0.490028666,4410.2,0.336204794,33.33333333,5.333333333,0,Black Friday,1
2023-05-02 00:00:00+02:00,13682.39,13142.39,0,63,22781.77,20956.63467,65.71428571,13908.55065,13417.6,21956.4,13053.4,21956.4,73,0.019734528,-0.376838188,2,122,18,0.781831482,0.623489802,0.863142128,-0.504961055,6129.4,0.466383968,45,5.25,0,Black Friday,1
2023-05-03 00:00:00+02:00,36055,35465,0,108,24236.19857,21836.60133,68.28571429,14790.17635,13682.39,25874,9656,25874,90,1.635139036,0.393483806,2,123,18,0.974927912,-0.222520934,0.85432217,-0.519743812,15581.6,0.439351473,32.77777778,6,0,Black Friday,1
2023-05-04 00:00:00+02:00,14298.8,13808.8,0,54,18811.45571,21550.97467,59.57142857,8359.094665,36055,52272,22867.6,52272,115,-0.603417002,-0.726453933,2,124,18,0.433883739,-0.900968868,0.845249057,-0.534372558,5098.2,0.369199351,44.54545455,4.909090909,0,Black Friday,1
2023-05-05 00:00:00+02:00,29819.79,28589.79,0,112,20545.56857,22422.27767,68.28571429,9292.49019,14298.8,17681,3680.7,17681,51,1.085475005,0.686544313,2,125,18,-0.433883739,-0.900968868,0.835925479,-0.548842958,10675.8,0.373413026,45.55555556,4.148148148,0,Black Friday,1
2023-05-06 00:00:00+02:00,19431.2,18641.2,0,71,21383.28286,22940.81633,73.85714286,8810.35448,29819.79,13567.2,3875.04,13567.2,32,-0.348379046,0.432218881,2,126,18,-0.974927912,-0.222520934,0.826354199,-0.563150724,6883,0.369235886,49.375,4.4375,0,Black Friday,1
2023-05-07 00:00:00+02:00,21232.4,20742.4,0,56,21133.88286,23099.79633,73.14285714,8782.346676,19431.2,22978.2,16463,22978.2,61,0.092696282,-0.07597636,2,127,18,-0.781831482,0.623489802,0.816538051,-0.577291617,4485.4,0.216243058,35,4,0,Black Friday,1
2023-05-08 00:00:00+02:00,17385.4,16845.4,0,53,21700.71143,22650.25633,73.85714286,8317.037924,21232.4,13417.6,30871.6,13417.6,48,-0.181185358,0.295716074,2,128,19,0,1,0.806479946,-0.591261445,3915.2,0.232419533,41.53846154,4.076923077,0,Black Friday,1
2023-05-09 00:00:00+02:00,14249.2,13809.2,0,24,21781.68429,22129.943,68.28571429,8228.247756,17385.4,13682.39,29858.6,13682.39,63,-0.180392743,0.041426242,2,129,19,0.781831482,0.623489802,0.796182864,-0.60505607,1303,0.094357385,48.88888889,2.666666667,0,Black Friday,1
2023-05-10 00:00:00+02:00,6385.8,5815.8,0,25,17543.22714,21704.57633,56.42857143,7231.625516,14249.2,36055,19146.8,36055,108,-0.551848525,-0.822887256,2,130,19,0.974927912,-0.222520934,0.785649855,-0.618671403,691.4,0.118883043,63.33333333,2.777777778,0,Black Friday,1
2023-05-11 00:00:00+02:00,14051,13661,0,40,17507.82714,21537.27667,54.42857143,7250.735784,6385.8,14298.8,19069.99,14298.8,54,1.200350778,-0.017330126,2,131,19,0.433883739,-0.900968868,0.774884041,-0.632103411,1635.6,0.119727692,43.33333333,4.444444444,0,Black Friday,1
2023-05-12 00:00:00+02:00,15152.39,14852.39,0,57,15412.48429,21348.53667,46.57142857,4807.449763,14051,29819.79,20814.59,29819.79,112,0.078385168,-0.491867984,2,132,19,-0.433883739,-0.900968868,0.763888613,-0.645348113,3252,0.21895466,33.33333333,6.333333333,0,Black Friday,1
2023-05-13 00:00:00+02:00,9873.4,9583.4,0,31,14047.08429,20773.54333,40.85714286,4833.056279,15152.39,19431.2,27123.2,19431.2,71,-0.348393224,-0.49187904,2,133,19,-0.974927912,-0.222520934,0.752666828,-0.658401585,1129,0.117807876,36.25,3.875,0,Black Friday,1
2023-05-14 00:00:00+02:00,21303.44,20953.44,0,57,14057.23286,20835.65833,41,4850.70121,9873.4,21232.4,19439.99,21232.4,56,1.157659975,0.00334583,2,134,19,-0.781831482,0.623489802,0.741222011,-0.671259958,9285.36,0.44314251,35,5.7,0,Black Friday,1
2023-05-15 00:00:00+02:00,11779.4,11679.4,0,27,13256.37571,19773.04567,37.28571429,4669.011926,21303.44,17385.4,43657.78,17385.4,53,-0.447065826,-0.322454473,2,135,20,0,1,0.729557554,-0.683919422,376.2,0.032210559,25,6.75,0,Black Friday,1
2023-05-16 00:00:00+02:00,7643,7343,0,22,12312.63286,19631.64567,37,5084.08902,11779.4,14249.2,11885,14249.2,24,-0.351155407,-0.46361901,2,136,20,0.781831482,0.623489802,0.717676914,-0.696376226,1209.4,0.164701076,50,3.666666667,0,Black Friday,1
2023-05-17 00:00:00+02:00,7848.39,7548.39,0,25,12521.57429,18814.07933,37,4823.281869,7643,6385.8,32375.38,6385.8,25,0.026872956,0.229037865,2,137,20,0.974927912,-0.222520934,0.70558361,-0.708626678,478,0.063324762,50,4.166666667,0,Black Friday,1
2023-05-18 00:00:00+02:00,11623.8,11523.8,0,24,12174.83143,18553.17933,34.71428571,4782.07642,7848.39,14051,19450.8,14051,40,0.481042609,-0.172742154,2,138,20,0.433883739,-0.900968868,0.693281227,-0.72066715,412.4,0.035786806,20,4.8,0,Black Friday,1
2023-05-19 00:00:00+02:00,3349.8,3099.8,0,16,10488.74714,18290.87267,28.85714286,5572.621951,11623.8,15152.39,11219,15152.39,57,-0.711815413,-0.778925965,2,139,20,-0.433883739,-0.900968868,0.680773409,-0.732494072,88,0.028388928,50,3.2,0,Black Friday,1
2023-05-20 00:00:00+02:00,8296,7996,0,32,10263.40429,18084.206,29,5633.215845,3349.8,9873.4,14496,9873.4,31,1.476565765,-0.159762594,2,140,20,-0.974927912,-0.222520934,0.668063864,-0.74410394,3220,0.402701351,50,5.333333333,0,Black Friday,1
2023-05-21 00:00:00+02:00,20007.4,19367.4,0,59,10078.25571,18075.97067,29.28571429,5215.710698,8296,21303.44,20254.46,21303.44,57,1.411692382,-0.060837123,2,141,20,-0.781831482,0.623489802,0.655156357,-0.755493314,4438.2,0.229158276,42.66666667,3.933333333,0,Black Friday,1
2023-05-22 00:00:00+02:00,17010.9,16420.9,0,53,10825.61286,17471.97433,33,5837.803447,20007.4,11779.4,35130.79,11779.4,27,-0.149769585,0.444122791,2,142,21,0,1,0.642054713,-0.766658819,236.2,0.014384108,49.16666667,4.416666667,0,Black Friday,1
2023-05-23 00:00:00+02:00,16140.1,15690.1,0,62,12039.48429,17537.76433,38.71428571,5948.109736,17010.9,7643,14166.4,7643,22,-0.051190707,1.111749313,2,143,21,0.781831482,0.623489802,0.628762815,-0.777597147,5984.4,0.381412483,37.5,5.166666667,0,Black Friday,1
2023-05-24 00:00:00+02:00,11951.85,11501.85,0,37,12625.69286,17210.575,40.42857143,5661.521904,16140.1,7848.39,21767.53,7848.39,25,-0.259493436,0.52284099,2,144,21,0.974927912,-0.222520934,0.6152846,-0.788305056,1321.35,0.114881519,40.90909091,3.363636364,0,Black Friday,1
2023-05-25 00:00:00+02:00,12565.2,11965.2,0,37,12760.17857,16897.535,42.28571429,5644.912855,11951.85,11623.8,21956.4,11623.8,24,0.051318415,0.080989005,2,145,21,0.433883739,-0.900968868,0.601624063,-0.798779373,606,0.050646876,46.15384615,2.846153846,0,Black Friday,1
2023-05-26 00:00:00+02:00,16388,15908,0,52,14622.77857,16581.335,47.42857143,3905.362958,12565.2,3349.8,25874,3349.8,16,0.304237099,3.892232372,2,146,21,-0.433883739,-0.900968868,0.587785252,-0.809016994,1280,0.08046266,43.63636364,4.727272727,0,Black Friday,1
2023-05-27 00:00:00+02:00,11972.2,11572.2,0,44,15147.95,15238.00833,49.14285714,3070.77524,16388,8296,52272,8296,32,-0.269453258,0.443129219,2,147,21,-0.974927912,-0.222520934,0.573772268,-0.819014887,1381.8,0.119406854,40,4.4,0,Black Friday,1
2023-05-28 00:00:00+02:00,21134.4,20794.4,0,75,15308.95,15353.12167,51.42857143,3381.810308,11972.2,20007.4,17681,20007.4,59,0.765289588,0.056329158,2,148,21,-0.781831482,0.623489802,0.559589262,-0.828770087,3156.2,0.151781249,28.33333333,6.25,0,Black Friday,1
2023-05-29 00:00:00+02:00,24701.6,23851.6,0,80,16407.62143,15724.26833,55.28571429,4924.353318,21134.4,17010.9,13567.2,17010.9,53,0.168786433,0.452104239,2,149,22,0,1,0.545240439,-0.838279705,3278,0.137433128,38.63636364,3.636363636,0,Black Friday,1
2023-05-30 00:00:00+02:00,19799,19009,0,64,16930.32143,15618.295,55.57142857,5082.86185,24701.6,16140.1,22978.2,16140.1,62,-0.198472973,0.226696241,2,150,22,0.781831482,0.623489802,0.530730048,-0.847540923,3366.2,0.177084539,43.88888889,3.555555556,0,Black Friday,1
2023-05-31 00:00:00+02:00,32083,30568,0,86,19806.2,16240.475,62.57142857,7093.85479,19799,11951.85,13417.6,11951.85,37,0.620435376,1.684354305,2,151,22,0.974927912,-0.222520934,0.516062391,-0.856550996,6895.4,0.225575766,75.75,4.3,0,Black Friday,1
2023-06-01 00:00:00+02:00,22072.2,21169.2,0,90,21164.34286,16520.13533,70.14285714,6347.275867,32083,12565.2,13682.39,12565.2,37,-0.312028177,0.756613504,2,152,22,0.433883739,-0.900968868,0.501241813,-0.865307254,4295.4,0.202907998,43,4.285714286,0,Black Friday,1
2023-06-02 00:00:00+02:00,28287,27637,0,93,22864.2,16261.202,76,6447.475722,22072.2,16388,36055,16388,52,0.281566858,0.726080059,2,153,22,-0.433883739,-0.900968868,0.486272707,-0.873807104,7621,0.275753519,36.11111111,5.166666667,0,Black Friday,1
2023-06-03 00:00:00+02:00,35360.4,34680.4,0,115,26205.37143,16963.25533,86.14285714,5899.082188,28287,11972.2,14298.8,11972.2,44,0.250058331,1.953542373,2,154,22,-0.974927912,-0.222520934,0.471159508,-0.882048025,8313.4,0.239714652,40,6.764705882,0,Black Friday,1
2023-06-04 00:00:00+02:00,18549,17849,0,60,25836.02857,16587.56233,84,6334.369176,35360.4,21134.4,29819.79,21134.4,75,-0.475430142,-0.122331365,2,155,22,-0.781831482,0.623489802,0.455906694,-0.890027576,5136.6,0.287780828,38.88888889,3.333333333,0,Black Friday,1
2023-06-05 00:00:00+02:00,20113.2,19563.2,0,72,25180.54286,16610.29567,82.85714286,6698.27845,18549,24701.6,19431.2,24701.6,80,0.084327996,-0.18575315,2,156,23,0,1,0.440518784,-0.897743394,1905.8,0.0974176,39.28571429,5.142857143,0,Black Friday,1
2023-06-06 00:00:00+02:00,22315.6,21475.6,0,81,25540.05714,16646.40233,85.28571429,6423.183862,20113.2,19799,21232.4,19799,64,0.109500229,0.12710743,2,157,23,0.781831482,0.623489802,0.42500034,-0.90519319,5503.8,0.256281547,42,4.05,0,Black Friday,1
2023-06-07 00:00:00+02:00,30912.8,29922.8,0,110,25372.88571,17097.31567,88.71428571,6237.045056,22315.6,32083,17385.4,32083,86,0.385255158,-0.036474145,2,158,23,0.974927912,-0.222520934,0.409355959,-0.912374758,6771.8,0.226309035,41.25,4.583333333,0,Black Friday,1
2023-06-08 00:00:00+02:00,36791,36011,0,101,27475.57143,17848.709,90.28571429,7325.00493,30912.8,22072.2,14249.2,22072.2,90,0.19015424,0.66684789,2,159,23,0.433883739,-0.900968868,0.393590277,-0.91928597,12054.4,0.334742162,39,5.05,0,Black Friday,1
2023-06-09 00:00:00+02:00,24288.2,23598.2,0,84,26904.31429,18445.45567,89,7406.649721,36791,28287,6385.8,28287,93,-0.339833111,-0.141365291,2,160,23,-0.433883739,-0.900968868,0.377707965,-0.925924777,8330.2,0.3530015,40.58823529,4.941176471,0,Black Friday,1
2023-06-10 00:00:00+02:00,14890.8,14200.8,0,72,23980.08571,18473.449,82.85714286,7551.071792,24288.2,35360.4,14051,35360.4,115,-0.386912163,-0.578884854,2,161,23,-0.974927912,-0.222520934,0.361713731,-0.932289213,8664.2,0.610120557,49.28571429,5.142857143,0,Black Friday,1
2023-06-11 00:00:00+02:00,24261.4,23235.4,0,101,24796.14286,18777.08267,88.71428571,7165.111213,14890.8,18549,15152.39,18549,60,0.629287882,0.307962693,2,162,23,-0.781831482,0.623489802,0.345612313,-0.938377392,6482.6,0.278996703,68.4,6.733333333,0,Black Friday,1
2023-06-12 00:00:00+02:00,31308,30522,0,90,26395.4,19491.56933,91.28571429,7194.95052,24261.4,20113.2,9873.4,20113.2,72,0.290444904,0.556589702,2,163,24,0,1,0.329408482,-0.944187509,7447.4,0.244001048,43.66666667,5,0,Black Friday,1
2023-06-13 00:00:00+02:00,21059,20269,0,87,26215.88571,19483.42133,92.14285714,7328.15003,31308,22315.6,21303.44,22315.6,81,-0.327360419,-0.056310384,2,164,24,0.781831482,0.623489802,0.313107041,-0.949717843,8700,0.429226898,46.47058824,5.117647059,0,Black Friday,1
2023-06-14 00:00:00+02:00,28410.2,27716.2,0,98,25858.37143,20037.78133,90.42857143,7118.871555,21059,30912.8,11779.4,30912.8,110,0.349076404,-0.080956756,2,165,24,0.974927912,-0.222520934,0.296712819,-0.954966755,9006.2,0.324943535,40.82352941,5.764705882,0,Black Friday,1
2023-06-15 00:00:00+02:00,68747.72,67427.72,0,245,30423.61714,22074.60533,111,17692.52934,28410.2,36791,7643,36791,101,1.419825274,0.86860156,2,166,24,0.433883739,-0.900968868,0.280230675,-0.95993269,17053.08,0.252909041,35.67567568,6.621621622,0,Black Friday,1
2023-06-16 00:00:00+02:00,36809,36509,0,69,32212.30286,23039.959,108.8571429,17601.55089,68747.72,24288.2,7848.39,24288.2,84,-0.464578607,0.515509589,2,167,24,-0.433883739,-0.900968868,0.263665493,-0.964614176,5384,0.147470487,30,6.9,0,Black Friday,1
2023-06-17 00:00:00+02:00,22011.2,21611.2,0,96,33229.50286,23386.20567,112.2857143,16611.60603,36809,14890.8,11623.8,14890.8,72,-0.402015811,0.478174443,2,168,24,-0.974927912,-0.222520934,0.24702218,-0.969009826,5066.2,0.234424743,33.33333333,8,0,Black Friday,1
2023-06-18 00:00:00+02:00,4320,3980,0,22,30380.73143,23418.54567,101,19808.23367,22011.2,24261.4,3349.8,24261.4,101,-0.80373628,-0.821939377,2,169,24,-0.781831482,0.623489802,0.23030567,-0.973118337,1778,0.446733668,68,4.4,0,Black Friday,1
2023-06-19 00:00:00+02:00,19270.6,18417.6,0,47,28661.10286,23784.36567,94.85714286,20232.28469,4320,31308,8296,31308,90,3.460787037,-0.384483199,2,170,25,0,1,0.213520915,-0.976938493,6230,0.3382634,94.77777778,5.222222222,0,Black Friday,1
2023-06-20 00:00:00+02:00,7735.8,7485.8,0,26,26757.78857,23375.31233,86.14285714,21644.05291,19270.6,21059,20007.4,21059,87,-0.598569842,-0.63266062,2,171,25,0.781831482,0.623489802,0.19667289,-0.98046916,2227.2,0.297523311,35.71428571,3.714285714,0,Black Friday,1
2023-06-21 00:00:00+02:00,16236.4,15886.4,0,59,25018.67429,23349.49567,80.57142857,21975.69749,7735.8,28410.2,17010.9,28410.2,98,1.098865017,-0.428501031,2,172,25,0.974927912,-0.222520934,0.179766586,-0.983709294,3906.6,0.24590845,31.81818182,5.363636364,0,Black Friday,1
2023-06-22 00:00:00+02:00,37813.2,37223.2,0,138,20599.45714,24071.93233,65.28571429,12989.43012,16236.4,68747.72,16140.1,68747.72,245,1.328915277,-0.449971577,2,173,25,0.433883739,-0.900968868,0.162807013,-0.986657933,10273.6,0.275999914,31.05263158,7.263157895,0,Black Friday,1
2023-06-23 00:00:00+02:00,33592,32702,0,86,20139.88571,24793.27067,67.71428571,12362.10755,37813.2,36809,11951.85,36809,69,-0.111632975,-0.087397104,2,174,25,-0.433883739,-0.900968868,0.145799197,-0.989314204,2998.4,0.091688582,46.84210526,4.526315789,0,Black Friday,1
2023-06-24 00:00:00+02:00,22332,21702,0,92,20185.71429,25118.83067,67.14285714,12370.79265,33592,22011.2,12565.2,22011.2,96,-0.335198857,0.014574398,2,175,25,-0.974927912,-0.222520934,0.128748177,-0.99167732,8862,0.408349461,45,6.571428571,0,Black Friday,1
2023-06-25 00:00:00+02:00,35719.2,34838.2,0,105,24671.31429,25763.204,79,11305.92103,22332,4320,16388,4320,22,0.599462654,7.268333333,2,176,25,-0.781831482,0.623489802,0.111659007,-0.99374658,9117.8,0.261718458,44.05,5.25,0,Black Friday,1
2023-06-26 00:00:00+02:00,7088,6748,0,25,22930.94286,25600.39733,75.85714286,13075.07858,35719.2,19270.6,11972.2,19270.6,47,-0.801563305,-0.632185817,2,177,26,0,1,0.09453675,-0.995521372,1596.4,0.2365738,42.5,3.125,0,Black Friday,1
2023-06-27 00:00:00+02:00,24337.4,23987.4,0,84,25302.6,25707.164,84.14285714,11235.79497,7088,7735.8,21134.4,7735.8,26,2.433606095,2.146074097,2,178,26,0.781831482,0.623489802,0.077386479,-0.99700117,9639,0.401835964,35,8.4,0,Black Friday,1
2023-06-28 00:00:00+02:00,7578.8,7038.8,0,21,24065.8,25136.404,78.71428571,12771.63469,24337.4,16236.4,24701.6,16236.4,59,-0.688594509,-0.53322165,2,179,26,0.974927912,-0.222520934,0.060213277,-0.998185534,1479,0.210121043,67.5,2.625,0,Black Friday,1
2023-06-29 00:00:00+02:00,10025,9625,0,57,20096.05714,24810.604,67.14285714,12086.69354,7578.8,37813.2,19799,37813.2,138,0.322768776,-0.734880941,2,180,26,0.433883739,-0.900968868,0.043022233,-0.999074115,2654,0.27574026,44.44444444,6.333333333,0,Black Friday,1
2023-06-30 00:00:00+02:00,15533.4,15083.4,0,58,17516.25714,24258.95067,63.14285714,10556.34687,10025,33592,32083,33592,86,0.549466334,-0.53758633,2,181,26,-0.433883739,-0.900968868,0.02581844,-0.999666649,5640,0.373920999,40.90909091,5.272727273,0,Black Friday,1
2023-07-01 00:00:00+02:00,18771.2,18421.2,0,62,17007.57143,24148.91733,58.85714286,10369.75514,15533.4,22332,22072.2,22332,92,0.208441165,-0.159448325,3,182,26,-0.974927912,-0.222520934,0.008606997,-0.999962959,9842.2,0.534286583,35,6.2,0,Black Friday,1
2023-07-02 00:00:00+02:00,11029.4,10379.4,0,65,13480.45714,23573.664,53.14285714,6373.390949,18771.2,35719.2,28287,35719.2,105,-0.41242968,-0.691219288,3,183,26,-0.781831482,0.623489802,-0.008606997,-0.999962959,3238.2,0.311983352,46.42857143,4.642857143,0,Black Friday,1
2023-07-03 00:00:00+02:00,18898.4,18508.4,0,67,15167.65714,23024.93067,59.14285714,5948.175668,11029.4,7088,35360.4,7088,25,0.713456761,1.666252822,3,184,27,0,1,-0.02581844,-0.999666649,5803.6,0.313565732,30,5.153846154,0,Black Friday,1
2023-07-04 00:00:00+02:00,12163.6,11573.6,0,50,13428.54286,22812.084,54.28571429,4397.978863,18898.4,24337.4,18549,24337.4,84,-0.356368793,-0.500209554,3,185,27,0.781831482,0.623489802,-0.043022233,-0.999074115,3969.6,0.342987489,49.16666667,4.166666667,0,Black Friday,1
2023-07-05 00:00:00+02:00,16096.78,15506.78,0,107,14645.39714,22678.20333,66.57142857,3619.119735,12163.6,7578.8,20113.2,7578.8,21,0.323356572,1.123921993,3,186,27,0.974927912,-0.222520934,-0.060213277,-0.998185534,7478.02,0.482241961,42.14285714,7.642857143,0,Black Friday,1
2023-07-06 00:00:00+02:00,57238,55418,0,258,21390.11143,23842.28333,95.28571429,16087.94434,16096.78,10025,22315.6,10025,57,2.555866453,4.709526185,3,187,27,0.433883739,-0.900968868,-0.077386479,-0.99700117,15331.6,0.276653795,39.56521739,5.608695652,0,Black Friday,1
2023-07-07 00:00:00+02:00,58336.52,56756.52,0,227,27504.84286,24756.40733,119.4285714,20904.29849,57238,15533.4,30912.8,15533.4,58,0.019192145,2.755553839,3,188,27,-0.433883739,-0.900968868,-0.09453675,-0.995521372,22980.08,0.404888813,38.53658537,5.536585366,0,Black Friday,1
2023-07-08 00:00:00+02:00,39200.4,38560.4,0,178,30423.3,24836.72067,136,20907.83732,58336.52,18771.2,36791,18771.2,62,-0.328029852,1.088326798,3,189,27,-0.974927912,-0.222520934,-0.111659007,-0.99374658,21143.6,0.548324188,32,8.9,0,Black Friday,1
2023-07-09 00:00:00+02:00,25356.05,24586.05,0,69,32469.96429,24872.31567,136.5714286,19335.01914,39200.4,11029.4,24288.2,11029.4,65,-0.35316859,1.298950986,3,190,27,-0.781831482,0.623489802,-0.128748177,-0.99167732,6286.35,0.255687677,45.29411765,4.058823529,0,Black Friday,1
2023-07-10 00:00:00+02:00,31218.8,30468.8,0,109,34230.02143,25416.58233,142.5714286,18433.44441,25356.05,18898.4,14890.8,18898.4,67,0.231217007,0.651928206,3,191,28,0,1,-0.145799197,-0.989314204,13022.6,0.427407709,39.47368421,5.736842105,0,Black Friday,1
2023-07-11 00:00:00+02:00,28981.75,28051.75,0,116,36632.61429,25573.92733,152,16015.41689,31218.8,12163.6,24261.4,12163.6,50,-0.071657142,1.382662205,3,192,28,0.781831482,0.623489802,-0.162807013,-0.986657933,10241.05,0.365077045,40.43478261,5.043478261,0,Black Friday,1
2023-07-12 00:00:00+02:00,50940.9,49200.9,0,207,41610.34571,26228.35733,166.2857143,13835.48185,28981.75,16096.78,31308,16096.78,107,0.75768889,2.164663989,3,193,28,0.974927912,-0.222520934,-0.179766586,-0.983709294,22894.9,0.465334984,44.61538462,5.307692308,0,Black Friday,1
2023-07-13 00:00:00+02:00,78297.45,76657.45,0,352,44618.83857,28136.30567,179.7142857,19091.3863,50940.9,57238,21059,57238,258,0.537025259,0.367927775,3,194,28,0.433883739,-0.900968868,-0.19667289,-0.98046916,44123.35,0.575591153,40,8.585365854,0,Black Friday,1
2023-07-14 00:00:00+02:00,36813,35003,0,279,41544.05,28416.399,187.1428571,18227.55352,78297.45,58336.52,28410.2,58336.52,227,-0.529831431,-0.368954473,3,195,28,-0.433883739,-0.900968868,-0.213520915,-0.976938493,32811.2,0.93738251,48.91891892,7.540540541,0,Black Friday,1
2023-07-15 00:00:00+02:00,31555.4,30215.4,0,239,40451.90714,27176.655,195.8571429,18616.27086,36813,39200.4,68747.72,39200.4,178,-0.142819113,-0.19502352,3,196,28,-0.974927912,-0.222520934,-0.23030567,-0.973118337,24928,0.825009763,46.20689655,8.24137931,0,Black Friday,1
2023-07-16 00:00:00+02:00,27202,26602,0,110,40715.61429,26856.42167,201.7142857,18378.34591,31555.4,25356.05,36809,25356.05,69,-0.137960539,0.072801166,3,197,28,-0.781831482,0.623489802,-0.24702218,-0.969009826,14591.4,0.548507631,37.5,6.875,0,Black Friday,1
2023-07-17 00:00:00+02:00,52782,51742,0,203,43796.07143,27882.115,215.1428571,18328.32626,27202,31218.8,22011.2,31218.8,109,0.940372031,0.690712007,3,198,29,0,1,-0.263665493,-0.964614176,29412.2,0.568439566,37.14285714,7.25,0,Black Friday,1
2023-07-18 00:00:00+02:00,40624,39634,0,216,45459.25,29092.24833,229.4285714,17256.88287,52782,28981.75,4320,28981.75,116,-0.230343678,0.401709697,3,199,29,0.781831482,0.623489802,-0.280230675,-0.95993269,15133.2,0.381823687,35.35714286,7.714285714,0,Black Friday,1
2023-07-19 00:00:00+02:00,28501,27671,0,124,42253.55,29399.92833,217.5714286,18130.99651,40624,50940.9,19270.6,50940.9,207,-0.298419653,-0.440508511,3,200,29,0.974927912,-0.222520934,-0.296712819,-0.954966755,18988.2,0.686213003,41.5,6.2,0,Black Friday,1
2023-07-20 00:00:00+02:00,72704.6,71424.6,0,331,41454.57143,31565.555,214.5714286,16309.67687,28501,78297.45,7735.8,78297.45,352,1.55094909,-0.071430806,3,201,29,0.433883739,-0.900968868,-0.313107041,-0.949717843,35154.2,0.492186166,36.57142857,9.457142857,0,Black Friday,1
2023-07-21 00:00:00+02:00,52111,51181,0,107,43640,32761.375,190,16606.3038,72704.6,36813,16236.4,36813,279,-0.283250303,0.415559721,3,202,29,-0.433883739,-0.900968868,-0.329408482,-0.944187509,6982,0.136417811,46.5,5.35,0,Black Friday,1
2023-07-22 00:00:00+02:00,25798.6,25108.6,0,113,42817.6,32360.88833,172,17426.79719,52111,31555.4,37813.2,31555.4,239,-0.504929861,-0.182434702,3,203,29,-0.974927912,-0.222520934,-0.345612313,-0.938377392,12938.2,0.515289582,46,7.533333333,0,Black Friday,1
2023-07-23 00:00:00+02:00,32993,32693,0,97,43644.88571,32340.92167,170.1428571,16683.54754,25798.6,27202,33592,27202,110,0.278867846,0.212888758,3,204,29,-0.781831482,0.623489802,-0.361713731,-0.932289213,10876.4,0.332682837,27.27272727,8.818181818,0,Black Friday,1
2023-07-24 00:00:00+02:00,41818,40978,0,159,42078.6,32990.455,163.8571429,16190.13305,32993,52782,22332,52782,203,0.267480981,-0.20772233,3,205,30,0,1,-0.377707965,-0.925924777,14230.4,0.347269266,36.52173913,6.913043478,0,Black Friday,1
2023-07-25 00:00:00+02:00,23944.2,22994.2,0,130,39695.77143,32597.955,151.5714286,17605.48185,41818,40624,35719.2,40624,216,-0.427418815,-0.410589799,3,206,30,0.781831482,0.623489802,-0.393590277,-0.91928597,12614.4,0.548590514,38,5.2,0,Black Friday,1
2023-07-26 00:00:00+02:00,29701.2,28811.2,0,143,39867.22857,33351.72833,154.2857143,17483.71011,23944.2,28501,7088,28501,124,0.240434009,0.042110803,3,207,30,0.974927912,-0.222520934,-0.409355959,-0.912374758,14249,0.494564614,37.08333333,5.958333333,0,Black Friday,1
2023-07-27 00:00:00+02:00,28223,27723,0,112,33512.71429,33481.24833,123,10072.37847,29701.2,72704.6,24337.4,72704.6,331,-0.049769033,-0.611812733,3,208,30,0.433883739,-0.900968868,-0.42500034,-0.90519319,13586.4,0.490076832,23.80952381,5.333333333,0,Black Friday,1
2023-07-28 00:00:00+02:00,36811.2,36061.2,0,168,31327.02857,34455.66167,131.7142857,6327.981125,28223,52111,7578.8,52111,107,0.304297913,-0.2936002,3,209,30,-0.433883739,-0.900968868,-0.440518784,-0.897743394,21933.8,0.608238217,34.09090909,7.636363636,0,Black Friday,1
2023-07-29 00:00:00+02:00,22776.8,21876.8,0,130,30895.34286,34880.72167,134.1428571,6849.555812,36811.2,25798.6,10025,25798.6,113,-0.381253532,-0.117130387,3,210,30,-0.974927912,-0.222520934,-0.455906694,-0.890027576,14654.4,0.669860309,42.85714286,6.19047619,0,Black Friday,1
2023-07-30 00:00:00+02:00,22830,22140,0,118,29443.48571,35123.94167,137.1428571,7386.844779,22776.8,32993,15533.4,32993,97,0.00233571,-0.308035038,3,211,30,-0.781831482,0.623489802,-0.471159508,-0.882048025,9521.8,0.430072267,38.33333333,6.555555556,0,Black Friday,1
2023-07-31 00:00:00+02:00,8963.2,8713.2,0,60,24749.94286,34797.00833,123,8558.630556,22830,41818,18771.2,41818,159,-0.60739378,-0.785661677,3,212,31,0,1,-0.486272707,-0.873807104,7821.8,0.897695451,31.25,7.5,0,Black Friday,1
2023-08-01 00:00:00+02:00,19733,18933,0,100,24148.34286,35087.12833,118.7142857,8770.100514,8963.2,23944.2,11029.4,23944.2,130,1.201557479,-0.175875577,3,213,31,0.781831482,0.623489802,-0.501241813,-0.865307254,8195.2,0.432852691,44.44444444,5.555555556,0,Black Friday,1
2023-08-02 00:00:00+02:00,21317,20967,0,99,22950.6,35167.74833,112.4285714,8452.101735,19733,29701.2,18898.4,29701.2,143,0.080271626,-0.282284891,3,214,31,0.974927912,-0.222520934,-0.516062391,-0.856550996,6580.4,0.313845567,25,7.071428571,0,Black Friday,1
2023-08-03 00:00:00+02:00,46913.2,45543.2,0,206,25620.62857,36326.06833,125.8571429,12417.27809,21317,28223,12163.6,28223,112,1.200741192,0.662232931,3,215,31,0.433883739,-0.900968868,-0.530730048,-0.847540923,20948.4,0.459967679,40.29411765,6.058823529,0,Black Friday,1
2023-08-04 00:00:00+02:00,45936,45186,0,251,26924.17143,37320.709,137.7142857,14146.39902,46913.2,36811.2,16096.78,36811.2,168,-0.020829958,0.24788108,3,216,31,-0.433883739,-0.900968868,-0.545240439,-0.838279705,20933,0.463262958,35.71428571,11.95238095,0,Black Friday,1
2023-08-05 00:00:00+02:00,30190.6,29270.6,0,99,27983.28571,36419.129,133.2857143,14061.4155,45936,22776.8,57238,22776.8,130,-0.342768199,0.325497875,3,217,31,-0.974927912,-0.222520934,-0.559589262,-0.828770087,12067,0.412256667,46,4.95,0,Black Friday,1
2023-08-06 00:00:00+02:00,25762.64,25162.64,0,105,28402.23429,35333.333,131.4285714,13925.31701,30190.6,22830,58336.52,22830,118,-0.146666843,0.128455541,3,218,31,-0.781831482,0.623489802,-0.573772268,-0.819014887,21862.36,0.868842061,35.29411765,6.176470588,0,Black Friday,1
2023-08-07 00:00:00+02:00,24485.8,23855.8,0,116,30619.74857,34842.84633,139.4285714,11302.8576,25762.64,8963.2,39200.4,8963.2,60,-0.049561691,1.731814531,3,219,32,0,1,-0.587785252,-0.809016994,10250.6,0.429690054,39.375,7.25,0,Black Friday,1
2023-08-08 00:00:00+02:00,7931.6,7831.6,0,29,28933.83429,34262.03133,129.2857143,13801.34162,24485.8,19733,25356.05,19733,100,-0.676073479,-0.598054021,3,220,32,0.781831482,0.623489802,-0.601624063,-0.798779373,7601,0.970555187,25,7.25,0,Black Friday,1
2023-08-09 00:00:00+02:00,7347,7097,0,24,26938.12,33466.30467,118.5714286,15931.92447,7931.6,21317,31218.8,21317,99,-0.073705179,-0.655345499,3,221,32,0.974927912,-0.222520934,-0.6152846,-0.788305056,970,0.136677469,35.71428571,3.428571429,0,Black Friday,1
2023-08-10 00:00:00+02:00,29478.4,28978.4,0,103,24447.43429,33482.85967,103.8571429,13459.70466,7347,46913.2,28981.75,46913.2,206,3.012304342,-0.371639539,3,222,32,0.433883739,-0.900968868,-0.628762815,-0.777597147,7392.2,0.255093449,29.41176471,6.058823529,0,Black Friday,1
2023-08-11 00:00:00+02:00,26975.4,26175.4,0,126,21738.77714,32684.00967,86,9834.092802,29478.4,45936,50940.9,45936,251,-0.084909629,-0.412761233,3,223,32,-0.433883739,-0.900968868,-0.642054713,-0.766658819,20712.2,0.791284947,40,6.3,0,Black Friday,1
2023-08-12 00:00:00+02:00,15238.4,14988.4,0,70,19602.74857,30582.04133,81.85714286,9301.78795,26975.4,30190.6,78297.45,30190.6,99,-0.435100128,-0.495260114,3,224,32,-0.974927912,-0.222520934,-0.655156357,-0.755493314,4958,0.330789144,31.25,8.75,0,Black Friday,1
2023-08-13 00:00:00+02:00,21669.4,21089.4,0,74,19018,30077.25467,77.42857143,8972.855583,15238.4,25762.64,36813,25762.64,105,0.422025934,-0.158882785,3,225,32,-0.781831482,0.623489802,-0.668063864,-0.74410394,6239.6,0.295864273,38.66666667,4.933333333,0,Black Friday,1
2023-08-14 00:00:00+02:00,43813.8,43163.8,0,133,21779.14286,30485.868,79.85714286,13004.10394,21669.4,24485.8,31555.4,24485.8,116,1.021920312,0.789355463,3,226,33,0,1,-0.680773409,-0.732494072,17540,0.406359032,38.23529412,7.823529412,0,Black Friday,1
2023-08-15 00:00:00+02:00,21286.4,20336.4,0,53,23686.97143,30288.68133,83.28571429,11530.03324,43813.8,7931.6,27202,7931.6,29,-0.514162205,1.683746029,3,227,33,0.781831482,0.623489802,-0.693281227,-0.72066715,4233.8,0.208188273,63.33333333,3.533333333,0,Black Friday,1
2023-08-16 00:00:00+02:00,21366,20376,0,105,25689.68571,29241.48133,94.85714286,9201.142948,21286.4,7347,52782,7347,24,0.003739477,1.908125766,3,228,33,0.974927912,-0.222520934,-0.70558361,-0.708626678,11383.8,0.55868669,49.5,5.25,0,Black Friday,1
2023-08-17 00:00:00+02:00,25786.4,24536.4,0,108,25162.25714,28746.89467,95.57142857,9052.383855,21366,29478.4,40624,29478.4,103,0.206889451,-0.125244247,3,229,33,0.433883739,-0.900968868,-0.717676914,-0.696376226,12768,0.520369736,56.81818182,4.909090909,0,Black Friday,1
2023-08-18 00:00:00+02:00,32178.8,30838.8,0,150,25905.6,28869.488,99,9431.776054,25786.4,26975.4,28501,26975.4,126,0.247898117,0.192894267,3,230,33,-0.433883739,-0.900968868,-0.729557554,-0.683919422,12514.8,0.405813456,53.6,6,0,Black Friday,1
2023-08-19 00:00:00+02:00,22085.6,20935.6,0,108,26883.77143,27182.188,104.4285714,8444.484452,32178.8,15238.4,72704.6,15238.4,70,-0.313659925,0.449338513,3,231,33,-0.974927912,-0.222520934,-0.741222011,-0.671259958,14428,0.689161046,63.88888889,6,0,Black Friday,1
2023-08-20 00:00:00+02:00,43587.6,41977.6,0,219,30014.94286,26898.07467,125.1428571,10091.70025,22085.6,21669.4,52111,21669.4,74,0.973575542,1.011481628,3,232,33,-0.781831482,0.623489802,-0.752666828,-0.658401585,27785,0.661900633,59.62962963,8.111111111,0,Black Friday,1
2023-08-21 00:00:00+02:00,19550.4,18830.4,0,68,26548.74286,26689.80133,115.8571429,8622.169928,43587.6,43813.8,25798.6,43813.8,133,-0.551468766,-0.553784424,3,233,34,0,1,-0.763888613,-0.645348113,3560,0.189055995,55.38461538,5.230769231,0,Black Friday,1
2023-08-22 00:00:00+02:00,4070,3800,0,24,24089.25714,25725.70133,111.7142857,12119.60549,19550.4,21286.4,32993,21286.4,53,-0.791820116,-0.808798106,3,234,34,0.781831482,0.623489802,-0.774884041,-0.632103411,2372,0.624210526,67.5,6,0,Black Friday,1
2023-08-23 00:00:00+02:00,19290.3,18400.3,0,59,23792.72857,24974.778,105.1428571,12222.29779,4070,21366,41818,21366,105,3.73963145,-0.097149677,3,235,34,0.974927912,-0.222520934,-0.785649855,-0.618671403,9404.5,0.511105797,68.46153846,4.538461538,0,Black Friday,1
2023-08-24 00:00:00+02:00,35731.9,34271.9,0,169,25213.51429,25367.70133,113.8571429,13043.17219,19290.3,25786.4,23944.2,25786.4,108,0.852324744,0.385687804,3,236,34,0.433883739,-0.900968868,-0.796182864,-0.60505607,26269.1,0.766490915,66.36363636,7.681818182,0,Black Friday,1
2023-08-25 00:00:00+02:00,25235,24335,0,129,24221.54286,25218.828,110.8571429,12684.26354,35731.9,32178.8,29701.2,32178.8,150,-0.293768313,-0.215788034,3,237,34,-0.433883739,-0.900968868,-0.806479946,-0.591261445,10697,0.439572632,60,8.6,0,Black Friday,1
2023-08-26 00:00:00+02:00,10209,9339,0,65,22524.88571,24618.36133,104.7142857,13765.78994,25235,22085.6,28223,22085.6,108,-0.595442837,-0.537753106,3,238,34,-0.974927912,-0.222520934,-0.816538051,-0.577291617,3405,0.364600064,72.5,5.416666667,0,Black Friday,1
2023-08-27 00:00:00+02:00,33259.9,32179.9,0,148,21049.5,24499.98467,94.57142857,11498.89193,10209,43587.6,36811.2,43587.6,219,2.257899892,-0.23694124,3,239,34,-0.781831482,0.623489802,-0.826354199,-0.563150724,11728.1,0.364454209,51.42857143,7.047619048,0,Black Friday,1
2023-08-28 00:00:00+02:00,20547.6,19617.6,0,77,21191.95714,24425.678,95.85714286,11483.39119,33259.9,19550.4,22776.8,19550.4,68,-0.382211011,0.051006629,3,240,35,0,1,-0.835925479,-0.548842958,5074.4,0.258665688,62,5.133333333,0,Black Friday,1
2023-08-29 00:00:00+02:00,26450,25940,0,64,24389.1,24546.34467,101.5714286,8700.030458,20547.6,4070,22830,4070,24,0.287254959,5.498771499,3,241,35,0.781831482,0.623489802,-0.845249057,-0.534372558,7002,0.269930609,46.36363636,5.818181818,0,Black Friday,1
2023-08-30 00:00:00+02:00,55162.5,54442.5,0,99,29513.7,26086.32133,107.2857143,14090.87701,26450,19290.3,8963.2,19290.3,59,1.085538752,1.859597829,3,242,35,0.974927912,-0.222520934,-0.85432217,-0.519743812,13290.5,0.244119943,40,5.5,0,Black Friday,1
2023-08-31 00:00:00+02:00,35149,33589,0,128,29430.42857,26600.188,101.4285714,14049.66753,55162.5,35731.9,19733,35731.9,169,-0.36280988,-0.016313154,3,243,35,0.433883739,-0.900968868,-0.863142128,-0.504961055,17695,0.526809372,65,5.333333333,0,Black Friday,1
2023-09-01 00:00:00+02:00,39467,38387,0,131,31463.57143,27205.188,101.7142857,14367.52357,35149,25235,21317,25235,129,0.122848445,0.563978601,3,244,35,-0.433883739,-0.900968868,-0.871706319,-0.490028666,20439,0.53244588,63.52941176,7.705882353,0,Black Friday,1
2023-09-02 00:00:00+02:00,38422,37072,0,177,35494,26922.148,117.7142857,10965.90809,39467,10209,46913.2,10209,65,-0.026477817,2.763541973,3,245,35,-0.974927912,-0.222520934,-0.880012204,-0.474951072,10670,0.2878183,71.05263158,9.315789474,0,Black Friday,1
2023-09-03 00:00:00+02:00,40184,39234,0,148,36483.15714,26730.41467,117.7142857,11042.81604,38422,33259.9,45936,33259.9,148,0.045859143,0.208181624,3,246,35,-0.781831482,0.623489802,-0.888057323,-0.459732739,27720,0.70653005,52.77777778,8.222222222,0,Black Friday,1
2023-09-04 00:00:00+02:00,13825.8,12805.8,0,54,35522.9,26184.92133,114.4285714,12810.29476,40184,20547.6,30190.6,20547.6,77,-0.655937687,-0.327133096,3,247,36,0,1,-0.895839291,-0.444378178,2151.2,0.167986381,60,3.176470588,0,Black Friday,1
2023-09-05 00:00:00+02:00,27428,26528,0,113,35662.61429,26240.43333,121.4285714,12699.70578,13825.8,26450,25762.64,26450,64,0.983827337,0.036975425,3,248,36,0.781831482,0.623489802,-0.903355802,-0.428891938,14387,0.54233263,47.36842105,5.947368421,0,Black Friday,1
2023-09-06 00:00:00+02:00,37851,37131,0,221,33189.54286,26685.94,138.8571429,9569.274399,27428,55162.5,24485.8,55162.5,99,0.380013125,-0.313827328,3,249,36,0.974927912,-0.222520934,-0.91060463,-0.413278608,29911,0.805553311,40,12.27777778,0,Black Friday,1
2023-09-07 00:00:00+02:00,43985,42845,0,130,34451.82857,27887.72,139.1428571,10416.13285,37851,35149,7931.6,35149,128,0.162056485,0.251386953,3,250,36,0.433883739,-0.900968868,-0.917583626,-0.397542814,35487,0.828264675,60,6.842105263,0,Black Friday,1
2023-09-08 00:00:00+02:00,29483,27803,0,86,33025.54286,28625.58667,132.7142857,10297.83325,43985,39467,7347,39467,131,-0.329703308,-0.252970836,3,251,36,-0.433883739,-0.900968868,-0.924290722,-0.38168922,14550,0.523324821,70,3.583333333,0,Black Friday,1
2023-09-09 00:00:00+02:00,21425,20525,0,86,30597.4,28357.14,119.7142857,10804.72056,29483,38422,29478.4,38422,177,-0.273310043,-0.442376763,3,252,36,-0.974927912,-0.222520934,-0.930723931,-0.365722523,15883,0.773836784,60,5.733333333,0,Black Friday,1
2023-09-10 00:00:00+02:00,38382.5,36762.5,0,121,30340.04286,28737.37667,115.8571429,10556.93431,21425,40184,26975.4,40184,148,0.791481914,-0.044831276,3,253,36,-0.781831482,0.623489802,-0.936881346,-0.349647455,19466.5,0.529520571,81,6.05,0,Black Friday,1
2023-09-11 00:00:00+02:00,37637.25,36827.25,0,85,33741.67857,29484.005,120.2857143,7833.946516,38382.5,13825.8,15238.4,13825.8,54,-0.019416401,1.722247537,3,254,37,0,1,-0.942761143,-0.333468779,12228.75,0.332057104,42.63157895,4.473684211,0,Black Friday,1
2023-09-12 00:00:00+02:00,27595,26785,0,86,33765.53571,29681.525,116.4285714,7811.737369,37637.25,27428,21669.4,27428,113,-0.266816784,0.006088669,3,255,37,0.781831482,0.623489802,-0.94836158,-0.317191289,16623,0.62060855,73.63636364,7.818181818,0,Black Friday,1
2023-09-13 00:00:00+02:00,32892.6,32202.6,0,73,33057.19286,29317.485,95.28571429,7601.51515,27595,37851,43813.8,37851,221,0.191976807,-0.13099786,3,256,37,0.974927912,-0.222520934,-0.953680997,-0.300819808,16539.4,0.513604492,53.07692308,5.615384615,0,Black Friday,1
2023-09-14 00:00:00+02:00,29549,28379,0,74,30994.90714,29592.905,87.28571429,5913.508364,32892.6,43985,21286.4,43985,130,-0.101652043,-0.328202796,3,257,37,0.433883739,-0.900968868,-0.958717817,-0.284359187,1650,0.058141584,58.5,3.7,0,Black Friday,1
2023-09-15 00:00:00+02:00,24099.35,23379.35,0,62,30225.81429,29684.01667,83.85714286,6467.093698,29549,29483,21366,29483,86,-0.184427561,-0.182601838,3,258,37,-0.433883739,-0.900968868,-0.963470549,-0.267814305,10098.65,0.431947424,60,5.166666667,0,Black Friday,1
2023-09-16 00:00:00+02:00,22203,21123,0,64,30336.95714,29564.57,80.71428571,6295.031813,24099.35,21425,25786.4,21425,86,-0.078688844,0.036312719,3,259,37,-0.974927912,-0.222520934,-0.967937783,-0.251190064,4983,0.235903991,63.52941176,3.764705882,0,Black Friday,1
2023-09-17 00:00:00+02:00,62045,61085,0,133,33717.31429,30560.11,82.42857143,13530.49688,22203,38382.5,32178.8,38382.5,121,1.794442192,0.616491891,3,260,37,-0.781831482,0.623489802,-0.972118197,-0.23449139,11940,0.195465335,40,5.541666667,0,Black Friday,1
2023-09-18 00:00:00+02:00,26064,25434,0,66,32063.99286,30692.72333,79.71428571,13677.9573,62045,37637.25,22085.6,37637.25,85,-0.579917802,-0.30749457,3,261,38,0,1,-0.976010551,-0.21772323,10936,0.429975623,45,4.714285714,0,Black Friday,1
2023-09-19 00:00:00+02:00,30154,29074,0,51,32429.56429,30244.93667,74.71428571,13572.39707,26064,27595,43587.6,27595,86,0.156921424,0.092734191,3,262,38,0.781831482,0.623489802,-0.979613692,-0.200890555,4308,0.148173626,72,3.4,0,Black Friday,1
2023-09-20 00:00:00+02:00,30312,28632,0,75,32060.90714,30603.65667,75,13592.756,30154,32892.6,19550.4,32892.6,73,0.005239769,-0.078455336,3,263,38,0.974927912,-0.222520934,-0.982926552,-0.183998352,3869,0.135128528,73.04347826,3.260869565,0,Black Friday,1
2023-09-21 00:00:00+02:00,55497.8,53707.8,0,125,35767.87857,32317.91667,82.28571429,16100.54297,30312,29549,4070,29549,74,0.830885458,0.878161698,3,264,38,0.433883739,-0.900968868,-0.98594815,-0.167051626,12326.2,0.229504839,68.84615385,4.807692308,0,Black Friday,1
2023-09-22 00:00:00+02:00,62051,59581,0,187,41189.54286,33743.27333,100.1428571,17815.02975,55497.8,24099.35,19290.3,24099.35,62,0.118080356,1.574799735,3,265,38,-0.433883739,-0.900968868,-0.98867759,-0.150055398,16746,0.281062755,85.17241379,6.448275862,0,Black Friday,1
2023-09-23 00:00:00+02:00,47228,45528,0,84,44764.54286,34126.47667,103,15762.62188,62051,22203,35731.9,22203,64,-0.238884144,1.127099941,3,266,38,-0.974927912,-0.222520934,-0.991114064,-0.133014707,17317,0.380359339,85,4.2,0,Black Friday,1
2023-09-24 00:00:00+02:00,35786,34096,0,77,41013.25714,34478.17667,95,13989.61824,47228,62045,25235,62045,133,-0.242271534,-0.423225079,3,267,38,-0.781831482,0.623489802,-0.993256849,-0.1159346,10815,0.317192633,84.5,3.85,0,Black Friday,1
2023-09-25 00:00:00+02:00,71373,70743,0,168,47485.97143,36516.97667,109.5714286,16223.53228,35786,26064,10209,26064,66,0.994439166,1.73837477,3,268,39,0,1,-0.995105311,-0.098820139,35224,0.497914988,45,12,0,Black Friday,1
2023-09-26 00:00:00+02:00,38751.9,37941.9,0,157,48714.24286,36700.04333,124.7142857,14969.65938,71373,30154,33259.9,30154,51,-0.457050986,0.285132984,3,269,39,0.781831482,0.623489802,-0.996658902,-0.081676395,24802.1,0.653686294,50.625,9.8125,0,Black Friday,1
2023-09-27 00:00:00+02:00,30314,28484,0,110,48714.52857,37025.59,129.7142857,14969.24963,38751.9,30312,20547.6,30312,75,-0.217741582,6.60E-05,3,270,39,0.974927912,-0.222520934,-0.997917161,-0.064508449,8596,0.301783457,101.6666667,6.111111111,0,Black Friday,1
2023-09-28 00:00:00+02:00,34989.6,32679.6,0,80,45784.78571,37310.24333,123.2857143,15420.48285,30314,55497.8,26450,55497.8,125,0.154238965,-0.369531765,3,271,39,0.433883739,-0.900968868,-0.998879716,-0.047321388,8020.4,0.245425281,85.55555556,2.962962963,0,Black Friday,1
2023-09-29 00:00:00+02:00,26640,26250,0,69,40726.07143,36359.49333,106.4285714,14997.4815,34989.6,62051,55162.5,62051,187,-0.238630907,-0.570675734,3,272,39,-0.433883739,-0.900968868,-0.999546281,-0.030120305,14062,0.535695238,43.33333333,7.666666667,0,Black Friday,1
2023-09-30 00:00:00+02:00,31824.66,31314.66,0,69,38525.59429,36248.682,104.2857143,15014.50444,26640,47228,35149,47228,84,0.194619369,-0.326148471,3,273,39,-0.974927912,-0.222520934,-0.999916659,-0.012910296,7267.34,0.23207469,51,6.9,0,Black Friday,1
2023-10-01 00:00:00+02:00,29718.4,28678.4,0,61,37658.79429,35923.72867,102,15369.95966,31824.66,35786,39467,35786,77,-0.066183268,-0.169552339,4,274,39,-0.781831482,0.623489802,-0.99999074,0.004303538,22521.6,0.785315778,86.66666667,5.083333333,0,Black Friday,1
2023-10-02 00:00:00+02:00,40434.6,38184.6,0,115,33239.02286,35990.81533,94.42857143,5028.762839,29718.4,71373,38422,71373,168,0.360591418,-0.433474843,4,275,40,0,1,-0.999768502,0.021516097,13411.4,0.351225363,93.75,4.791666667,0,Black Friday,1
2023-10-03 00:00:00+02:00,111867.1,106397.1,0,216,43684.05143,38380.252,102.8571429,30386.46377,40434.6,38751.9,40184,38751.9,157,1.766618193,1.886751359,4,276,40,0.781831482,0.623489802,-0.999250011,0.038722281,16776.9,0.157681929,99.45454545,3.927272727,0,Black Friday,1
2023-10-04 00:00:00+02:00,79141.9,75811.9,0,116,50659.46571,40557.45533,103.7142857,32346.89321,111867.1,30314,13825.8,30314,110,-0.292536412,1.610737613,4,277,40,0.974927912,-0.222520934,-0.998435421,0.05591699,22808.1,0.300851186,87.63157895,3.052631579,0,Black Friday,1
2023-10-05 00:00:00+02:00,60169,56599,0,166,54256.52286,41648.822,116,31707.63265,79141.9,34989.6,27428,34989.6,80,-0.239732683,0.71962526,4,278,40,0.433883739,-0.900968868,-0.997324973,0.07309513,9321,0.164684888,102,4.742857143,0,Black Friday,1
2023-10-06 00:00:00+02:00,71814,67594,0,157,60709.95143,42780.922,128.5714286,29682.51252,60169,26640,37851,26640,69,0.193538201,1.695720721,4,279,40,-0.433883739,-0.900968868,-0.995918996,0.09025161,16083,0.23793532,91.73913043,3.413043478,0,Black Friday,1
2023-10-07 00:00:00+02:00,101111.4,96721.4,0,144,70608.05714,44685.13533,139.2857143,29995.60747,71814,31824.66,43985,31824.66,69,0.407962236,2.177139991,4,280,40,-0.974927912,-0.222520934,-0.994217907,0.107381347,13694.6,0.141588108,121.9444444,4,0,Black Friday,1
2023-10-08 00:00:00+02:00,61060.8,57950.8,0,107,75085.54286,45737.72867,145.8571429,24756.37869,101111.4,29718.4,29483,29718.4,61,-0.396103703,1.05464628,4,281,40,-0.781831482,0.623489802,-0.992222209,0.124479264,9017.2,0.155600958,100.3225806,3.451612903,0,Black Friday,1
2023-10-09 00:00:00+02:00,62180.7,59820.7,0,120,78192.12857,47096.252,146.5714286,20718.59358,61060.8,40434.6,21425,40434.6,115,0.018340736,0.537809203,4,282,41,0,1,-0.989932495,0.141540295,16420.3,0.27449194,73.75,3.75,0,Black Friday,1
2023-10-10 00:00:00+02:00,50262,46782,0,99,69391.4,47492.23533,129.8571429,16730.60737,62180.7,111867.1,38382.5,111867.1,216,-0.191678447,-0.550698999,4,283,41,0.781831482,0.623489802,-0.987349442,0.158559385,8831,0.188769185,108.75,3.09375,0,Black Friday,1
2023-10-11 00:00:00+02:00,35090,33250,0,62,63098.27143,47407.327,122.1428571,20346.04326,50262,79141.9,37637.25,79141.9,116,-0.301858263,-0.556619187,4,284,41,0.974927912,-0.222520934,-0.984473817,0.17553149,7579,0.22793985,87.61904762,2.952380952,0,Black Friday,1
2023-10-12 00:00:00+02:00,78732.6,75022.6,0,183,65750.21429,49111.91367,124.5714286,21096.56706,35090,60169,27595,60169,166,1.243733257,0.308524323,4,285,41,0.433883739,-0.900968868,-0.98130647,0.192451582,48761.4,0.649956147,103.0555556,5.083333333,0,Black Friday,1
2023-10-13 00:00:00+02:00,18852,17832,0,54,58184.21429,48643.89367,109.8571429,27179.50627,78732.6,71814,32892.6,71814,157,-0.760556618,-0.737488512,4,286,41,-0.433883739,-0.900968868,-0.977848342,0.209314646,3477,0.194986541,78.46153846,4.153846154,0,Black Friday,1
2023-10-14 00:00:00+02:00,50148.8,47638.8,0,88,50903.84286,49330.55367,101.8571429,19507.05564,18852,101111.4,29549,101111.4,144,1.660131551,-0.504024274,4,287,41,-0.974927912,-0.222520934,-0.974100455,0.226115686,8977.2,0.188443034,96.53846154,3.384615385,0,Black Friday,1
2023-10-15 00:00:00+02:00,55082,53852,0,137,50049.72857,50363.30867,106.1428571,19115.16831,50148.8,61060.8,24099.35,61060.8,107,0.098371247,-0.09791552,4,288,41,-0.781831482,0.623489802,-0.970063922,0.242849722,8247,0.153141945,58.57142857,6.523809524,0,Black Friday,1
2023-10-16 00:00:00+02:00,63358.4,61558.4,0,171,50217.97143,51735.15533,113.4285714,19244.4801,55082,62180.7,22203,62180.7,120,0.150255982,0.01893996,4,289,42,0,1,-0.965739938,0.259511797,6460.6,0.104950746,54.54545455,5.181818182,0,Black Friday,1
2023-10-17 00:00:00+02:00,79849,78389,0,158,54444.68571,52328.622,121.8571429,22267.46583,63358.4,50262,62045,50262,99,0.260274881,0.588655445,4,290,42,0.781831482,0.623489802,-0.961129784,0.276096973,5916,0.075469773,58.4,6.32,0,Black Friday,1
2023-10-18 00:00:00+02:00,25650,24600,0,66,53096.11429,52314.822,122.4285714,23863.63956,79849,35090,26064,35090,62,-0.678768676,-0.269022514,4,291,42,0.974927912,-0.222520934,-0.956234827,0.292600336,4835,0.196544715,80.76923077,5.076923077,0,Black Friday,1
2023-10-19 00:00:00+02:00,18078.4,17268.4,0,64,44431.22857,51912.302,105.4285714,24014.88761,25650,78732.6,30154,78732.6,183,-0.295189084,-0.770382281,4,292,42,0.433883739,-0.900968868,-0.951056516,0.309016994,6076.6,0.351891316,62.30769231,4.923076923,0,Black Friday,1
2023-10-20 00:00:00+02:00,15715,15175,0,39,43983.08571,51425.73533,103.2857143,24594.06428,18078.4,18852,30312,18852,54,-0.130730596,-0.166401443,4,293,42,-0.433883739,-0.900968868,-0.945596387,0.325342085,3311,0.218187809,67.5,4.875,0,Black Friday,1
2023-10-21 00:00:00+02:00,30273,29073,0,98,41143.68571,50584.90867,104.7142857,24908.91091,15715,50148.8,55497.8,50148.8,88,0.926376074,-0.396336503,4,294,42,-0.974927912,-0.222520934,-0.939856058,0.341570769,2911,0.100127266,92.30769231,7.538461538,0,Black Friday,1
2023-10-22 00:00:00+02:00,42396,40216,0,149,39331.4,49929.742,106.4285714,24176.51783,30273,55082,62051,55082,137,0.400455852,-0.230311172,4,295,42,-0.781831482,0.623489802,-0.933837229,0.357698239,3635,0.090386911,77.85714286,5.321428571,0,Black Friday,1
2023-10-23 00:00:00+02:00,24905.8,23855.8,0,103,33838.17143,49185.66867,96.71428571,22085.42646,42396,63358.4,47228,63358.4,171,-0.412543636,-0.606906109,4,296,43,0,1,-0.927541684,0.373719715,974.2,0.040837029,70,6.866666667,0,Black Friday,1
2023-10-24 00:00:00+02:00,59340,58140,0,101,30908.31429,49970.802,88.57142857,15274.46042,24905.8,79849,35786,79849,158,1.382577552,-0.256847299,4,297,43,0.781831482,0.623489802,-0.920971288,0.38963045,7572,0.130237358,60,5.05,0,Black Friday,1
2023-10-25 00:00:00+02:00,40421.5,39221.5,0,89,33018.52857,48939.08533,91.85714286,15446.32993,59340,25650,71373,25650,66,-0.318815302,0.57588694,4,298,43,0.974927912,-0.222520934,-0.914127988,0.405425728,10429.5,0.265912828,63.15789474,4.684210526,0,Black Friday,1
2023-10-26 00:00:00+02:00,12234.4,11544.4,0,45,32183.67143,48055.16867,89.14285714,16509.73603,40421.5,18078.4,38751.9,18078.4,64,-0.697329392,-0.323258695,4,299,43,0.433883739,-0.900968868,-0.907013813,0.421100871,537.6,0.046568033,62.72727273,4.090909091,0,Black Friday,1
2023-10-27 00:00:00+02:00,34435.4,33145.4,0,102,34858.01429,48192.54867,98.14285714,14827.99536,12234.4,15715,30314,15715,39,1.814637416,1.191244034,4,300,43,-0.433883739,-0.900968868,-0.89963087,0.436651232,4404.6,0.132887218,61.42857143,4.857142857,0,Black Friday,1
2023-10-28 00:00:00+02:00,29214.5,27664.5,0,51,34706.8,48000.04533,91.42857143,14887.82229,34435.4,30273,34989.6,30273,98,-0.151614327,-0.03496515,4,301,43,-0.974927912,-0.222520934,-0.891981346,0.452072204,1663.5,0.060131215,77.5,2.55,0,Black Friday,1
2023-10-29 00:00:00+02:00,51153.2,49803.2,0,120,35957.82857,48817.152,87.28571429,15970.22377,29214.5,42396,26640,42396,149,0.750952438,0.206557222,4,302,43,-0.781831482,0.623489802,-0.88406751,0.467359217,7263.8,0.145850066,54,4.8,0,Black Friday,1
2023-10-30 00:00:00+02:00,57505.88,56425.88,0,147,40614.98286,49673.19267,93.57142857,16934.36283,51153.2,24905.8,31824.66,24905.8,103,0.124189298,1.308935268,4,303,44,0,1,-0.875891705,0.482507742,8513.12,0.150872614,49.09090909,6.681818182,0,Black Friday,1
2023-10-31 00:00:00+02:00,36493,35903,0,51,37351.12571,49899.01267,86.42857143,14789.81067,57505.88,59340,29718.4,59340,101,-0.365404025,-0.385018537,4,304,44,0.781831482,0.623489802,-0.867456355,0.497513289,3524,0.098153358,53.63636364,4.636363636,0,Black Friday,1
2023-11-01 00:00:00+02:00,56869,54919,0,133,39700.76857,50446.826,92.71428571,16559.51622,36493,40421.5,40434.6,40421.5,89,0.558353657,0.406899793,4,305,44,0.974927912,-0.222520934,-0.858763958,0.512371412,37018,0.674047233,69.64285714,4.75,0,Black Friday,1
2023-11-02 00:00:00+02:00,70019,67509,0,134,47955.71143,49051.88933,105.4285714,14905.76314,56869,12234.4,111867.1,12234.4,45,0.231233185,4.723124959,4,306,44,0.433883739,-0.900968868,-0.849817092,0.527077709,33658,0.498570561,64.35897436,3.435897436,0,Black Friday,1
2023-11-03 00:00:00+02:00,117850.8,113670.8,0,258,59872.19714,50342.186,127.7142857,28987.3444,70019,34435.4,79141.9,34435.4,102,0.683126009,2.422373488,4,307,44,-0.433883739,-0.900968868,-0.840618406,0.541627821,72737.2,0.639893447,78.0952381,4.095238095,0,Black Friday,1
2023-11-04 00:00:00+02:00,170508.85,164788.85,0,336,80057.10429,54020.181,168.4285714,47416.87119,117850.8,29214.5,60169,29214.5,51,0.446819623,4.836445943,4,308,44,-0.974927912,-0.222520934,-0.831170626,0.556017437,96260.15,0.584142374,70,3.428571429,0,Black Friday,1
2023-11-05 00:00:00+02:00,179272,175142,0,376,98359.79,57602.11433,205,57956.01746,170508.85,51153.2,71814,51153.2,120,0.051394107,2.504609682,4,309,44,-0.781831482,0.623489802,-0.821476553,0.570242293,100757,0.575287481,61.5942029,5.449275362,0,Black Friday,1
2023-11-06 00:00:00+02:00,250364,243724,0,419,125910.95,62577.201,243.8571429,77756.21383,179272,57505.88,101111.4,57505.88,147,0.396559418,3.353711307,4,310,45,0,1,-0.811539059,0.584298174,143132,0.587270847,66.4,4.19,0,Black Friday,1
2023-11-07 00:00:00+02:00,283103,276123,0,566,161140.95,69978.60767,317.4285714,85928.14172,250364,36493,61060.8,36493,51,0.130765605,6.75773436,4,311,45,0.781831482,0.623489802,-0.801361088,0.598180914,157473,0.570300192,62.88288288,5.099099099,0,Black Friday,1
2023-11-08 00:00:00+02:00,124545,120465,0,224,170808.95,72057.41767,330.4285714,75403.58708,283103,56869,62180.7,56869,133,-0.560071776,1.190033234,4,312,45,0.974927912,-0.222520934,-0.790945657,0.611886401,62165,0.516042004,68,3.733333333,0,Black Friday,1
2023-11-09 00:00:00+02:00,103707.75,99217.75,0,201,175621.6286,73838.94267,340,68673.17472,124545,70019,50262,70019,134,-0.167306997,0.481137263,4,313,45,0.433883739,-0.900968868,-0.780295851,0.625410573,58358.25,0.588183566,78.77192982,3.526315789,0,Black Friday,1
2023-11-10 00:00:00+02:00,168313.45,163873.45,0,334,182830.5786,78279.72433,350.8571429,64093.92545,103707.75,117850.8,35090,117850.8,258,0.622959229,0.428190984,4,314,45,-0.433883739,-0.900968868,-0.769414827,0.638749422,113902.55,0.695064088,78.02469136,4.12345679,0,Black Friday,1
2023-11-11 00:00:00+02:00,176549.1,171049.1,0,383,183693.4714,81540.27433,357.5714286,63940.86795,168313.45,170508.85,78732.6,170508.85,336,0.048930433,0.035424847,4,315,45,-0.974927912,-0.222520934,-0.758305808,0.651898996,96050.9,0.561539932,72.52873563,4.402298851,0,Black Friday,1
2023-11-12 00:00:00+02:00,148983.55,143893.55,0,346,179366.55,85877.99267,353.2857143,65300.30763,176549.1,179272,18852,179272,376,-0.156135319,-0.168952486,4,316,45,-0.781831482,0.623489802,-0.746972088,0.664855398,73784.45,0.512771073,62.35294118,4.070588235,0,Black Friday,1
2023-11-13 00:00:00+02:00,91065,88315,0,179,156609.55,87241.866,319,64182.21397,148983.55,250364,50148.8,250364,419,-0.388758021,-0.636269591,4,317,46,0,1,-0.735417023,0.677614789,42340,0.479420257,62.5,4.068181818,0,Black Friday,1
2023-11-14 00:00:00+02:00,113199,109219,0,303,132337.55,89179.09933,281.4285714,32853.49452,91065,283103,55082,283103,566,0.243057157,-0.600149062,4,318,46,0.781831482,0.623489802,-0.723644038,0.690173388,84156,0.770525275,65.24590164,4.967213115,0,Black Friday,1
2023-11-15 00:00:00+02:00,121966,116936,0,317,131969.1214,91132.686,294.7142857,32969.70238,113199,124545,63358.4,124545,224,0.077447681,-0.020707375,4,319,46,0.974927912,-0.222520934,-0.711656622,0.702527474,82712,0.707327085,70.84507042,4.464788732,15,Black Friday,0
2023-11-16 00:00:00+02:00,148786,143386,0,312,138408.8714,93430.586,310.5714286,30864.80541,121966,103707.75,79849,103707.75,201,0.219897348,0.434666165,4,320,46,0.433883739,-0.900968868,-0.699458327,0.714673386,88362,0.616252633,70.12987013,4.051948052,14,Black Friday,0
2023-11-17 00:00:00+02:00,60245.05,58055.05,0,168,122970.5286,94583.75433,286.8571429,39291.04951,148786,168313.45,25650,168313.45,334,-0.595089256,-0.642066335,4,321,46,-0.433883739,-0.900968868,-0.687052767,0.726607525,42363.95,0.729720326,69.51219512,4.097560976,13,Black Friday,0
2023-11-18 00:00:00+02:00,110482,108232,0,227,113532.3714,97663.87433,264.5714286,31423.10134,60245.05,176549.1,18078.4,176549.1,383,0.833876808,-0.374213746,4,322,46,-0.974927912,-0.222520934,-0.674443619,0.738326354,36032,0.33291448,67.10526316,5.973684211,12,Black Friday,0
2023-11-19 00:00:00+02:00,136967,134117,0,354,111815.7214,101705.6077,265.7142857,29428.54434,110482,148983.55,15715,148983.55,346,0.239722308,-0.080656891,4,323,46,-0.781831482,0.623489802,-0.661634618,0.749826401,61594.5,0.459259453,38.8,4.72,11,Black Friday,0
2023-11-20 00:00:00+02:00,240425,240275,0,604,133152.8643,108710.6743,326.4285714,54953.1221,136967,91065,30273,91065,179,0.755349829,1.640147148,4,324,47,0,1,-0.648629561,0.761104259,95074,0.395688274,1.376146789,5.541284404,10,Black Friday,0
2023-11-21 00:00:00+02:00,184409.1,184409.1,0,561,143325.7357,113444.4443,363.2857143,57189.31657,240425,113199,42396,113199,303,-0.232987002,0.629070045,4,325,47,0.781831482,0.623489802,-0.635432301,0.772156584,71772.9,0.389204763,0,4.56097561,9,Black Friday,0
2023-11-22 00:00:00+02:00,140120.5,140060.5,0,427,145919.2357,117284.9343,379,56466.30132,184409.1,121966,24905.8,121966,317,-0.240164938,0.14884886,4,326,47,0.974927912,-0.222520934,-0.622046748,0.782980104,47055,0.335961959,0.631578947,4.494736842,8,Black Friday,0
2023-11-23 00:00:00+02:00,120847,120697,0,340,141927.95,119335.1677,383,57212.38974,140120.5,148786,59340,148786,312,-0.137549466,-0.187779764,4,327,47,0.433883739,-0.900968868,-0.60847687,0.793571609,51955.5,0.430462232,1.807228916,4.096385542,7,Black Friday,1
2023-11-24 00:00:00+02:00,268038.49,268038.49,0,682,171612.7271,126922.4007,456.4285714,61512.89218,120847,60245.05,40421.5,60245.05,168,1.217998709,3.449137149,4,328,47,-0.433883739,-0.900968868,-0.594726687,0.803927962,102556.61,0.382618966,0,5.20610687,6,Black Friday,1
2023-11-25 00:00:00+02:00,247779.55,247779.55,0,662,191226.6629,134773.9057,518.5714286,60655.43286,268038.49,110482,12234.4,110482,227,-0.075582205,1.242714198,4,329,47,-0.974927912,-0.222520934,-0.580800273,0.814046094,79627.45,0.321364092,0,5.382113821,5,Black Friday,1
2023-11-26 00:00:00+02:00,173713.8,173713.8,0,609,196476.2057,139416.519,555,56633.58053,247779.55,136967,34435.4,136967,354,-0.298917929,0.268289442,4,330,47,-0.781831482,0.623489802,-0.566701756,0.823923006,48448,0.278895517,0,5.486486486,4,Black Friday,1
2023-11-27 00:00:00+02:00,152762.2,152762.2,0,508,183952.9486,143534.7757,541.2857143,54963.27358,173713.8,240425,29214.5,240425,604,-0.120609877,-0.364615993,4,331,48,0,1,-0.552435313,0.833555772,43844.8,0.28701341,0,4.268907563,3,Black Friday,1
2023-11-28 00:00:00+02:00,180271.5,180121.5,0,504,183361.8629,147838.719,533.1428571,54979.79624,152762.2,184409.1,51153.2,184409.1,561,0.180079234,-0.022437071,4,332,48,0.781831482,0.623489802,-0.538005172,0.842941537,56292,0.312522381,1.363636364,4.581818182,2,Black Friday,1
2023-11-29 00:00:00+02:00,192105.9,192105.9,0,574,190788.3486,152325.3863,554.1428571,51570.73114,180271.5,140120.5,57505.88,140120.5,427,0.065647648,0.371004956,4,333,48,0.974927912,-0.222520934,-0.523415607,0.852077521,80132.6,0.41712722,0,5.41509434,1,Black Friday,1
2023-11-30 00:00:00+02:00,139482.5,139482.5,0,442,193450.5629,155758.3697,568.7142857,47693.68935,192105.9,120847,36493,120847,340,-0.273929119,0.154207386,4,334,48,0.433883739,-0.900968868,-0.508670944,0.860961016,41821,0.299829728,0,5.390243902,0,Black Friday,1
2023-12-01 00:00:00+02:00,199810.5,199810.5,0,460,183703.7071,160523.0863,537,35261.4274,139482.5,268038.49,56869,268038.49,682,0.432513039,-0.254545495,4,335,48,-0.433883739,-0.900968868,-0.49377555,0.869589389,58462,0.292587226,0,4.509803922,0,Christmas,1
2023-12-02 00:00:00+02:00,159589.6,159139.6,0,437,171105.1429,163508.773,504.8571429,21698.38452,199810.5,247779.55,70019,247779.55,662,-0.201295227,-0.355921019,4,336,48,-0.974927912,-0.222520934,-0.47873384,0.877960085,47780,0.300239538,5.357142857,5.202380952,0,Christmas,1
2023-12-03 00:00:00+02:00,90577.5,87737.5,0,166,159228.5286,162599.663,441.5714286,37227.76238,159589.6,173713.8,117850.8,173713.8,609,-0.43243482,-0.478582012,4,337,48,-0.781831482,0.623489802,-0.463550271,0.886070622,33597,0.382926343,59.16666667,3.458333333,0,Christmas,1
2023-12-04 00:00:00+02:00,85520.5,82430.5,0,222,149622.5714,159766.718,400.7142857,46655.79087,90577.5,152762.2,170508.85,152762.2,508,-0.055830642,-0.440172372,4,338,49,0,1,-0.448229342,0.893918597,36723,0.445502575,61.8,4.44,0,Christmas,1
2023-12-05 00:00:00+02:00,96207,92967,0,214,137613.3571,156997.8847,359.2857143,48243.98889,85520.5,180271.5,179272,180271.5,504,0.124958343,-0.466321632,4,339,49,0.781831482,0.623489802,-0.432775593,0.901501684,28691,0.308614885,55.86206897,3.689655172,0,Christmas,1
2023-12-06 00:00:00+02:00,101639.5,99099.5,0,198,124689.5857,152040.4013,305.5714286,43051.14958,96207,192105.9,250364,192105.9,574,0.056466785,-0.470919425,4,340,49,0.974927912,-0.222520934,-0.417193603,0.908817637,19493,0.196701295,57.72727273,4.5,0,Christmas,1
2023-12-07 00:00:00+02:00,53791.6,51211.6,0,125,112448.0286,144396.688,260.2857143,49798.11392,101639.5,139482.5,283103,139482.5,442,-0.470760875,-0.614348753,4,341,49,0.433883739,-0.900968868,-0.401487989,0.915864288,8300,0.162072655,62.92682927,3.048780488,0,Christmas,1
2023-12-08 00:00:00+02:00,57835.5,55285.5,0,164,92165.88571,142173.038,218,34999.7203,53791.6,199810.5,124545,199810.5,460,0.075177165,-0.710548244,4,342,49,-0.433883739,-0.900968868,-0.385663406,0.922639549,18374,0.332347541,60.71428571,3.904761905,0,Christmas,1
2023-12-09 00:00:00+02:00,124652,120572,0,299,87174.8,142871.1797,198.2857143,24782.03767,57835.5,159589.6,103707.75,159589.6,437,1.155285249,-0.218921534,4,343,49,-0.974927912,-0.222520934,-0.369724543,0.929141411,31603,0.262108947,59.13043478,4.333333333,0,Christmas,1
2023-12-10 00:00:00+02:00,92904.05,89154.05,0,282,87507.16429,140357.533,214.8571429,24850.78477,124652,90577.5,168313.45,90577.5,166,-0.254692664,0.025685739,4,344,49,-0.781831482,0.623489802,-0.353676122,0.935367949,17582.45,0.19721426,53.57142857,4.028571429,15,Christmas,0
2023-12-11 00:00:00+02:00,80186,77756,0,223,86745.09286,137145.4297,215,25003.18767,92904.05,85520.5,176549.1,85520.5,222,-0.136894463,-0.062376857,4,345,50,0,1,-0.3375229,0.941317318,24407,0.313892176,55.22727273,5.068181818,14,Christmas,0
2023-12-12 00:00:00+02:00,90570.5,88320.5,0,218,85939.87857,135198.328,215.5714286,24737.02968,80186,96207,148983.55,96207,214,0.129505151,-0.058587213,4,346,50,0.781831482,0.623489802,-0.321269662,0.946987753,21690,0.245582849,50,4.844444444,13,Christmas,0
2023-12-13 00:00:00+02:00,91531,88441,0,234,84495.80714,135213.8613,220.7142857,23950.32691,90570.5,101639.5,91065,101639.5,198,0.010604998,-0.099454444,4,347,50,0.974927912,-0.222520934,-0.304921225,0.952377576,38968,0.440610124,53.27586207,4.034482759,12,Christmas,0
2023-12-14 00:00:00+02:00,95825.5,93515.5,0,262,90500.65,134634.7447,240.2857143,19895.20711,91531,53791.6,113199,53791.6,125,0.04691853,0.781421263,4,348,50,0.433883739,-0.900968868,-0.288482433,0.957485188,33575,0.359031391,48.125,5.458333333,11,Christmas,0
2023-12-15 00:00:00+02:00,65659.5,64129.5,0,124,91618.36429,132757.8613,234.5714286,17871.02547,95825.5,57835.5,121966,57835.5,164,-0.314801384,0.135280234,4,349,50,-0.433883739,-0.900968868,-0.271958158,0.962309077,17757,0.27689285,54.64285714,4.428571429,10,Christmas,0
2023-12-16 00:00:00+02:00,69771,67311,0,180,83778.22143,130124.028,217.5714286,12055.79159,65659.5,124652,148786,124652,299,0.062618509,-0.440273722,4,350,50,-0.974927912,-0.222520934,-0.255353295,0.966847814,21674,0.32199789,60,4.390243902,9,Christmas,0
2023-12-17 00:00:00+02:00,52886.5,50816.5,0,115,78061.42857,129878.743,193.7142857,15886.56837,69771,92904.05,60245.05,92904.05,282,-0.241998825,-0.43074064,4,351,50,-0.781831482,0.623489802,-0.238672766,0.971100052,11258,0.221542216,59.14285714,3.285714286,8,Christmas,0
2023-12-18 00:00:00+02:00,89854,87844,0,202,79442.57143,129191.143,190.7142857,16510.07962,52886.5,80186,110482,80186,223,0.698996908,0.120569676,4,352,51,0,1,-0.221921513,0.975064532,14729,0.167672237,51.53846154,5.179487179,7,Christmas,1
2023-12-19 00:00:00+02:00,53536,51406,0,191,74151.92857,126410.1097,186.8571429,18197.43439,89854,90570.5,136967,90570.5,218,-0.404189018,-0.408902457,4,353,51,0.781831482,0.623489802,-0.2051045,0.97874008,9415,0.183149827,71,6.366666667,6,Christmas,1
2023-12-20 00:00:00+02:00,116532.04,113872.04,0,331,77723.50571,122280.3443,200.7142857,23775.43651,53536,91531,240425,91531,234,1.176704274,0.27314287,4,354,51,0.974927912,-0.222520934,-0.18822671,0.982125606,30013.96,0.263576204,60.45454545,7.522727273,5,Christmas,1
2023-12-21 00:00:00+02:00,103009.5,100399.5,0,282,78749.79143,119567.0243,203.5714286,24819.1954,116532.04,95825.5,184409.1,95825.5,262,-0.116041391,0.074969606,4,355,51,0.433883739,-0.900968868,-0.171293144,0.985220107,28245,0.281326102,51.17647059,5.529411765,4,Christmas,1
2023-12-22 00:00:00+02:00,66645,64785,0,167,78890.57714,117117.841,209.7142857,24735.2187,103009.5,65659.5,140120.5,65659.5,124,-0.353020838,0.015009252,4,356,51,-0.433883739,-0.900968868,-0.154308821,0.988022666,14580,0.225052095,54.70588235,4.911764706,3,Christmas,1
2023-12-23 00:00:00+02:00,56351.5,53981.5,0,180,76973.50571,114967.991,209.7142857,26045.16409,66645,69771,120847,69771,180,-0.154452697,-0.192336358,4,357,51,-0.974927912,-0.222520934,-0.137278772,0.990532452,4127,0.076452118,65.83333333,5,2,Christmas,1
2023-12-24 00:00:00+02:00,124086.5,120036.5,0,335,87144.93429,110169.5913,241.1428571,28825.18606,56351.5,52886.5,268038.49,52886.5,115,1.20200882,1.346279296,4,358,51,-0.781831482,0.623489802,-0.120208045,0.992748722,33114,0.275866091,60.44776119,5,1,Christmas,1
2023-12-25 00:00:00+02:00,61456,59496,0,159,83088.07714,103958.8063,235,30338.98423,124086.5,89854,247779.55,89854,202,-0.504732586,-0.31604603,4,359,52,0,1,-0.103101697,0.99467082,6514,0.109486352,51.57894737,4.184210526,0,Christmas,1
2023-12-26 00:00:00+02:00,79962.5,77872.5,0,121,86863.29143,100833.763,225,27566.28996,61456,53536,173713.8,53536,191,0.301134145,0.493621115,4,360,52,0.781831482,0.623489802,-0.085964799,0.996298175,14660,0.188256445,53.58974359,3.102564103,0,Valentine's Day,1
2023-12-27 00:00:00+02:00,71220,68820,0,199,80390.14286,98115.68967,206.1428571,24598.67345,79962.5,116532.04,152762.2,116532.04,331,-0.1093325,-0.388837611,4,361,52,0.974927912,-0.222520934,-0.068802427,0.997630305,24582,0.357192677,60,4.975,0,Valentine's Day,1
2023-12-28 00:00:00+02:00,76446.1,74766.1,0,191,76595.37143,94654.843,193.1428571,22485.87163,71220,103009.5,180271.5,103009.5,282,0.073379669,-0.257873303,4,362,52,0.433883739,-0.900968868,-0.051619667,0.998666816,10540,0.140972981,46.66666667,5.305555556,0,Valentine's Day,1
2023-12-29 00:00:00+02:00,50955,49905,0,98,74353.94286,89949.813,183.2857143,24347.95432,76446.1,66645,192105.9,66645,167,-0.333451935,-0.235426514,4,363,52,-0.433883739,-0.900968868,-0.034421612,0.999407401,7815,0.156597535,45.65217391,4.260869565,0,Valentine's Day,1
2023-12-30 00:00:00+02:00,56423.5,54773.5,0,120,74364.22857,87181.17967,174.7142857,24339.09533,50955,56351.5,139482.5,56351.5,180,0.107320184,0.001277694,4,364,52,-0.974927912,-0.222520934,-0.017213356,0.999851839,10875,0.198544917,61.11111111,4.444444444,0,Valentine's Day,1
2023-12-31 00:00:00+02:00,88698.5,86568.5,0,287,69308.8,83477.44633,167.8571429,13592.9818,56423.5,124086.5,199810.5,124086.5,335,0.572013434,-0.285188155,4,365,52,-0.781831482,0.623489802,6.43E-16,1,29739.5,0.343537199,48.40909091,6.522727273,0,Valentine's Day,1
2024-01-01 00:00:00+02:00,62886.16,60996.16,0,139,69513.10857,80253.99833,165,13465.42837,88698.5,61456,159589.6,61456,159,-0.291012137,0.023271284,1,1,1,0,1,0.017213356,0.999851839,26184.34,0.429278499,52.5,3.861111111,0,Valentine's Day,1
2024-01-02 00:00:00+02:00,125551,122551,0,310,76025.75143,81419.78167,192,25239.0585,62886.16,79962.5,90577.5,79962.5,121,0.996480625,0.570123495,1,2,1,0.781831482,0.623489802,0.034421612,0.999407401,42579,0.347439025,53.57142857,5.535714286,0,Valentine's Day,1
2024-01-03 00:00:00+02:00,71632.37,69682.37,19738.302,98,76084.66143,80956.844,177.5714286,25226.45009,125551,71220,85520.5,71220,199,-0.429455998,0.005790087,1,3,1,0.974927912,-0.222520934,0.051619667,0.998666816,15393,0.22090236,62.90322581,3.161290323,0,Valentine's Day,1
2024-01-04 00:00:00+02:00,41725.5,40465.5,4027.506,64,71124.57571,79140.794,159.4285714,28362.0841,71632.37,76446.1,96207,76446.1,191,-0.417504963,-0.454184059,1,4,1,0.433883739,-0.900968868,0.068802427,0.997630305,10221.5,0.252597892,45,2.285714286,0,Valentine's Day,1
2024-01-05 00:00:00+02:00,49244.9,47984.9,19094.964,80,70880.27571,77394.30733,156.8571429,28571.36543,41725.5,50955,101639.5,50955,98,0.180211142,-0.033560985,1,5,1,-0.433883739,-0.900968868,0.085964799,0.996298175,12147.6,0.253154638,50.4,3.2,0,Valentine's Day,1
2024-01-06 00:00:00+02:00,55294.65,53624.65,995.289,119,70719.01143,77444.409,156.7142857,28669.57986,49244.9,56423.5,53791.6,56423.5,120,0.122850285,-0.020006735,1,6,1,-0.974927912,-0.222520934,0.103101697,0.99467082,22439.25,0.418450284,55.66666667,3.966666667,0,Valentine's Day,1
2024-01-07 00:00:00+02:00,51938,50738,10196.691,104,65467.51143,77247.82567,130.5714286,28190.08535,55294.65,88698.5,57835.5,88698.5,287,-0.060704788,-0.414443311,1,7,1,-0.781831482,0.623489802,0.120208045,0.992748722,26815,0.52849935,48,4.16,0,Valentine's Day,1
2024-01-08 00:00:00+02:00,70949.6,69419.6,4202.4,169,66619.43143,75457.74567,134.8571429,28231.74028,51938,62886.16,124652,62886.16,139,0.36604413,0.128222808,1,8,2,0,1,0.137278772,0.990532452,33567.4,0.483543553,49.35483871,5.451612903,0,Valentine's Day,1
2024-01-09 00:00:00+02:00,88374.28,85944.28,20461.671,204,61308.47143,75306.75333,119.7142857,16253.64853,70949.6,125551,92904.05,125551,310,0.245592364,-0.296108514,1,9,2,0.781831482,0.623489802,0.154308821,0.988022666,29023.06,0.337696238,54,4.533333333,0,Valentine's Day,1
2024-01-10 00:00:00+02:00,95573.7,92963.7,23074.83,189,64728.66143,75819.67667,132.7142857,20699.13708,88374.28,71632.37,80186,71632.37,98,0.081465105,0.334225016,1,10,2,0.974927912,-0.222520934,0.171293144,0.985220107,37907.8,0.407769914,53.26530612,3.857142857,0,Valentine's Day,1
2024-01-11 00:00:00+02:00,100769.3,98759.3,4018.1712,180,73163.49,76159.63667,149.2857143,21765.73575,95573.7,41725.5,90570.5,41725.5,64,0.054362236,1.415053145,1,11,2,0.433883739,-0.900968868,0.18822671,0.982125606,46532.4,0.471169804,47.85714286,4.285714286,0,Valentine's Day,1
2024-01-12 00:00:00+02:00,102737.8,99307.8,0,199,80805.33286,76533.19667,166.2857143,21355.09324,100769.3,49244.9,91531,49244.9,80,0.019534719,1.08626274,1,12,2,-0.433883739,-0.900968868,0.2051045,0.97874008,36577,0.368319508,65.96153846,3.826923077,0,Valentine's Day,1
2024-01-13 00:00:00+02:00,66539.1,63999.1,0,136,82411.68286,75556.98333,168.7142857,19454.68231,102737.8,55294.65,95825.5,55294.65,119,-0.352340619,0.203355117,1,13,2,-0.974927912,-0.222520934,0.221921513,0.975064532,13551.1,0.211738915,60.47619048,3.238095238,0,Valentine's Day,1
2024-01-14 00:00:00+02:00,99719.7,96489.7,4026.2026,182,89237.64,76692.32333,179.8571429,14808.07356,66539.1,51938,65659.5,51938,104,0.498663192,0.91997574,1,14,2,-0.781831482,0.623489802,0.238672766,0.971100052,26294,0.27250577,64.6,3.64,0,Valentine's Day,1
2024-01-15 00:00:00+02:00,113613.3,110113.3,4016.3178,160,95332.45429,78153.73333,178.5714286,14806.34617,99719.7,70949.6,69771,70949.6,169,0.139326532,0.601324038,1,15,3,0,1,0.255353295,0.966847814,16640,0.151117077,62.5,2.857142857,0,Valentine's Day,1
2024-01-16 00:00:00+02:00,91484.7,88674.7,4016.6267,204,95776.8,79440.34,178.5714286,14608.06993,113613.3,88374.28,52886.5,88374.28,204,-0.194771211,0.035195987,1,16,3,0.781831482,0.623489802,0.271958158,0.962309077,20971.8,0.236502633,54.03846154,3.923076923,0,Valentine's Day,1
2024-01-17 00:00:00+02:00,69885.6,66955.6,1399564.12,153,92107.07143,78774.72667,173.4285714,17589.85918,91484.7,95573.7,89854,95573.7,189,-0.236095216,-0.268777917,1,17,3,0.974927912,-0.222520934,0.288482433,0.957485188,20613,0.307860732,59.79591837,3.12244898,0,Valentine's Day,1
2024-01-18 00:00:00+02:00,114918.9,111188.9,4024.6581,196,94128.44286,80820.82333,175.7142857,19464.33747,69885.6,100769.3,53536,100769.3,180,0.644385968,0.140415781,1,18,3,0.433883739,-0.900968868,0.304921225,0.952377576,26788.99,0.240932233,67.81818182,3.563636364,0,Valentine's Day,1
2024-01-19 00:00:00+02:00,99535.5,96085.5,493.9311,163,93670.97143,80254.272,170.5714286,19264.87682,114918.9,102737.8,116532.04,102737.8,199,-0.133863098,-0.031169638,1,19,3,-0.433883739,-0.900968868,0.321269662,0.946987753,28337.3,0.294917547,82.14285714,3.880952381,0,Valentine's Day,1
2024-01-20 00:00:00+02:00,62148.87,60558.87,5948.26,176,93043.79571,78892.251,176.2857143,20337.01002,99535.5,66539.1,103009.5,66539.1,136,-0.375611013,-0.065979702,1,20,3,-0.974927912,-0.222520934,0.3375229,0.941317318,45144,0.745456446,41.84210526,4.631578947,0,Valentine's Day,1
2024-01-21 00:00:00+02:00,47656.8,46336.8,4007.2164,111,85606.23857,78259.311,166.1428571,26171.72376,62148.87,99719.7,66645,99719.7,182,-0.233183162,-0.522092425,1,21,3,-0.781831482,0.623489802,0.353676122,0.935367949,24060.4,0.519250358,47.14285714,3.964285714,0,Valentine's Day,1
2024-01-22 00:00:00+02:00,50101,48211,4007.2164,122,76533.05286,78050.961,160.7142857,25851.24862,47656.8,113613.3,56351.5,113613.3,160,0.051287539,-0.559021699,1,22,4,0,1,0.369724543,0.929141411,19131,0.396818154,60.96774194,3.935483871,0,Valentine's Day,1
2024-01-23 00:00:00+02:00,113006.4,110786.4,0,285,79607.58143,77681.62433,172.2857143,29012.3725,50101,91484.7,124086.5,91484.7,204,1.255571745,0.235249173,1,23,4,0.781831482,0.623489802,0.385663406,0.922639549,36516.3,0.329609952,48.26086957,6.195652174,0,Valentine's Day,1
2024-01-24 00:00:00+02:00,36750,35370,0,91,74873.92429,76858.091,163.4285714,33255.84997,113006.4,69885.6,61456,69885.6,153,-0.67479718,-0.474140595,1,24,4,0.974927912,-0.222520934,0.401487989,0.915864288,13213,0.373565168,57.5,3.791666667,0,Valentine's Day,1
2024-01-25 00:00:00+02:00,21351.9,20601.9,4017.0788,60,61507.21,74904.40433,144,33281.70917,36750,114918.9,79962.5,114918.9,196,-0.418995918,-0.814200275,1,25,4,0.433883739,-0.900968868,0.417193603,0.908817637,6885.6,0.334221601,62.5,5,0,Valentine's Day,1
2024-01-26 00:00:00+02:00,37033,36253,4015.846,69,52578.28143,73764.83767,130.5714286,29554.43776,21351.9,99535.5,71220,99535.5,163,0.734412394,-0.62794179,1,26,4,-0.433883739,-0.900968868,0.432775593,0.901501684,4892,0.134940557,45.88235294,4.058823529,0,Valentine's Day,1
2024-01-27 00:00:00+02:00,35371.17,34621.17,4007.2164,81,48752.89571,72395.67333,117,29840.80605,37033,62148.87,76446.1,62148.87,176,-0.044874301,-0.430863827,1,27,4,-0.974927912,-0.222520934,0.448229342,0.893918597,9352,0.270123742,41.66666667,4.5,0,Valentine's Day,1
2024-01-28 00:00:00+02:00,56889.55,55479.55,4007.2164,91,50071.86,72593.49167,114.1428571,29987.96504,35371.17,47656.8,50955,47656.8,111,0.608359294,0.193734158,1,28,4,-0.781831482,0.623489802,0.463550271,0.886070622,22220.45,0.400516046,47,3.033333333,0,Valentine's Day,1
2024-01-29 00:00:00+02:00,25663.68,24923.68,0,78,46580.81429,71568.16433,107.8571429,31374.39212,56889.55,50101,56423.5,50101,122,-0.548885867,-0.487761123,1,29,5,0,1,0.47873384,0.877960085,16350.01,0.656003046,49.33333333,5.2,0,Valentine's Day,1
2024-01-30 00:00:00+02:00,79243.91,77943.91,7339.4748,192,41757.60143,71253.01133,94.57142857,19990.79202,25663.68,113006.4,88698.5,113006.4,285,2.087784371,-0.298766176,1,30,5,0.781831482,0.623489802,0.49377555,0.869589389,19193.03,0.24624156,56.52173913,8.347826087,15,Valentine's Day,0
2024-01-31 00:00:00+02:00,55960.36,54890.36,801.32,108,44501.93857,71022.15133,97,20500.86652,79243.91,36750,62886.16,36750,91,-0.293821317,0.522730884,1,31,5,0.974927912,-0.222520934,0.508670944,0.860961016,19076.63,0.347540625,53.5,5.4,14,Valentine's Day,0
2024-02-01 00:00:00+02:00,30616.78,29836.78,9745.19,60,45825.49286,67857.67733,97,19001.42073,55960.36,21351.9,125551,21351.9,60,-0.452884506,0.43391361,1,32,5,0.433883739,-0.900968868,0.523415607,0.852077521,1423,0.047692814,65,5,13,Valentine's Day,0
2024-02-02 00:00:00+02:00,32080.27,31540.27,17669,54,45117.96,66539.274,94.85714286,19469.81827,30616.78,37033,71632.37,37033,69,0.047800259,-0.133738287,1,33,5,-0.433883739,-0.900968868,0.538005172,0.842941537,1321.61,0.041902305,54,5.4,12,Valentine's Day,0
2024-02-03 00:00:00+02:00,10293.72,9993.72,37889,32,41535.46714,65491.548,87.85714286,23460.35994,32080.27,35371.17,41725.5,35371.17,81,-0.679126142,-0.70897994,1,34,5,-0.974927912,-0.222520934,0.552435313,0.833555772,2369.69,0.23711791,75,8,11,Valentine's Day,0
2024-02-04 00:00:00+02:00,51549.42,51399.42,10081,48,40772.59143,65568.36533,81.71428571,22959.34257,10293.72,56889.55,49244.9,56889.55,91,4.007851389,-0.093868382,1,35,5,-0.781831482,0.623489802,0.566701756,0.823923006,0,0,18.75,6,10,Valentine's Day,0
2024-02-05 00:00:00+02:00,38985.37,38145.37,5754,57,42675.69,65024.72267,78.71428571,22031.60961,51549.42,25663.68,55294.65,25663.68,78,-0.243728251,0.519087286,1,36,6,0,1,0.580800273,0.814046094,1917.19,0.050260097,84,5.7,9,Valentine's Day,0
2024-02-06 00:00:00+02:00,59081.86,57441.86,12311,94,39795.39714,65262.85133,64.71428571,17254.01415,38985.37,79243.91,51938,79243.91,192,0.515487989,-0.254430277,1,37,6,0.781831482,0.623489802,0.594726687,0.803927962,1077.2,0.018752875,71.81818182,4.272727273,8,Valentine's Day,0
2024-02-07 00:00:00+02:00,27473.5,26873.5,8743,43,35725.84571,63813.648,55.42857143,16128.65157,59081.86,55960.36,70949.6,55960.36,108,-0.534992636,-0.509054266,1,38,6,0.974927912,-0.222520934,0.60847687,0.793571609,1155.6,0.04300147,50,3.583333333,7,Valentine's Day,1
2024-02-08 00:00:00+02:00,49176.26,48676.26,8008,52,38377.2,62507.04733,54.28571429,16665.352,27473.5,30616.78,88374.28,30616.78,60,0.7899525,0.606186542,1,39,6,0.433883739,-0.900968868,0.622046748,0.782980104,43131.7,0.886093139,62.5,6.5,6,Valentine's Day,1
2024-02-09 00:00:00+02:00,34390.76,34030.76,5372,43,38707.27,60467.616,52.71428571,16542.27663,49176.26,32080.27,95573.7,32080.27,54,-0.300663369,0.072022149,1,40,6,-0.433883739,-0.900968868,0.635432301,0.772156584,160.35,0.004711914,45,5.375,5,Valentine's Day,1
2024-02-10 00:00:00+02:00,33836.58,33536.58,4153,61,42070.53571,58236.52533,56.85714286,11395.13346,34390.76,10293.72,100769.3,10293.72,32,-0.016114212,2.287109033,1,41,6,-0.974927912,-0.222520934,0.648629561,0.761104259,100,0.002981819,33.33333333,6.777777778,4,Valentine's Day,1
2024-02-11 00:00:00+02:00,13534.13,13037.53,9336,20,36639.78,55263.06967,52.85714286,14703.28676,33836.58,51549.42,102737.8,51549.42,48,-0.600014836,-0.737453302,1,42,6,-0.781831482,0.623489802,0.661634618,0.749826401,225.26,0.017277813,99.32,4,3,Valentine's Day,1
2024-02-12 00:00:00+02:00,42465.66,40365.66,8286,67,37136.96429,54460.62167,54.28571429,14853.89169,13534.13,38985.37,66539.1,38985.37,57,2.137671945,0.089271693,1,43,7,0,1,0.674443619,0.738326354,517.23,0.012813614,95.45454545,3.045454545,2,Valentine's Day,1
2024-02-13 00:00:00+02:00,67747.94,64607.94,17625,125,38374.97571,53394.89633,58.71428571,17168.54328,42465.66,59081.86,99719.7,59081.86,94,0.595358226,0.146679201,1,44,7,0.781831482,0.623489802,0.687052767,0.726607525,590.4,0.009138196,87.22222222,3.472222222,1,Valentine's Day,1
2024-02-14 00:00:00+02:00,68967.8,67157.8,12266,112,44302.73286,51906.713,68.57142857,19746.99919,67747.94,27473.5,113613.3,27473.5,43,0.018005861,1.510339054,1,45,7,0.974927912,-0.222520934,0.699458327,0.714673386,28017.8,0.417193535,75.41666667,4.666666667,0,Valentine's Day,1
2024-02-15 00:00:00+02:00,9601.59,9301.59,8973,14,38649.20857,49177.276,63.14285714,23439.08969,68967.8,49176.26,91484.7,49176.26,52,-0.860781553,-0.80475152,1,46,7,0.433883739,-0.900968868,0.711656622,0.702527474,0,0,37.5,1.75,0,Mother's Day,1
2024-02-16 00:00:00+02:00,34873.21,33643.21,9670,39,38718.13,48010.19633,62.57142857,23425.18617,9601.59,34390.76,69885.6,34390.76,43,2.632024488,0.014028477,1,47,7,-0.433883739,-0.900968868,0.723644038,0.690173388,254.4,0.007561704,102.5,3.25,0,Mother's Day,1
2024-02-17 00:00:00+02:00,35484.28,34314.28,9984,38,38953.51571,45362.37567,59.28571429,23376.18622,34873.21,33836.58,114918.9,33836.58,61,0.01752262,0.04869582,1,48,7,-0.974927912,-0.222520934,0.735417023,0.677614789,0,0,117,3.8,0,Mother's Day,1
2024-02-18 00:00:00+02:00,34302.78,34182.78,12940,59,41920.46571,43187.95167,64.85714286,20786.77913,35484.28,13534.13,99535.5,13534.13,20,-0.033296434,1.534538977,1,49,7,-0.781831482,0.623489802,0.746972088,0.664855398,1423.59,0.041646408,13.33333333,6.555555556,0,Mother's Day,1
2024-02-19 00:00:00+02:00,33765.16,32895.16,3159,66,40677.53714,42241.828,64.71428571,21007.69222,34302.78,42465.66,62148.87,42465.66,67,-0.015672782,-0.204883193,1,50,8,0,1,0.758305808,0.651898996,574.56,0.017466399,62.14285714,4.714285714,0,Mother's Day,1
2024-02-20 00:00:00+02:00,45942.23,44322.23,2983,146,37562.43571,42184.67567,67.71428571,17677.30219,33765.16,67747.94,47656.8,67747.94,125,0.36064008,-0.321865285,1,51,8,0.781831482,0.623489802,0.769414827,0.638749422,2322.49,0.052400116,65,6.083333333,0,Mother's Day,1
2024-02-21 00:00:00+02:00,19652.81,19412.81,2161,45,30517.43714,41169.736,58.14285714,11985.79596,45942.23,68967.8,50101,68967.8,112,-0.572227774,-0.715043687,1,52,8,0.974927912,-0.222520934,0.780295851,0.625410573,224.4,0.011559378,30,7.5,0,Mother's Day,1
2024-02-22 00:00:00+02:00,54681.92,53211.92,5799,186,36957.48429,39225.58667,82.71428571,10939.88078,19652.81,9601.59,113006.4,9601.59,14,1.782397021,4.695090084,1,53,8,0.433883739,-0.900968868,0.790945657,0.611886401,58570.62,1.10070488,52.5,6.642857143,0,Mother's Day,1
2024-02-23 00:00:00+02:00,50699.08,48119.08,8379,209,39218.32286,39690.556,107,12019.3834,54681.92,34873.21,36750,34873.21,39,-0.072836506,0.45381168,1,54,8,-0.433883739,-0.900968868,0.801361088,0.598180914,42726.2,0.887926369,68.10810811,5.648648649,0,Mother's Day,1
2024-02-24 00:00:00+02:00,45726.21,44106.21,8000,164,40681.45571,40503.033,125,12112.09918,50699.08,35484.28,21351.9,35484.28,38,-0.098086001,0.288632882,1,55,8,-0.974927912,-0.222520934,0.811539059,0.584298174,40410.64,0.916212025,52.25806452,5.290322581,0,Mother's Day,1
2024-02-25 00:00:00+02:00,62732.8,60962.8,14293,200,44742.88714,41359.693,145.1428571,14202.84821,45726.21,34302.78,37033,34302.78,59,0.371922143,0.828796383,1,56,8,-0.781831482,0.623489802,0.821476553,0.570242293,62156.04,1.019573248,49.16666667,5.555555556,0,Mother's Day,1
2024-02-26 00:00:00+02:00,120258.8,117378.8,16672,311,57099.12143,44189.28067,180.1428571,30886.16817,62732.8,33765.16,35371.17,33765.16,66,0.917000357,2.561623875,1,57,9,0,1,0.831170626,0.556017437,105203.25,0.896271303,48.81355932,5.271186441,0,Mother's Day,1
2024-02-27 00:00:00+02:00,115140.78,112230.78,18630,381,66984.62857,46130.98833,213.7142857,37157.38475,120258.8,45942.23,56889.55,45942.23,146,-0.042558382,1.506207905,1,58,9,0.781831482,0.623489802,0.840618406,0.541627821,109715.89,0.977591798,48.5,6.35,0,Mother's Day,1
2024-02-28 00:00:00+02:00,103319.29,100649.29,17747,317,78936.98286,48719.50867,252.5714286,32567.67981,115140.78,19652.81,25663.68,19652.81,45,-0.102669879,4.257227338,1,59,9,0.974927912,-0.222520934,0.849817092,0.527077709,96932.65,0.963073361,56.80851064,6.744680851,0,Mother's Day,1
2024-02-29 00:00:00+02:00,74041.31,72331.31,29252,169,81702.61,48546.08867,250.1428571,30946.30105,103319.29,54681.92,79243.91,54681.92,186,-0.283373802,0.354036398,1,60,9,0.433883739,-0.900968868,0.858763958,0.512371412,54444.15,0.752705156,48.52941176,4.970588235,0,Mother's Day,1
2024-03-01 00:00:00+02:00,108070.19,106000.19,20022.54,276,89898.48286,50283.083,259.7142857,28895.9783,74041.31,50699.08,55960.36,50699.08,209,0.459593165,1.131600613,1,61,9,-0.433883739,-0.900968868,0.867456355,0.497513289,84190.02,0.794244048,48.13953488,6.418604651,0,Mother's Day,1
2024-03-02 00:00:00+02:00,84511.58,82501.58,16739.22,229,95439.25,52079.57633,269,21881.47505,108070.19,45726.21,30616.78,45726.21,164,-0.217993602,0.848208719,1,62,9,-0.974927912,-0.222520934,0.875891705,0.482507742,77868.88,0.943847136,45.36585366,5.585365854,0,Mother's Day,1
2024-03-03 00:00:00+02:00,108245.51,106205.51,22574.04,327,101941.0657,54618.41767,287.1428571,16689.15253,84511.58,62732.8,32080.27,62732.8,200,0.280836425,0.725501014,1,63,9,-0.781831482,0.623489802,0.88406751,0.467359217,83624.75,0.787386172,48.29268293,7.975609756,0,Mother's Day,1
2024-03-04 00:00:00+02:00,79554.54,77244.54,15530.52,284,96126.17143,56927.11167,283.2857143,16330.40644,108245.51,120258.8,10293.72,120258.8,311,-0.265054597,-0.338472195,1,64,10,0,1,0.891981346,0.452072204,75872.95,0.982243535,51.13636364,6.454545455,0,Mother's Day,1
2024-03-05 00:00:00+02:00,103703.95,101423.95,16487.63,324,94492.33857,58665.596,275.1428571,14590.37678,79554.54,115140.78,51549.42,115140.78,381,0.303557911,-0.0993291,1,65,10,0.781831482,0.623489802,0.89963087,0.436651232,74114.98,0.730744366,41.88679245,6.113207547,0,Mother's Day,1
2024-03-06 00:00:00+02:00,102968.29,100178.29,81663.23,315,94442.19571,60798.36,274.8571429,14555.54676,103703.95,103319.29,38985.37,103319.29,317,-0.007093847,-0.003397236,1,66,10,0.974927912,-0.222520934,0.907013813,0.421100871,95678.45,0.955081685,50.72727273,5.727272727,15,Mother's Day,0
2024-03-07 00:00:00+02:00,71321.66,68261.66,22811.699,246,94053.67429,61206.35333,285.8571429,15212.33075,102968.29,74041.31,59081.86,74041.31,169,-0.307343455,-0.036731522,1,67,10,0.433883739,-0.900968868,0.914127988,0.405425728,77292.5,1.132297398,62.44897959,5.020408163,14,Mother's Day,0
2024-03-08 00:00:00+02:00,68278.61,65948.61,29486.503,237,88369.16286,62566.52367,280.2857143,16483.25198,71321.66,108070.19,27473.5,108070.19,276,-0.042666562,-0.368201259,1,68,10,-0.433883739,-0.900968868,0.920971288,0.38963045,46569.17,0.706143314,54.18604651,5.511627907,13,Mother's Day,0
2024-03-09 00:00:00+02:00,73800.46,71470.46,28826.843,214,86839.00286,63387.33033,278.1428571,17374.1283,68278.61,84511.58,49176.26,84511.58,229,0.080872326,-0.126741448,1,69,10,-0.974927912,-0.222520934,0.927541684,0.373719715,52984.65,0.741350343,58.20512821,5.487179487,12,Mother's Day,0
2024-03-10 00:00:00+02:00,74965.41,72775.41,25072.296,199,82084.70286,64739.81867,259.8571429,14920.24399,73800.46,108245.51,34390.76,108245.51,327,0.015785132,-0.307450166,1,70,10,-0.781831482,0.623489802,0.933837229,0.357698239,39152.57,0.537991747,57.63157895,5.236842105,11,Mother's Day,0
2024-03-11 00:00:00+02:00,61051.77,59611.77,10605.85,181,79441.45,65646.99167,245.1428571,16944.79825,74965.41,79554.54,33836.58,79554.54,284,-0.185600799,-0.232579687,1,71,11,0,1,0.939856058,0.341570769,40096.16,0.672621531,44.48275862,6.24137931,10,Mother's Day,0
2024-03-12 00:00:00+02:00,64655.24,62885.24,13338.872,174,73863.06286,67351.02867,223.7142857,13753.12937,61051.77,103703.95,13534.13,103703.95,324,0.059023186,-0.376540238,1,72,11,0.781831482,0.623489802,0.945596387,0.325342085,48096.54,0.764830348,55.3125,5.4375,9,Mother's Day,0
2024-03-13 00:00:00+02:00,83151.71,81861.71,5647.9,213,71032.12286,68707.23033,209.1428571,7279.612784,64655.24,102968.29,42465.66,102968.29,315,0.286078437,-0.19245323,1,73,11,0.974927912,-0.222520934,0.951056516,0.309016994,46089.73,0.56301939,44.48275862,7.344827586,8,Mother's Day,0
2024-03-14 00:00:00+02:00,39027.33,37827.33,6833.9,142,66418.64714,67749.87667,194.2857143,14101.95259,83151.71,71321.66,67747.94,71321.66,246,-0.530649099,-0.45279835,1,74,11,0.433883739,-0.900968868,0.956234827,0.292600336,34822.82,0.920573035,49.56521739,6.173913043,7,Mother's Day,1
2024-03-15 00:00:00+02:00,36132.86,34792.86,6719.78,151,61826.39714,66655.37867,182,18070.87215,39027.33,68278.61,68967.8,68278.61,237,-0.074165207,-0.470802642,1,75,11,-0.433883739,-0.900968868,0.961129784,0.276096973,36447.99,1.047570967,55.83333333,6.291666667,6,Mother's Day,1
2024-03-16 00:00:00+02:00,41288.77,39928.77,6464.81,145,57181.87,67711.618,172.1428571,18649.18694,36132.86,73800.46,9601.59,73800.46,214,0.142693105,-0.440535059,1,76,11,-0.974927912,-0.222520934,0.965739938,0.259511797,47551.3,1.190903201,54.16666667,6.041666667,5,Mother's Day,1
2024-03-17 00:00:00+02:00,93178.76,90448.76,11552.1425,258,59783.77714,69655.13633,180.5714286,22430.95105,41288.77,74965.41,34873.21,74965.41,199,1.256757951,0.242956718,1,77,11,-0.781831482,0.623489802,0.970063922,0.242849722,69653.94,0.770092813,56.66666667,5.733333333,4,Mother's Day,1
2024-03-18 00:00:00+02:00,62019.68,60399.68,101.59,217,59922.05,70539.64967,185.7142857,22443.05019,93178.76,61051.77,35484.28,61051.77,181,-0.334401102,0.015853922,1,78,12,0,1,0.974100455,0.226115686,57822.96,0.957338847,46.28571429,6.2,3,Mother's Day,1
2024-03-19 00:00:00+02:00,52686.5,50676.5,847.0546,142,58212.23,71152.44033,181.1428571,22478.24399,62019.68,64655.24,34302.78,64655.24,174,-0.150487394,-0.185116318,1,79,12,0.781831482,0.623489802,0.977848342,0.209314646,42803.97,0.844651268,60.96774194,4.580645161,2,Mother's Day,1
2024-03-20 00:00:00+02:00,111725.94,109355.94,15102.11,265,62294.26286,73751.133,188.5714286,29316.45518,52686.5,83151.71,33765.16,83151.71,213,1.120580035,0.343639716,1,80,12,0.974927912,-0.222520934,0.98130647,0.192451582,76403.89,0.698671604,51.33333333,5.888888889,1,Mother's Day,1
2024-03-21 00:00:00+02:00,58196.77,57596.77,4087.0956,167,65032.75429,74159.61767,192.1428571,27627.49597,111725.94,39027.33,45942.23,39027.33,142,-0.479111386,0.491179899,1,81,12,0.433883739,-0.900968868,0.984473817,0.17553149,38400.92,0.666720026,18.75,5.21875,0,Mother's Day,1
2024-03-22 00:00:00+02:00,64487.59,64487.59,2324.83,159,69083.43,75654.11033,193.2857143,24596.43843,58196.77,36132.86,19652.81,36132.86,151,0.10809569,0.78473528,1,82,12,-0.433883739,-0.900968868,0.987349442,0.158559385,32302.18,0.500905368,0,5.129032258,0,Black Friday,1
2024-03-23 00:00:00+02:00,53560.35,53410.35,5679.9718,190,70836.51286,75616.72467,199.7142857,22645.15582,64487.59,41288.77,54681.92,41288.77,145,-0.169447176,0.297213504,1,83,12,-0.974927912,-0.222520934,0.989932495,0.141540295,42753.9,0.800479682,3.488372093,4.418604651,0,Black Friday,1
2024-03-24 00:00:00+02:00,58452.85,57942.85,19200.8518,192,65875.66857,75875.18367,190.2857143,20650.77786,53560.35,93178.76,50699.08,93178.76,258,0.091345557,-0.372680534,1,84,12,-0.781831482,0.623489802,0.992222209,0.124479264,36123.71,0.623436887,15.9375,6,0,Black Friday,1
2024-03-25 00:00:00+02:00,54788.1,53168.1,19555.11,198,64842.58571,76177.24667,187.5714286,21052.80055,58452.85,62019.68,45726.21,62019.68,217,-0.062695831,-0.116601376,1,85,13,0,1,0.994217907,0.107381347,37907.5,0.712974509,49.09090909,6,0,Black Friday,1
2024-03-26 00:00:00+02:00,79072.58,76492.58,17856.15,288,68612.02571,76721.906,208.4285714,20874.96123,54788.1,52686.5,62732.8,52686.5,142,0.443243697,0.500812922,1,86,13,0.781831482,0.623489802,0.995918996,0.09025161,61840.7,0.808453578,51.6,5.76,0,Black Friday,1
2024-03-27 00:00:00+02:00,46797.85,44817.85,25807.31,109,59336.58429,74273.20767,186.1428571,10242.03755,79072.58,111725.94,120258.8,111725.94,265,-0.40816589,-0.581137111,1,87,13,0.974927912,-0.222520934,0.997324973,0.07309513,20884.04,0.465975945,60,3.303030303,0,Black Friday,1
2024-03-28 00:00:00+02:00,51405,49315,31875.05,175,58366.33143,72148.68167,187.2857143,10680.33331,46797.85,58196.77,115140.78,58196.77,167,0.098447899,-0.116703556,1,88,13,0.433883739,-0.900968868,0.998435421,0.05591699,13376,0.271235932,67.41935484,5.64516129,0,Black Friday,1
2024-03-29 00:00:00+02:00,42810,40520,24478,113,55269.53286,70131.70533,180.7142857,11703.38718,51405,64487.59,103319.29,64487.59,159,-0.167201634,-0.336151343,1,89,13,-0.433883739,-0.900968868,0.999250011,0.038722281,17532,0.432675222,71.5625,3.53125,0,Black Friday,1
2024-03-30 00:00:00+02:00,46618,44848,16017.75,113,54277.76857,69217.595,169.7142857,12157.70105,42810,53560.35,74041.31,53560.35,190,0.08895118,-0.129617338,1,90,13,-0.974927912,-0.222520934,0.999768502,0.021516097,16254,0.362424188,68.07692308,4.346153846,0,Black Friday,1
2024-03-31 00:00:00+02:00,58244.2,56394.2,41627.25,113,54247.96143,67556.72867,158.4285714,12146.0091,46618,58452.85,108070.19,58452.85,192,0.249392938,-0.003569544,1,91,13,-0.781831482,0.623489802,0.99999074,0.004303538,13955.8,0.247468711,65.38461538,4.346153846,0,Black Friday,1
2024-04-01 00:00:00+02:00,60829.8,58439.8,10161.0312,156,55111.06143,66767.336,152.4285714,12402.73814,58244.2,54788.1,84511.58,54788.1,198,0.044392403,0.110273946,2,92,14,0,1,0.999916659,-0.012910296,15768.2,0.269819541,66.38888889,4.333333333,0,Black Friday,1
2024-04-02 00:00:00+02:00,27115.35,25885.35,27216.1846,93,47688.6,64062.99733,124.5714286,11157.37746,60829.8,79072.58,108245.51,79072.58,288,-0.554242329,-0.657082771,2,93,14,0.781831482,0.623489802,0.999546281,-0.030120305,6353.65,0.245453509,58.57142857,4.428571429,0,Black Friday,1
2024-04-03 00:00:00+02:00,66050.9,64520.9,63177.967,156,50439.03571,63612.876,131.2857143,13104.38082,27115.35,46797.85,79554.54,46797.85,109,1.435922826,0.411408857,2,94,14,0.974927912,-0.222520934,0.998879716,-0.047321388,7726.1,0.119745695,51,5.2,0,Black Friday,1
2024-04-04 00:00:00+02:00,40390.8,38750.8,20126.4932,130,48865.57857,61502.43767,124.8571429,13620.15885,66050.9,51405,103703.95,51405,175,-0.388489786,-0.214263204,2,95,14,0.433883739,-0.900968868,0.997917161,-0.064508449,15825.2,0.408383827,60.74074074,4.814814815,0,Black Friday,1
2024-04-05 00:00:00+02:00,52980,51900,27113.3049,138,50318.43571,59836.16133,128.4285714,13407.3067,40390.8,42810,102968.29,42810,113,0.311684839,0.237561317,2,96,14,-0.433883739,-0.900968868,0.996658902,-0.081676395,24288,0.467976879,46.95652174,6,0,Black Friday,1
2024-04-06 00:00:00+02:00,47692,45772,8035.0468,147,50471.86429,59048.506,133.2857143,13363.97767,52980,46618,71321.66,46618,113,-0.09981125,0.023038311,2,97,14,-0.974927912,-0.222520934,0.995105311,-0.098820139,14777,0.32283929,61.93548387,4.741935484,0,Black Friday,1
2024-04-07 00:00:00+02:00,28206,27276,37146.22,74,46180.69286,57712.75233,127.7142857,15154.9543,47692,58244.2,68278.61,58244.2,113,-0.408580055,-0.515728605,2,98,14,-0.781831482,0.623489802,0.993256849,-0.1159346,8133,0.298174219,46.5,3.7,0,Black Friday,1
2024-04-08 00:00:00+02:00,40741,38881,30723.64,106,43310.86429,56610.77033,120.5714286,13756.07954,28206,60829.8,73800.46,60829.8,156,0.444408991,-0.330246031,2,99,15,0,1,0.991114064,-0.133014707,15387,0.395745994,66.42857143,3.785714286,0,Black Friday,1
2024-04-09 00:00:00+02:00,75688.05,72688.05,12357.3,204,50249.82143,56634.85833,136.4285714,16249.72786,40741,27115.35,74965.41,27115.35,93,0.857785769,1.791335904,2,100,15,0.781831482,0.623489802,0.98867759,-0.150055398,12127.95,0.166849296,76.92307692,5.230769231,0,Black Friday,1
2024-04-10 00:00:00+02:00,48020.5,46700.5,8238.2,160,47674.05,56200.48267,137,14680.91468,75688.05,66050.9,61051.77,66050.9,156,-0.365547137,-0.272977355,2,101,15,0.974927912,-0.222520934,0.98594815,-0.167051626,22009.5,0.471290457,57.39130435,6.956521739,0,Black Friday,1
2024-04-11 00:00:00+02:00,23583,22333,411.4254,73,45272.93571,54831.408,128.8571429,17224.74502,48020.5,40390.8,64655.24,40390.8,130,-0.508897242,-0.416129416,2,102,15,0.433883739,-0.900968868,0.982926552,-0.183998352,12254,0.548694757,69.44444444,4.055555556,0,Black Friday,1
2024-04-12 00:00:00+02:00,8236,7696,8170.8406,20,38880.93571,52334.21767,112,21627.46389,23583,52980,83151.71,52980,138,-0.650765382,-0.844545111,2,103,15,-0.433883739,-0.900968868,0.979613692,-0.200890555,2508,0.325883576,60,2.222222222,0,Black Friday,1
2024-04-13 00:00:00+02:00,27008.7,25538.7,15333.7132,86,35926.17857,51933.59667,103.2857143,21635.94295,8236,47692,39027.33,47692,147,2.27934677,-0.433684895,2,104,15,-0.974927912,-0.222520934,0.976010551,-0.21772323,8641.3,0.338360997,63.91304348,3.739130435,0,Black Friday,1
2024-04-14 00:00:00+02:00,25791.9,24981.9,8141.28,90,35581.30714,51588.898,105.5714286,21798.14233,27008.7,28206,36132.86,28206,74,-0.04505215,-0.085588173,2,105,15,-0.781831482,0.623489802,0.972118197,-0.23449139,11717.1,0.469023573,50.625,5.625,0,Black Friday,1
2024-04-15 00:00:00+02:00,36239.58,35039.58,4070.64,130,34938.24714,51420.59167,109,21686.67127,25791.9,40741,41288.77,40741,106,0.405076012,-0.110488697,2,106,16,0,1,0.967937783,-0.251190064,21668.42,0.618398394,48,5.2,0,Black Friday,1
2024-04-16 00:00:00+02:00,52461.15,50411.15,15030.3536,204,31620.11857,50063.338,109,15227.74942,36239.58,75688.05,93178.76,75688.05,204,0.447620254,-0.306876713,2,107,16,0.781831482,0.623489802,0.963470549,-0.267814305,21677.85,0.430020938,66.12903226,6.580645161,0,Black Friday,1
2024-04-17 00:00:00+02:00,28791.9,27331.9,0,92,28873.17571,48955.74533,99.28571429,13400.94872,52461.15,48020.5,62019.68,48020.5,160,-0.451176728,-0.400424819,2,108,16,0.974927912,-0.222520934,0.958717817,-0.284359187,8118.1,0.297019234,57.14285714,4.380952381,0,Black Friday,1
2024-04-18 00:00:00+02:00,37430.45,36380.45,0,88,30851.38286,48447.21033,101.4285714,13511.47919,28791.9,23583,52686.5,23583,73,0.300034037,0.587179324,2,109,16,0.433883739,-0.900968868,0.953680997,-0.300819808,8469.55,0.232804982,50,4.19047619,0,Black Friday,1
2024-04-19 00:00:00+02:00,19793,18863,15077.8444,68,32502.38286,45382.779,108.2857143,10701.34027,37430.45,8236,111725.94,8236,20,-0.47120593,1.403229723,2,110,16,-0.433883739,-0.900968868,0.94836158,-0.317191289,9157,0.485447702,54.70588235,4,0,Black Friday,1
2024-04-20 00:00:00+02:00,36083,34343,15059.4296,121,33798.71143,44645.65333,113.2857143,10472.0986,19793,27008.7,58196.77,27008.7,86,0.823018239,0.335976926,2,111,16,-0.974927912,-0.222520934,0.942761143,-0.333468779,14672,0.427219521,64.61538462,4.653846154,0,Black Friday,1
2024-04-21 00:00:00+02:00,84100,82580,0,166,42128.44,45299.40033,124.1428571,20969.85555,36083,25791.9,64487.59,25791.9,90,1.330737466,2.260713635,2,112,16,-0.781831482,0.623489802,0.936881346,-0.349647455,12332,0.149333979,47.5,5.1875,0,Black Friday,1
2024-04-22 00:00:00+02:00,19540,18700,15107.8896,69,39742.78571,44165.38867,115.4285714,22635.25486,84100,36239.58,53560.35,36239.58,130,-0.767657551,-0.460810528,2,113,17,0,1,0.930723931,-0.365722523,3513,0.187860963,56,4.6,0,Black Friday,1
2024-04-23 00:00:00+02:00,20784,19864,526.97,54,35217.47857,42909.76033,94,22834.39842,19540,52461.15,58452.85,52461.15,204,0.063664278,-0.603821113,2,114,17,0.781831482,0.623489802,0.924290722,-0.38168922,11516,0.579742247,65.71428571,3.857142857,0,Black Friday,1
2024-04-24 00:00:00+02:00,20854,19714,0,49,34083.49286,41778.62367,87.85714286,23396.86054,20784,28791.9,54788.1,28791.9,92,0.003367975,-0.275699068,2,115,17,0.974927912,-0.222520934,0.917583626,-0.397542814,4146,0.210307396,81.42857143,3.5,0,Black Friday,1
2024-04-25 00:00:00+02:00,7467,7167,15215.4708,19,29803,39391.771,78,25342.50624,20854,37430.45,79072.58,37430.45,88,-0.641939196,-0.800510013,2,116,17,0.433883739,-0.900968868,0.91060463,-0.413278608,1210,0.168829357,60,3.8,0,Black Friday,1
2024-04-26 00:00:00+02:00,26451,25701,0,72,30754.14286,38713.54267,78.57142857,25027.18133,7467,19793,46797.85,19793,68,2.542386501,0.336381549,2,117,17,-0.433883739,-0.900968868,0.903355802,-0.428891938,6464,0.251507723,57.69230769,5.538461538,0,Black Friday,1
2024-04-27 00:00:00+02:00,15583,14593,0,46,27825.57143,37519.476,67.85714286,25494.73793,26451,36083,51405,36083,121,-0.410872935,-0.568134579,2,118,17,-0.974927912,-0.222520934,0.895839291,-0.444378178,3680,0.252175701,76.15384615,3.538461538,0,Black Friday,1
2024-04-28 00:00:00+02:00,37507.06,36907.06,0,209,21169.43714,37342.71133,74,9279.736151,15583,84100,42810,84100,166,1.406921645,-0.554018312,2,119,17,-0.781831482,0.623489802,0.888057323,-0.459732739,58158.94,1.575821537,66.66666667,23.22222222,0,Black Friday,1
2024-04-29 00:00:00+02:00,52839,51939,16303.4685,177,25926.43714,37550.078,89.42857143,15047.61233,37507.06,19540,46618,19540,69,0.408774775,1.704145343,2,120,18,0,1,0.880012204,-0.474951072,18092,0.348331697,52.94117647,10.41176471,0,Black Friday,1
2024-04-30 00:00:00+02:00,42455.6,40925.6,745.1085,128,29022.38,37023.79133,100,16011.75793,52839,20784,58244.2,20784,54,-0.196510153,1.042705928,2,121,18,0.781831482,0.623489802,0.871706319,-0.490028666,9950.4,0.243133882,58.84615385,4.923076923,0,Black Friday,1
2024-05-01 00:00:00+02:00,11522.5,10332.5,20107.4685,28,27689.30857,35380.21467,97,17152.95001,42455.6,20854,60829.8,20854,49,-0.728598819,-0.447468112,2,122,18,0.974927912,-0.222520934,0.863142128,-0.504961055,22.5,0.002177595,91.53846154,2.153846154,0,Black Friday,1
2024-05-02 00:00:00+02:00,30770,28370,14944.014,80,31018.30857,35502.03633,105.7142857,14653.30095,11522.5,7467,27115.35,7467,19,1.670427425,3.120798179,2,123,18,0.433883739,-0.900968868,0.85432217,-0.519743812,692,0.024391963,75,2.5,0,Black Friday,1
2024-05-03 00:00:00+02:00,50824,48824,33668.253,103,34500.16571,34994.473,110.1428571,16201.11711,30770,26451,66050.9,26451,72,0.651738707,0.921439643,2,124,18,-0.433883739,-0.900968868,0.845249057,-0.534372558,2321,0.047538096,66.66666667,3.433333333,0,Black Friday,1
2024-05-04 00:00:00+02:00,22993.5,21463.5,14924.043,70,35558.80857,34414.563,113.5714286,14953.01696,50824,15583,40390.8,15583,46,-0.547585786,0.475550279,2,125,18,-0.974927912,-0.222520934,0.835925479,-0.548842958,1505.5,0.070142335,63.75,2.916666667,0,Black Friday,1
2024-05-05 00:00:00+02:00,36953,35153,0,113,35479.65714,33880.32967,99.85714286,14942.44809,22993.5,37507.06,52980,37507.06,209,0.607106356,-0.014772152,2,126,18,-0.781831482,0.623489802,0.826354199,-0.563150724,1896,0.053935653,69.23076923,4.346153846,0,Black Friday,1
2024-05-06 00:00:00+02:00,13226.5,12656.5,29926.068,33,29820.72857,32731.47967,79.28571429,14772.45432,36953,52839,47692,52839,177,-0.642072362,-0.749682999,2,127,19,0,1,0.816538051,-0.577291617,976.5,0.077154032,71.25,4.125,0,Black Friday,1
2024-05-07 00:00:00+02:00,29345,27335,0,80,27947.78571,32769.44633,72.42857143,13695.39689,13226.5,42455.6,28206,42455.6,128,1.218651949,-0.308807319,2,128,19,0.781831482,0.623489802,0.806479946,-0.591261445,2800,0.102432778,62.8125,2.5,0,Black Friday,1
2024-05-08 00:00:00+02:00,36253.5,34663.5,30094.395,99,31480.78571,32619.863,82.57142857,11812.44846,29345,11522.5,40741,11522.5,28,0.235423411,2.146322413,2,129,19,0.974927912,-0.222520934,0.796182864,-0.60505607,2620.5,0.075598252,56.78571429,3.535714286,0,Black Friday,1
2024-05-09 00:00:00+02:00,12537,11937,5213.2284,26,28876.07143,30514.828,74.85714286,13832.77315,36253.5,30770,75688.05,30770,80,-0.654185113,-0.592557686,2,130,19,0.433883739,-0.900968868,0.785649855,-0.618671403,755,0.063248722,54.54545455,2.363636364,0,Black Friday,1
2024-05-10 00:00:00+02:00,10400,9830,0,14,23101.21429,29260.81133,62.14285714,11359.9039,12537,50824,48020.5,50824,103,-0.170455452,-0.795372265,2,131,19,-0.433883739,-0.900968868,0.774884041,-0.632103411,1680,0.170905392,71.25,1.75,0,Black Friday,1
2024-05-11 00:00:00+02:00,30240,28290,15492.5148,68,24136.42857,29482.71133,61.85714286,11674.28426,10400,22993.5,23583,22993.5,70,1.907692308,0.315154283,2,132,19,-0.974927912,-0.222520934,0.763888613,-0.645348113,1137,0.04019088,60,2.266666667,0,Black Friday,1
2024-05-12 00:00:00+02:00,29880.5,28320.5,15368.4577,113,23126.07143,30204.19467,61.85714286,10640.46976,30240,36953,8236,36953,113,-0.011888228,-0.191391768,2,133,19,-0.781831482,0.623489802,0.752666828,-0.658401585,2295.5,0.08105436,57.77777778,4.185185185,0,Black Friday,1
2024-05-13 00:00:00+02:00,18267.25,17187.25,21514.237,47,23846.17857,29912.813,63.85714286,10010.78029,29880.5,13226.5,27008.7,13226.5,33,-0.388656482,0.381109893,2,134,20,0,1,0.741222011,-0.671259958,1956.75,0.113848929,60,2.611111111,0,Black Friday,1
2024-05-14 00:00:00+02:00,18448,17368,2396.121,52,22289.46429,29668.01633,59.85714286,9859.294355,18267.25,29345,25791.9,29345,80,0.009894757,-0.371340944,2,135,20,0.781831482,0.623489802,0.729557554,-0.683919422,2652,0.152694611,60,2.888888889,0,Black Friday,1
2024-05-15 00:00:00+02:00,14385,13305,30062.9,37,19165.39286,28939.53033,51,7983.332817,18448,36253.5,36239.58,36253.5,99,-0.220240676,-0.603210724,2,136,20,0.974927912,-0.222520934,0.717676914,-0.696376226,1015,0.07628711,67.5,2.3125,0,Black Friday,1
2024-05-16 00:00:00+02:00,42445.5,41185.5,15023.4413,69,23438.03571,28605.67533,57.14285714,11200.008,14385,12537,52461.15,12537,26,1.950677789,2.385618569,2,137,20,0.433883739,-0.900968868,0.70558361,-0.708626678,2036.5,0.049447014,54.7826087,3,0,Black Friday,1
2024-05-17 00:00:00+02:00,32305.5,31045.5,15023.4413,82,26567.39286,28722.79533,66.85714286,9939.252904,42445.5,10400,28791.9,10400,14,-0.238894582,2.106298077,2,138,20,-0.433883739,-0.900968868,0.693281227,-0.72066715,1768.5,0.056964778,60,3.904761905,0,Black Friday,1
2024-05-18 00:00:00+02:00,27863,26873,0,84,26227.82143,28403.88033,69.14285714,9832.902955,32305.5,30240,37430.45,30240,68,-0.137515284,-0.078604497,2,139,20,-0.974927912,-0.222520934,0.680773409,-0.732494072,1411,0.052506233,61.875,5.25,0,Black Friday,1
2024-05-19 00:00:00+02:00,15015.75,13845.75,0,38,24104.28571,28244.63867,58.42857143,10495.38423,27863,29880.5,19793,29880.5,113,-0.461086387,-0.497473269,2,140,20,-0.781831482,0.623489802,0.668063864,-0.74410394,1066.25,0.077009191,78,2.533333333,0,Black Friday,1
2024-05-20 00:00:00+02:00,11750,11450,14976.7513,30,23173.25,27433.53867,56,11353.47331,15015.75,18267.25,36083,18267.25,47,-0.217488304,-0.356772366,2,141,21,0,1,0.655156357,-0.755493314,1110,0.096943231,50,5,0,Black Friday,1
2024-05-21 00:00:00+02:00,25453.78,24343.78,58956.544,44,24174.07571,25478.66467,54.85714286,11174.89301,11750,18448,84100,18448,52,1.166279149,0.379758239,2,142,21,0.781831482,0.623489802,0.642054713,-0.766658819,2544.22,0.104512118,69.375,2.75,0,Black Friday,1
2024-05-22 00:00:00+02:00,20703,19983,1251.2,29,25076.64714,25517.43133,53.71428571,10486.41438,25453.78,14385,19540,14385,37,-0.186643398,0.439207508,2,143,21,0.974927912,-0.222520934,0.628762815,-0.777597147,766,0.038332583,80,3.222222222,0,Black Friday,1
2024-05-23 00:00:00+02:00,21170,20690,15176.8808,25,22037.29,25530.298,47.42857143,7172.985417,20703,42445.5,20784,42445.5,69,0.022557117,-0.50124277,2,144,21,0.433883739,-0.900968868,0.6152846,-0.788305056,1965,0.094973417,60,3.125,0,Black Friday,1
2024-05-24 00:00:00+02:00,39704.65,38744.65,0,60,23094.31143,26158.653,44.28571429,9197.723735,21170,32305.5,20854,32305.5,82,0.87551488,0.229036851,2,145,21,-0.433883739,-0.900968868,0.601624063,-0.798779373,2652.35,0.068457193,56.47058824,3.529411765,0,Black Friday,1
2024-05-25 00:00:00+02:00,15778,15088,15019.9712,42,21367.88286,26435.68633,38.28571429,9287.203242,39704.65,27863,7467,27863,84,-0.602615815,-0.433729318,2,146,21,-0.974927912,-0.222520934,0.587785252,-0.809016994,1406,0.093186638,69,4.2,0,Black Friday,1
2024-05-26 00:00:00+02:00,22990,22030,0,44,22507.06143,26320.31967,39.14285714,8857.298703,15778,15015.75,26451,15015.75,38,0.457092154,0.531059055,2,147,21,-0.781831482,0.623489802,0.573772268,-0.819014887,760,0.034498411,68.57142857,3.142857143,0,Black Friday,1
2024-05-27 00:00:00+02:00,34736,33656,0,94,25790.77571,26958.753,48.28571429,8456.39357,22990,11750,15583,11750,30,0.51091779,1.956255319,2,148,22,0,1,0.559589262,-0.828770087,3542,0.105241265,56.84210526,4.947368421,0,Black Friday,1
2024-05-28 00:00:00+02:00,15900.5,15360.5,0,31,24426.02143,26238.53433,46.42857143,9253.194593,34736,25453.78,37507.06,25453.78,44,-0.542247236,-0.375318715,2,149,22,0.781831482,0.623489802,0.545240439,-0.838279705,704.5,0.045864392,60,3.444444444,0,Black Friday,1
2024-05-29 00:00:00+02:00,12915,11935,16481.1624,28,23313.45,24907.73433,46.28571429,10195.65006,15900.5,20703,52839,20703,29,-0.187761391,-0.376177366,2,150,22,0.974927912,-0.222520934,0.530730048,-0.847540923,1046,0.087641391,75.38461538,2.153846154,0,Black Friday,1
2024-05-30 00:00:00+02:00,12425,11975,350.0014,38,22064.16429,23906.71433,48.14285714,11005.65493,12915,21170,42455.6,21170,25,-0.037940379,-0.413084554,2,151,22,0.433883739,-0.900968868,0.516062391,-0.856550996,1030,0.086012526,64.28571429,5.428571429,0,Black Friday,1
2024-05-31 00:00:00+02:00,13886.5,12896.5,14985.909,31,18375.85714,23985.51433,44,8033.355799,12425,39704.65,11522.5,39704.65,60,0.117625755,-0.650255071,2,152,22,-0.433883739,-0.900968868,0.501241813,-0.865307254,607.5,0.047105804,66,2.066666667,0,Black Friday,1
2024-06-01 00:00:00+02:00,17641.75,17011.75,2136.6672,44,18642.10714,23547.906,44.28571429,7963.486051,13886.5,15778,30770,15778,42,0.270424513,0.118123336,2,153,22,-0.974927912,-0.222520934,0.486272707,-0.873807104,795.25,0.046747101,57.27272727,4,0,Black Friday,1
2024-06-02 00:00:00+02:00,27577.25,26857.25,14558.9143,58,19297.42857,22773.01433,46.28571429,8548.188335,17641.75,22990,50824,22990,44,0.56318109,0.199532405,2,154,22,-0.781831482,0.623489802,0.471159508,-0.882048025,5683.75,0.211628145,60,4.833333333,0,Black Friday,1
2024-06-03 00:00:00+02:00,29798.6,28448.6,2762.9189,81,18592.08571,22999.851,44.42857143,7151.593023,27577.25,34736,22993.5,34736,94,0.080550091,-0.142140719,2,155,23,0,1,0.455906694,-0.890027576,6483.4,0.227898737,64.28571429,3.857142857,0,Black Friday,1
2024-06-04 00:00:00+02:00,32151.5,30661.5,15197.7175,119,20913.65714,22839.801,57,8619.328294,29798.6,15900.5,36953,15900.5,31,0.078960085,1.022043332,2,156,23,0.781831482,0.623489802,0.440518784,-0.897743394,6732.5,0.219575037,67.72727273,5.409090909,0,Black Friday,1
2024-06-05 00:00:00+02:00,48342.5,46692.5,15105.5093,112,25974.72857,24010.33433,69,12614.92976,32151.5,12915,13226.5,12915,28,0.503584592,2.743128146,2,157,23,0.974927912,-0.222520934,0.42500034,-0.90519319,7952,0.170305724,63.46153846,4.307692308,0,Black Friday,1
2024-06-06 00:00:00+02:00,63305,61565,15031.3625,174,33243.3,25142.33433,88.42857143,17296.1837,48342.5,12425,29345,12425,38,0.309510265,4.094969819,2,158,23,0.433883739,-0.900968868,0.409355959,-0.912374758,14892.5,0.241898806,62.14285714,6.214285714,0,Black Friday,1
2024-06-07 00:00:00+02:00,53421,51531,15031.3625,132,38891.08571,25714.58433,102.8571429,16350.93938,63305,13886.5,36253.5,13886.5,31,-0.156133007,2.846973679,2,159,23,-0.433883739,-0.900968868,0.393590277,-0.91928597,11288,0.219052609,65.17241379,4.551724138,0,Black Friday,1
2024-06-08 00:00:00+02:00,39039.75,38049.75,1886.4657,115,41947.94286,26598.00933,113,13461.03336,53421,17641.75,12537,17641.75,44,-0.26920593,1.21291822,2,160,23,-0.974927912,-0.222520934,0.377707965,-0.925924777,3314.25,0.087103069,58.23529412,6.764705882,0,Black Friday,1
2024-06-09 00:00:00+02:00,41727,40017,15095.3518,154,43969.33571,27642.24267,126.7142857,11917.25859,39039.75,27577.25,10400,27577.25,58,0.068833689,0.513095033,2,161,23,-0.781831482,0.623489802,0.361713731,-0.932289213,10578,0.264337656,58.96551724,5.310344828,0,Black Friday,1
2024-06-10 00:00:00+02:00,51746,49436,15095.3518,172,47104.67857,28359.10933,139.7142857,10351.97603,41727,29798.6,30240,29798.6,81,0.240108323,0.736524535,2,162,24,0,1,0.345612313,-0.938377392,12364,0.250101141,62.5,4.777777778,0,Black Friday,1
2024-06-11 00:00:00+02:00,44333,42593,404.6334,107,48844.89286,28840.85933,138,8224.624396,51746,32151.5,29880.5,32151.5,119,-0.14325745,0.378878124,2,163,24,0.781831482,0.623489802,0.329408482,-0.944187509,5580,0.131007443,62.30769231,4.115384615,0,Black Friday,1
2024-06-12 00:00:00+02:00,37571,35591,15070.092,86,47306.10714,29484.31767,134.2857143,9274.87565,44333,48342.5,18267.25,48342.5,112,-0.152527463,-0.222816362,2,164,24,0.974927912,-0.222520934,0.313107041,-0.949717843,7052,0.198139979,76.15384615,3.307692308,0,Black Friday,1
2024-06-13 00:00:00+02:00,33383,31943,15070.092,71,43031.53571,29982.151,119.5714286,7372.522449,37571,63305,18448,63305,174,-0.111468952,-0.472664087,2,165,24,0.433883739,-0.900968868,0.296712819,-0.954966755,6268,0.196224525,68.57142857,3.380952381,0,Black Friday,1
2024-06-14 00:00:00+02:00,100941,99261,15070.092,161,49820.10714,32867.351,123.7142857,23270.49883,33383,53421,14385,53421,132,2.02372465,0.889537822,2,166,24,-0.433883739,-0.900968868,0.280230675,-0.95993269,10686,0.107655575,60,5.75,0,Black Friday,1
2024-06-15 00:00:00+02:00,62716,60766,15070.092,115,53202.42857,33543.03433,123.7142857,23162.84366,100941,39039.75,42445.5,39039.75,115,-0.378686559,0.606465205,2,167,24,-0.974927912,-0.222520934,0.263665493,-0.964614176,9568,0.157456472,65,3.833333333,0,Black Friday,1
2024-06-16 00:00:00+02:00,98054.25,95294.25,15036.73,218,61249.17857,35734.65933,132.8571429,27826.40558,62716,41727,32305.5,41727,154,0.563464666,1.349899346,2,168,24,-0.781831482,0.623489802,0.24702218,-0.969009826,14262.75,0.149670625,62.85714286,5.19047619,0,Black Friday,1
2024-06-17 00:00:00+02:00,67851,65001,30073.46,158,63549.89286,37067.59267,130.8571429,27574.36528,98054.25,51746,27863,51746,172,-0.308025914,0.311231786,2,169,25,0,1,0.23030567,-0.973118337,13078,0.201196905,67.85714286,3.761904762,0,Black Friday,1
2024-06-18 00:00:00+02:00,70286,67586,30073.46,160,67257.46429,38909.93433,138.4285714,26273.99631,67851,44333,15015.75,44333,107,0.035887459,0.585410417,2,170,25,0.781831482,0.623489802,0.213520915,-0.976938493,12560,0.185837304,73.33333333,4.444444444,0,Black Friday,1
2024-06-19 00:00:00+02:00,73488.5,70988.5,30073.46,167,72388.53571,40967.88433,150,22785.89358,70286,37571,11750,37571,86,0.045563839,0.955989992,2,171,25,0.974927912,-0.222520934,0.19667289,-0.98046916,8352,0.117652859,65.94594595,4.513513514,0,Black Friday,1
2024-06-20 00:00:00+02:00,90524.94,86804.94,15036.73,209,80551.67,43136.923,169.7142857,15578.94783,73488.5,33383,25453.78,33383,71,0.231824571,1.711707755,2,172,25,0.433883739,-0.900968868,0.179766586,-0.983709294,10495.5,0.120909017,75.91836735,4.265306122,0,Black Friday,1
2024-06-21 00:00:00+02:00,89210,85890,30073.46,188,78875.81286,45420.48967,173.5714286,13514.21544,90524.94,100941,20703,100941,161,-0.014525721,-0.116216404,2,173,25,-0.433883739,-0.900968868,0.162807013,-0.986657933,9376,0.109162883,65.09803922,3.68627451,0,Black Friday,1
2024-06-22 00:00:00+02:00,109300.4,105660.4,30073.46,225,85530.72714,48358.16967,189.2857143,15547.26597,89210,62716,21170,62716,115,0.225203453,0.742783341,2,174,25,-0.974927912,-0.222520934,0.145799197,-0.989314204,5385.6,0.050970846,77.44680851,4.787234043,0,Black Friday,1
2024-06-23 00:00:00+02:00,66721,64831,30073.46,145,81054.54857,49258.71467,178.8571429,15848.33779,109300.4,98054.25,39704.65,98054.25,218,-0.389563076,-0.319550147,2,175,25,-0.781831482,0.623489802,0.128748177,-0.99167732,4922,0.07592047,65.17241379,5,0,Black Friday,1
2024-06-24 00:00:00+02:00,56829,54609,15036.73,149,79479.97714,50627.08133,177.5714286,17805.46473,66721,67851,15778,67851,158,-0.148259169,-0.162444179,2,176,26,0,1,0.111659007,-0.99374658,6872,0.125840063,63.42857143,4.257142857,0,Black Friday,1
2024-06-25 00:00:00+02:00,48508,46828,15017.415,104,76368.83429,51477.68133,169.5714286,21249.26324,56829,70286,22990,70286,160,-0.146421721,-0.309848334,2,177,26,0.781831482,0.623489802,0.09453675,-0.995521372,7314,0.156188605,60,3.714285714,0,Black Friday,1
2024-06-26 00:00:00+02:00,61093,58833,30095.5746,112,74598.04857,52356.248,161.7142857,22031.38724,48508,73488.5,34736,73488.5,167,0.259441742,-0.168672649,2,178,26,0.974927912,-0.222520934,0.077386479,-0.99700117,7096,0.120612581,70.625,3.5,0,Black Friday,1
2024-06-27 00:00:00+02:00,54384,53334,15111.9066,176,69435.05714,53639.03133,157,21911.33142,61093,90524.94,15900.5,90524.94,209,-0.109816182,-0.399237381,2,179,26,0.433883739,-0.900968868,0.060213277,-0.998185534,7864,0.147448157,52.5,8.8,0,Black Friday,1
2024-06-28 00:00:00+02:00,100384.25,97054.25,1410.1425,195,71031.37857,56554.673,158,23908.17554,54384,89210,12915,89210,188,0.845841608,0.125257819,2,180,26,-0.433883739,-0.900968868,0.043022233,-0.999074115,9102.75,0.093790329,72.39130435,4.239130435,0,Black Friday,1
2024-06-29 00:00:00+02:00,80549.75,77969.75,15123.9591,186,66924.14286,58825.498,152.4285714,17970.34986,100384.25,109300.4,12425,109300.4,225,-0.197585777,-0.263042496,2,181,26,-0.974927912,-0.222520934,0.02581844,-0.999666649,10049.25,0.128886523,69.72972973,5.027027027,0,Black Friday,1
2024-06-30 00:00:00+02:00,47408,45338,15123.9591,94,64165.14286,59942.88133,145.1428571,19430.02334,80549.75,66721,13886.5,66721,145,-0.41144448,-0.289459091,2,182,26,-0.781831482,0.623489802,0.008606997,-0.999962959,4698,0.103621686,71.37931034,3.24137931,0,Black Friday,1
2024-07-01 00:00:00+02:00,53845,52135,351.4509,108,63738.85714,61149.65633,139.2857143,19649.29669,47408,56829,17641.75,56829,149,0.135778772,-0.052508402,3,183,27,0,1,-0.008606997,-0.999962959,3874,0.074307087,65.76923077,4.153846154,0,Black Friday,1
2024-07-02 00:00:00+02:00,55209,53689,45316.4358,88,64696.14286,62070.71467,137,18933.80506,53845,48508,27577.25,48508,104,0.025331971,0.138142162,3,184,27,0.781831482,0.623489802,-0.02581844,-0.999666649,3340,0.062210136,66.08695652,3.826086957,0,Black Friday,1
2024-07-03 00:00:00+02:00,25735.25,24985.25,0,51,59645.03571,61935.26967,128.2857143,24073.86755,55209,61093,29798.6,61093,112,-0.533857704,-0.578752885,3,185,27,0.974927912,-0.222520934,-0.043022233,-0.999074115,4952.75,0.198226954,57.69230769,3.923076923,0,Black Friday,1
2024-07-04 00:00:00+02:00,20382,19722,30010.44,82,54787.60714,61542.953,114.8571429,28360.92319,25735.25,54384,32151.5,54384,176,-0.208012357,-0.625220653,3,186,27,0.433883739,-0.900968868,-0.060213277,-0.998185534,1900,0.096339114,57,8.2,0,Black Friday,1
2024-07-05 00:00:00+02:00,47872,46022,15033.0252,90,47285.85714,61527.26967,99.85714286,20003.70714,20382,100384.25,48342.5,100384.25,195,1.348739084,-0.52311244,3,187,27,-0.433883739,-0.900968868,-0.077386479,-0.99700117,2000,0.043457477,77.08333333,3.75,0,Black Friday,1
2024-07-06 00:00:00+02:00,35353,34193,5507.3472,88,40829.17857,60595.53633,85.85714286,13814.09558,47872,80549.75,63305,80549.75,186,-0.26150986,-0.561103542,3,188,27,-0.974927912,-0.222520934,-0.09453675,-0.995521372,2100,0.061416079,64.44444444,4.888888889,0,Black Friday,1
2024-07-07 00:00:00+02:00,49245,48105,0,75,41091.60714,60456.33633,83.14285714,13976.39974,35353,47408,53421,47408,94,0.392951093,0.038748734,3,189,27,-0.781831482,0.623489802,-0.111659007,-0.99374658,4908,0.102026816,57,3.75,0,Black Friday,1
2024-07-08 00:00:00+02:00,71820,69750,30060.52,95,43659.46429,61549.01133,81.28571429,17830.06059,49245,53845,39039.75,53845,108,0.458422175,0.333828582,3,190,28,0,1,-0.128748177,-0.99167732,4513,0.064702509,69,3.166666667,0,Black Friday,1
2024-07-09 00:00:00+02:00,53563,52123,0,111,43424.32143,61943.54467,84.57142857,17662.4251,71820,55209,41727,55209,88,-0.254204957,-0.02981398,3,191,28,0.781831482,0.623489802,-0.145799197,-0.989314204,2880,0.055253919,75.78947368,5.842105263,0,Black Friday,1
2024-07-10 00:00:00+02:00,54791.46,53291.46,15043.2254,105,47575.20857,62045.06,92.28571429,16163.06028,53563,25735.25,51746,25735.25,51,0.022934862,1.129043238,3,192,28,0.974927912,-0.222520934,-0.162807013,-0.986657933,2024.54,0.037989952,75,5.25,0,Black Friday,1
2024-07-11 00:00:00+02:00,44634,42984,15054.644,92,51039.78,62055.09333,93.71428571,11199.88419,54791.46,20382,44333,20382,82,-0.185384,1.189873418,3,193,28,0.433883739,-0.900968868,-0.179766586,-0.983709294,2647,0.061581053,66.25,3.833333333,0,Black Friday,1
2024-07-12 00:00:00+02:00,92967,91197,30419.32,161,57481.92286,63901.62667,103.8571429,19191.89477,44634,47872,37571,47872,90,1.082874042,0.941991143,3,194,28,-0.433883739,-0.900968868,-0.19667289,-0.98046916,6075,0.066614033,55.3125,5.03125,0,Black Friday,1
2024-07-13 00:00:00+02:00,64646.75,62816.75,15040.7704,126,61666.74429,64943.75167,109.2857143,16578.24557,92967,35353,33383,35353,88,-0.304626911,0.82860719,3,195,28,-0.974927912,-0.222520934,-0.213520915,-0.976938493,4893.25,0.077897217,70,5.25,0,Black Friday,1
2024-07-14 00:00:00+02:00,175715.41,170595.41,15115.2813,285,79733.94571,67436.232,139.2857143,45123.64754,64646.75,49245,100941,49245,75,1.718085751,2.568187836,3,196,28,-0.781831482,0.623489802,-0.23030567,-0.973118337,7400.59,0.043380944,82.58064516,4.596774194,0,Black Friday,1
2024-07-15 00:00:00+02:00,106832,103522,15115.2813,169,84735.66,68906.76533,149.8571429,46031.53882,175715.41,71820,62716,71820,95,-0.392016898,0.487496519,3,197,29,0,1,-0.24702218,-0.969009826,3045,0.029414038,89.45945946,4.567567568,0,Black Friday,1
2024-07-16 00:00:00+02:00,87524.1,85164.1,0,158,89587.24571,68555.76033,156.5714286,43940.6624,106832,53563,98054.25,53563,111,-0.180731429,0.634040289,3,198,29,0.781831482,0.623489802,-0.263665493,-0.964614176,5180.9,0.060834319,73.75,4.9375,0,Black Friday,1
2024-07-17 00:00:00+02:00,87474.4,84324.4,15103.2288,198,94256.23714,69209.87367,169.8571429,41283.19254,87524.1,54791.46,67851,54791.46,105,-0.000567844,0.596496972,3,199,29,0.974927912,-0.222520934,-0.280230675,-0.95993269,3676.6,0.043600666,83.33333333,5.5,0,Black Friday,1
2024-07-18 00:00:00+02:00,80425,77635,15148.7952,153,99369.23714,69547.84033,178.5714286,35990.15893,87474.4,44634,70286,44634,92,-0.080588149,0.801877492,3,200,29,0.433883739,-0.900968868,-0.296712819,-0.954966755,5164,0.066516391,77.64705882,4.5,0,Black Friday,1
2024-07-19 00:00:00+02:00,116820.1,113770.1,30185.72,242,102776.8229,70992.227,190.1428571,36409.73251,80425,92967,73488.5,92967,161,0.45253466,0.256575989,3,201,29,-0.433883739,-0.900968868,-0.313107041,-0.949717843,8327.9,0.073199373,72.61904762,5.761904762,0,Black Friday,1
2024-07-20 00:00:00+02:00,67693,65453,15082.2516,117,103212.0014,70231.16233,188.8571429,35892.5671,116820.1,64646.75,90524.94,64646.75,126,-0.420536363,0.047121472,3,202,29,-0.974927912,-0.222520934,-0.329408482,-0.944187509,4823,0.073686462,72.25806452,3.774193548,0,Black Friday,1
2024-07-21 00:00:00+02:00,93078.1,89688.1,84143.9,209,91406.67143,70360.099,178,16330.18282,67693,175715.41,89210,175715.41,285,0.375003324,-0.470290625,3,203,29,-0.781831482,0.623489802,-0.345612313,-0.938377392,8882.9,0.099042125,78.8372093,4.860465116,0,Black Friday,1
2024-07-22 00:00:00+02:00,64577.2,61427.2,54224.304,165,85370.27143,68869.32567,177.4285714,17449.26993,93078.1,106832,109300.4,106832,169,-0.306204145,-0.395525685,3,204,30,0,1,-0.361713731,-0.932289213,7325.8,0.119259872,98.4375,5.15625,0,Black Friday,1
2024-07-23 00:00:00+02:00,55323.85,53233.85,15091.1734,89,80770.23571,68489.42067,167.5714286,20723.93258,64577.2,87524.1,66721,87524.1,158,-0.143291285,-0.367901527,3,205,30,0.781831482,0.623489802,-0.377707965,-0.925924777,1556.15,0.02923234,87.08333333,3.708333333,0,Black Friday,1
2024-07-24 00:00:00+02:00,99422.5,96532.5,15019.4772,224,82477.10714,69909.204,171.2857143,21830.61903,55323.85,87474.4,56829,87474.4,198,0.797100166,0.136589677,3,206,30,0.974927912,-0.222520934,-0.393590277,-0.91928597,6238.5,0.064625903,68.97435897,5.743589744,0,Black Friday,1
2024-07-25 00:00:00+02:00,94685,91545,14971.2172,165,84514.25,71448.43733,173,22268.16641,99422.5,80425,48508,80425,153,-0.04765018,0.177308051,3,207,30,0.433883739,-0.900968868,-0.409355959,-0.912374758,4245,0.046370637,80.51282051,4.230769231,0,Black Friday,1
2024-07-26 00:00:00+02:00,89666,87046,15019.4772,143,80635.09286,72400.87067,158.8571429,17572.54001,94685,116820.1,61093,116820.1,242,-0.05300734,-0.232443732,3,208,30,-0.433883739,-0.900968868,-0.42500034,-0.90519319,2894,0.033246789,68.94736842,3.763157895,0,Black Friday,1
2024-07-27 00:00:00+02:00,93030.9,90600.9,15019.4772,238,84254.79286,73689.10067,176.1428571,17064.62054,89666,67693,54384,67693,117,0.037527045,0.374306058,3,209,30,-0.974927912,-0.222520934,-0.440518784,-0.897743394,7297.1,0.080541143,62.30769231,6.102564103,0,Black Friday,1
2024-07-28 00:00:00+02:00,42150,40390,15019.4772,103,76979.35,71747.959,161,22626.11322,93030.9,93078.1,100384.25,93078.1,209,-0.546924731,-0.547154486,3,210,30,-0.781831482,0.623489802,-0.455906694,-0.890027576,3453,0.085491458,70.83333333,4.291666667,0,Black Friday,1
2024-07-29 00:00:00+02:00,53662.7,51902.7,16408.4,92,75420.13571,70851.724,150.5714286,23959.96937,42150,64577.2,80549.75,64577.2,165,0.273136418,-0.169014761,3,211,31,0,1,-0.471159508,-0.882048025,1569.3,0.030235421,76.52173913,4,0,Black Friday,1
2024-07-30 00:00:00+02:00,89117,85357,30240.42,119,80247.72857,72242.024,154.8571429,22601.93434,53662.7,55323.85,47408,55323.85,89,0.660687964,0.610824265,3,212,31,0.781831482,0.623489802,-0.486272707,-0.873807104,2960,0.034677882,82.04545455,2.704545455,0,Black Friday,1
2024-07-31 00:00:00+02:00,76778,74678,30580.2,131,77012.8,73006.45733,141.5714286,20961.06881,89117,99422.5,53845,99422.5,224,-0.138458431,-0.227760316,3,213,31,0.974927912,-0.222520934,-0.501241813,-0.865307254,3851,0.051568066,67.74193548,4.225806452,0,Black Friday,1
2024-08-01 00:00:00+02:00,73949,71669,29347.8975,169,74050.51429,73631.124,142.1428571,19458.72852,76778,94685,55209,94685,165,-0.036846492,-0.218999842,3,214,31,0.433883739,-0.900968868,-0.516062391,-0.856550996,2033,0.028366518,65.14285714,4.828571429,0,Black Friday,1
2024-08-02 00:00:00+02:00,69020.5,66000.5,32290.32,174,71101.15714,75073.96567,146.5714286,18222.78515,73949,89666,25735.25,89666,143,-0.066647284,-0.230248924,3,215,31,-0.433883739,-0.900968868,-0.530730048,-0.847540923,4659,0.070590374,77.43589744,4.461538462,0,Black Friday,1
2024-08-03 00:00:00+02:00,82904,80354,15222.0536,151,69654.45714,77158.03233,134.1428571,16513.4404,69020.5,93030.9,20382,93030.9,238,0.201150383,-0.10885523,3,216,31,-0.974927912,-0.222520934,-0.545240439,-0.838279705,4476,0.055703512,70.83333333,4.194444444,0,Black Friday,1
2024-08-04 00:00:00+02:00,59295,57705,15222.0536,122,72103.74286,77538.799,136.8571429,12549.85039,82904,42150,47872,42150,103,-0.284775162,0.406761566,3,217,31,-0.781831482,0.623489802,-0.559589262,-0.828770087,4080,0.070704445,58.88888889,4.518518519,0,Black Friday,1
2024-08-05 00:00:00+02:00,99376.2,97576.2,15225.5004,134,78634.24286,79672.90567,142.8571429,13229.86088,59295,53662.7,35353,53662.7,92,0.67596256,0.851867312,3,218,32,0,1,-0.573772268,-0.819014887,5656.8,0.057973153,62.06896552,4.620689655,0,Black Friday,1
2024-08-06 00:00:00+02:00,79694.51,77684.51,15527.3416,190,77288.17286,80687.88933,153,12441.38224,99376.2,89117,49245,89117,119,-0.198052351,-0.105731679,3,219,32,0.781831482,0.623489802,-0.587785252,-0.809016994,4539.49,0.058434944,62.8125,5.9375,0,Black Friday,1
2024-08-07 00:00:00+02:00,59054.7,56594.7,30627.28,135,74756.27286,80262.37933,153.5714286,14236.418,79694.51,76778,71820,76778,131,-0.258986598,-0.230838261,3,220,32,0.974927912,-0.222520934,-0.601624063,-0.798779373,3650.3,0.064498973,76.875,4.21875,0,Black Friday,1
2024-08-08 00:00:00+02:00,77798.8,75758.8,30110.08,134,75306.24429,81070.23933,148.5714286,14274.34521,59054.7,73949,53563,73949,169,0.317402341,0.052060204,3,221,32,0.433883739,-0.900968868,-0.6152846,-0.788305056,1672.2,0.022072683,61.81818182,4.060606061,0,Black Friday,1
2024-08-09 00:00:00+02:00,122075.53,119795.53,15058.4896,189,82885.53429,83313.04167,150.7142857,22242.14331,77798.8,69020.5,54791.46,69020.5,174,0.569118418,0.768685101,3,222,32,-0.433883739,-0.900968868,-0.628762815,-0.777597147,2516.47,0.021006376,63.42857143,5.4,0,Black Friday,1
2024-08-10 00:00:00+02:00,93989.6,91599.6,30110.08,162,84469.19143,84958.22833,152.2857143,22634.86167,122075.53,82904,44634,82904,151,-0.230070105,0.133716105,3,223,32,-0.974927912,-0.222520934,-0.642054713,-0.766658819,1858.4,0.020288298,64.59459459,4.378378378,0,Black Friday,1
2024-08-11 00:00:00+02:00,66216.3,64126.3,30553.6,134,85457.94857,84066.53833,154,21473.26409,93989.6,59295,92967,59295,122,-0.295493331,0.116726537,3,224,32,-0.781831482,0.623489802,-0.655156357,-0.755493314,651.7,0.010162757,67.41935484,4.322580645,0,Black Friday,1
2024-08-12 00:00:00+02:00,83222.15,81422.15,45228.45,103,83150.22714,84685.71833,149.5714286,20577.53002,66216.3,99376.2,64646.75,99376.2,134,0.256822716,-0.162554515,3,225,33,0,1,-0.668063864,-0.74410394,1087.85,0.013360615,75,4.291666667,0,Black Friday,1
2024-08-13 00:00:00+02:00,60778.6,59158.6,15067.7469,103,80447.95429,80854.49133,137.1428571,22278.69019,83222.15,79694.51,175715.41,79694.51,190,-0.26968241,-0.237355246,3,226,33,0.781831482,0.623489802,-0.680773409,-0.732494072,424.4,0.007173936,73.63636364,4.681818182,0,Black Friday,1
2024-08-14 00:00:00+02:00,44658.2,42768.2,14942.8538,58,78391.31143,78782.03133,126.1428571,25072.11912,60778.6,59054.7,106832,59054.7,135,-0.265231512,-0.243782459,3,227,33,0.974927912,-0.222520934,-0.693281227,-0.72066715,727.8,0.017017317,99.47368421,3.052631579,0,Black Friday,1
2024-08-15 00:00:00+02:00,52117.45,50467.45,14893.9938,126,74722.54714,77601.80967,125,26979.66162,44658.2,77798.8,87524.1,77798.8,134,0.167029795,-0.330099565,3,228,33,0.433883739,-0.900968868,-0.70558361,-0.708626678,636.55,0.01261308,55,4.2,0,Black Friday,1
2024-08-16 00:00:00+02:00,37397,36047,30048.9,52,62625.61429,75932.563,105.4285714,20387.71624,52117.45,122075.53,87474.4,122075.53,189,-0.282447626,-0.69365687,3,229,33,-0.433883739,-0.900968868,-0.717676914,-0.696376226,406,0.011263073,71.05263158,2.736842105,0,Black Friday,1
2024-08-17 00:00:00+02:00,65205,63505,30048.9,181,58513.52857,75425.22967,108.1428571,15267.30018,37397,93989.6,80425,93989.6,162,0.743589058,-0.306253032,3,230,33,-0.974927912,-0.222520934,-0.729557554,-0.683919422,231,0.003637509,73.91304348,7.869565217,0,Black Friday,1
2024-08-18 00:00:00+02:00,70404,68844,0,71,59111.77143,73878.02633,99.14285714,15695.47754,65205,66216.3,116820.1,66216.3,134,0.079733149,0.063242736,3,231,33,-0.781831482,0.623489802,-0.741222011,-0.671259958,440,0.006391261,70.90909091,3.227272727,0,Black Friday,1
2024-08-19 00:00:00+02:00,37545.52,35985.52,15008.1426,31,52586.53857,72873.11033,88.85714286,13315.59417,70404,83222.15,67693,83222.15,103,-0.466713255,-0.548851838,3,232,34,0,1,-0.752666828,-0.658401585,189.48,0.005265451,91.76470588,1.823529412,0,Black Friday,1
2024-08-20 00:00:00+02:00,54341,52961,15056.9226,84,51666.88143,71581.87367,86.14285714,12870.36757,37545.52,60778.6,93078.1,60778.6,103,0.44733646,-0.10591886,3,233,34,0.781831482,0.623489802,-0.763888613,-0.645348113,0,0,65.71428571,4,0,Black Friday,1
2024-08-21 00:00:00+02:00,69332,66932,30048.48,83,55191.71,71740.367,89.71428571,13963.29744,54341,44658.2,64577.2,44658.2,58,0.275869049,0.552503236,3,234,34,0.974927912,-0.222520934,-0.774884041,-0.632103411,0,0,85.71428571,2.964285714,0,Black Friday,1
2024-08-22 00:00:00+02:00,111084.6,107844.6,15035.3157,109,63615.58857,73599.05867,87.28571429,25125.26623,69332,52117.45,55323.85,52117.45,126,0.602212543,1.131428149,3,235,34,0.433883739,-0.900968868,-0.785649855,-0.618671403,960.4,0.008905406,83.07692308,2.794871795,0,Black Friday,1
2024-08-23 00:00:00+02:00,78539.5,74869.5,45008.04,112,69493.08857,72902.95867,95.85714286,22661.15517,111084.6,37397,99422.5,37397,52,-0.292975804,1.100155093,3,236,34,-0.433883739,-0.900968868,-0.796182864,-0.60505607,477.5,0.006377764,101.7647059,3.294117647,0,Black Friday,1
2024-08-24 00:00:00+02:00,72647.5,70527.5,15035.3157,114,70556.30286,72168.37533,86.28571429,22600.94894,78539.5,65205,94685,65205,181,-0.075019576,0.11414002,3,237,34,-0.974927912,-0.222520934,-0.806479946,-0.591261445,438.5,0.006217433,70.35714286,4.071428571,0,Black Friday,1
2024-08-25 00:00:00+02:00,59138,56898,15035.3157,85,68946.87429,71150.77533,88.28571429,23011.01178,72647.5,70404,89666,70404,71,-0.185959599,-0.160019317,3,238,34,-0.781831482,0.623489802,-0.816538051,-0.577291617,0,0,86.15384615,3.269230769,0,Black Friday,1
2024-08-26 00:00:00+02:00,41460.02,40560.02,0,72,69506.08857,69431.746,94.14285714,22152.24985,59138,37545.52,93030.9,37545.52,31,-0.298927593,0.104260109,3,239,35,0,1,-0.826354199,-0.563150724,554.98,0.013682932,56.25,4.5,0,Black Friday,1
2024-08-27 00:00:00+02:00,40248,38508,30047.9,56,67492.80286,69368.346,90.14285714,24296.82984,41460.02,54341,42150,54341,84,-0.029233464,-0.259343774,3,240,35,0.781831482,0.623489802,-0.835925479,-0.548842958,0,0,87,2.8,0,Black Friday,1
2024-08-28 00:00:00+02:00,60687,58657,1701.0568,80,66257.80286,69602.48933,89.71428571,24407.22356,40248,69332,53662.7,69332,83,0.507826476,-0.124689898,3,241,35,0.974927912,-0.222520934,-0.845249057,-0.534372558,627,0.010689261,84.58333333,3.333333333,0,Black Friday,1
2024-08-29 00:00:00+02:00,117211.7,115081.7,30058.64,207,67133.10286,70538.97933,103.7142857,26317.83367,60687,111084.6,89117,111084.6,109,0.931413647,0.05515706,3,242,35,0.433883739,-0.900968868,-0.85432217,-0.519743812,315.3,0.002739793,68.07692308,7.961538462,0,Black Friday,1
2024-08-30 00:00:00+02:00,84547.6,82497.6,15043.888,105,67991.40286,70797.966,102.7142857,26844.52855,117211.7,78539.5,76778,78539.5,112,-0.278676105,0.076497813,3,243,35,-0.433883739,-0.900968868,-0.863142128,-0.504961055,646.4,0.007835379,70.68965517,3.620689655,0,Black Friday,1
2024-08-31 00:00:00+02:00,48343,46873,44918,60,64519.33143,69944.43267,95,27700.07765,84547.6,72647.5,73949,72647.5,114,-0.428215585,-0.334553839,3,244,35,-0.974927912,-0.222520934,-0.871706319,-0.490028666,0,0,77.36842105,3.157894737,0,Black Friday,1
2024-09-01 00:00:00+02:00,61967,60317,14984.8164,62,64923.47429,69709.316,91.71428571,27629.02507,48343,59138,69020.5,59138,85,0.281819498,0.047837262,3,245,35,-0.781831482,0.623489802,-0.880012204,-0.474951072,300,0.004973722,80,3.444444444,0,Black Friday,1
2024-09-02 00:00:00+02:00,81809,80229,17436.63,90,70687.61429,69672.816,94.28571429,26083.80174,61967,41460.02,82904,41460.02,72,0.320202689,0.973202135,3,246,36,0,1,-0.888057323,-0.459732739,0,0,79,4.5,0,Black Friday,1
2024-09-03 00:00:00+02:00,57985.7,55625.7,15094.0989,106,73221.57143,69629.17267,101.4285714,23352.40965,81809,40248,59295,40248,56,-0.291206346,0.440710097,3,247,36,0.781831482,0.623489802,-0.895839291,-0.444378178,195.3,0.003510967,82.14285714,3.785714286,0,Black Friday,1
2024-09-04 00:00:00+02:00,129015.9,125605.9,30161.97,187,82982.84286,70617.16267,116.7142857,30443.73197,57985.7,60687,99376.2,60687,80,1.224960637,1.12592318,3,248,36,0.974927912,-0.222520934,-0.903355802,-0.428891938,187.1,0.00148958,78.5,4.675,0,Black Friday,1
2024-09-05 00:00:00+02:00,87620,85790,15094.0989,117,78755.45714,70881.34567,103.8571429,26726.13557,129015.9,117211.7,79694.51,117211.7,207,-0.320858902,-0.252463705,3,249,36,0.433883739,-0.900968868,-0.91060463,-0.413278608,338,0.003939853,66.92307692,4.5,0,Black Friday,1
2024-09-06 00:00:00+02:00,89293.9,86663.9,45267.24,136,79433.5,71889.319,108.2857143,26956.78516,87620,84547.6,59054.7,84547.6,105,0.019104086,0.056137608,3,250,36,-0.433883739,-0.900968868,-0.917583626,-0.397542814,143.1,0.001651207,75.58823529,4,0,Black Friday,1
2024-09-07 00:00:00+02:00,69676.8,66986.8,15730,148,82481.18571,71618.58567,120.8571429,23887.11258,89293.9,48343,77798.8,48343,60,-0.219691379,0.441300705,3,251,36,-0.974927912,-0.222520934,-0.924290722,-0.38168922,209.2,0.003123003,73.05555556,4.111111111,0,Black Friday,1
2024-09-08 00:00:00+02:00,73356.55,71166.55,15033.04,166,84108.26429,69994.61967,135.7142857,22610.69199,69676.8,61967,122075.53,61967,62,0.052811696,0.183800249,3,252,36,-0.781831482,0.623489802,-0.930723931,-0.365722523,205.45,0.00288689,68.70967742,5.35483871,0,Black Friday,1
2024-09-09 00:00:00+02:00,56692.2,54182.2,0,99,80520.15,68751.373,137,24912.15356,73356.55,81809,93989.6,81809,90,-0.227169217,-0.307017565,3,253,37,0,1,-0.936881346,-0.349647455,492.8,0.009095238,80.96774194,3.193548387,0,Black Friday,1
2024-09-10 00:00:00+02:00,96085.8,93005.8,42204.8,119,85963.02143,69747.023,138.8571429,23276.62077,56692.2,57985.7,66216.3,57985.7,106,0.694868077,0.657060275,3,254,37,0.781831482,0.623489802,-0.942761143,-0.333468779,252.2,0.002711659,88,3.4,0,Black Friday,1
2024-09-11 00:00:00+02:00,53820,51810,51304,67,75220.75,68766.95133,121.7142857,16445.13683,96085.8,129015.9,83222.15,129015.9,187,-0.439875611,-0.582842115,3,255,37,0.974927912,-0.222520934,-0.94836158,-0.317191289,0,0,71.78571429,2.392857143,0,Black Friday,1
2024-09-12 00:00:00+02:00,85009,81369,30460.5,137,74847.75,69574.63133,124.5714286,16143.88267,53820,87620,60778.6,87620,117,0.57950576,-0.029799133,3,256,37,0.433883739,-0.900968868,-0.953680997,-0.300819808,85,0.001044624,95.78947368,3.605263158,0,Black Friday,1
2024-09-13 00:00:00+02:00,77415.4,74985.4,45110.55,127,73150.82143,70666.538,123.2857143,14952.67143,85009,89293.9,44658.2,89293.9,136,-0.089327012,-0.133027004,3,257,37,-0.433883739,-0.900968868,-0.958717817,-0.284359187,72.6,0.000968188,75.9375,3.96875,0,Black Friday,1
2024-09-14 00:00:00+02:00,118480.85,115390.85,30073.7,149,80122.82857,72878.65133,123.4285714,22523.96789,77415.4,69676.8,52117.45,69676.8,148,0.530455827,0.700434721,3,258,37,-0.974927912,-0.222520934,-0.963470549,-0.267814305,902.15,0.007818211,67.17391304,3.239130435,0,Black Friday,1
2024-09-15 00:00:00+02:00,122732,118032,30073.7,168,87176.46429,75723.15133,123.7142857,27280.81531,118480.85,73356.55,37397,73356.55,166,0.035880482,0.673088497,3,259,37,-0.781831482,0.623489802,-0.967937783,-0.251190064,86,0.000728616,81.40350877,2.947368421,0,Black Friday,1
2024-09-16 00:00:00+02:00,83806.7,79406.7,15017.51,121,91049.96429,76343.208,126.8571429,23953.05906,122732,56692.2,65205,56692.2,99,-0.317156895,0.478275671,3,260,38,0,1,-0.972118197,-0.23449139,256.3,0.003227687,100,2.75,0,Black Friday,1
2024-09-17 00:00:00+02:00,92718.3,90248.3,0,103,90568.89286,77087.018,124.5714286,23868.73103,83806.7,96085.8,70404,96085.8,119,0.106335174,-0.035046802,3,261,38,0.781831482,0.623489802,-0.976010551,-0.21772323,487.7,0.00540398,74.84848485,3.121212121,0,Black Friday,1
2024-09-18 00:00:00+02:00,74328.8,71718.8,104409.75,85,93498.72143,78313.12733,127.1428571,19457.09017,92718.3,53820,37545.52,53820,67,-0.198337329,0.381062802,3,262,38,0.974927912,-0.222520934,-0.979613692,-0.200890555,90.2,0.00125769,79.09090909,2.575757576,0,Black Friday,1
2024-09-19 00:00:00+02:00,117414.8,113294.8,30087.45,159,98128.12143,80415.58733,130.2857143,20901.97032,74328.8,85009,54341,85009,137,0.579667639,0.381204343,3,263,38,0.433883739,-0.900968868,-0.982926552,-0.183998352,1169.2,0.010319979,85.83333333,3.3125,0,Black Friday,1
2024-09-20 00:00:00+02:00,85596,81966,30087.45,111,99296.77857,80957.72067,128,19747.70494,117414.8,77415.4,69332,77415.4,127,-0.270994798,0.105671481,3,264,38,-0.433883739,-0.900968868,-0.98594815,-0.167051626,60,0.000732011,90.75,2.775,0,Black Friday,1
2024-09-21 00:00:00+02:00,79412.4,76722.4,15048.57,135,93715.57143,79901.98067,126,18925.91656,85596,118480.85,111084.6,118480.85,149,-0.072241694,-0.329744849,3,265,38,-0.974927912,-0.222520934,-0.98867759,-0.150055398,159.6,0.002080227,81.51515152,4.090909091,0,Black Friday,1
2024-09-22 00:00:00+02:00,61254.3,58854.3,32018.28,108,84933.04286,79325.80733,117.4285714,17421.21917,79412.4,122732,78539.5,122732,168,-0.228655726,-0.500910113,3,266,38,-0.781831482,0.623489802,-0.991114064,-0.133014707,831.7,0.014131508,75.48387097,3.483870968,0,Black Friday,1
2024-09-23 00:00:00+02:00,64039,61939,15040.3194,100,82109.08571,79038.85733,114.4285714,19150.55484,61254.3,83806.7,72647.5,83806.7,121,0.045461298,-0.23587255,3,267,39,0,1,-0.993256849,-0.1159346,125,0.002018115,67.74193548,3.225806452,0,Black Friday,1
2024-09-24 00:00:00+02:00,46353,44203,0,59,75485.47143,78612.69067,108.1428571,22580.59225,64039,92718.3,59138,92718.3,103,-0.276175456,-0.50006633,3,268,39,0.781831482,0.623489802,-0.995105311,-0.098820139,0,0,102.3809524,2.80952381,0,Black Friday,1
2024-09-25 00:00:00+02:00,86944.5,84844.5,15023.312,130,77287.71429,80128.84,114.5714286,22972.93252,46353,74328.8,41460.02,74328.8,85,0.875703838,0.169728288,3,269,39,0.974927912,-0.222520934,-0.996658902,-0.081676395,305.5,0.003600705,56.75675676,3.513513514,0,Black Friday,1
2024-09-26 00:00:00+02:00,45393,43413,27964.8,83,66998.88571,80300.34,103.7142857,17476.6683,86944.5,117414.8,40248,117414.8,159,-0.477908321,-0.613396267,3,270,39,0.433883739,-0.900968868,-0.997917161,-0.064508449,0,0,73.33333333,3.074074074,0,Black Friday,1
2024-09-27 00:00:00+02:00,85152,82812,15050.5,114,66935.45714,81115.84,104.1428571,17398.55523,45393,85596,60687,85596,111,0.875883947,-0.005187158,3,271,39,-0.433883739,-0.900968868,-0.998879716,-0.047321388,434,0.005240786,78,3.8,0,Black Friday,1
2024-09-28 00:00:00+02:00,94131.5,91611.5,1699.25,147,69038.18571,80346.5,105.8571429,19871.4985,85152,79412.4,117211.7,79412.4,135,0.105452602,0.185350147,3,272,39,-0.974927912,-0.222520934,-0.999546281,-0.030120305,25.5,0.000278349,76.36363636,4.454545455,0,Black Friday,1
2024-09-29 00:00:00+02:00,47391,45021,54618.75,103,67057.71429,79107.94667,105.1428571,21407.99936,94131.5,61254.3,84547.6,61254.3,108,-0.496544727,-0.226323703,3,273,39,-0.781831482,0.623489802,-0.999916659,-0.012910296,687,0.015259546,71.81818182,3.121212121,0,Black Friday,1
2024-09-30 00:00:00+02:00,80778,77828,66950.49,142,69449,80189.11333,111.1428571,21942.80631,47391,64039,48343,64039,100,0.704500855,0.261387592,3,274,40,0,1,-0.99999074,0.004303538,9296,0.119442874,70.23809524,3.380952381,0,Black Friday,1
2024-10-01 00:00:00+02:00,44414.75,43004.75,5707.66,63,69172.10714,79604.03833,111.7142857,22292.27169,80778,46353,61967,46353,59,-0.450162792,-0.041814985,4,275,40,0.781831482,0.623489802,-0.999768502,0.021516097,3167.25,0.073648841,64.09090909,2.863636364,0,Black Friday,1
2024-10-02 00:00:00+02:00,49352.88,47882.88,45225.95,94,63801.87571,78522.16767,106.5714286,21820.25198,44414.75,86944.5,81809,86944.5,130,0.111182209,-0.432363404,4,276,40,0.974927912,-0.222520934,-0.999250011,0.038722281,6426.12,0.13420496,58.8,3.76,0,Black Friday,1
2024-10-03 00:00:00+02:00,72883,70513,30086.14,126,67729.01857,79018.74433,112.7142857,20381.21413,49352.88,45393,57985.7,45393,83,0.476772987,0.605599982,4,277,40,0.433883739,-0.900968868,-0.998435421,0.05591699,10660,0.151177797,67.5,3.9375,0,Black Friday,1
2024-10-04 00:00:00+02:00,82124,79784,22738.6,145,67296.44714,77455.681,117.1428571,19977.94083,72883,85152,129015.9,85152,114,0.126792256,-0.03555994,4,278,40,-0.433883739,-0.900968868,-0.997324973,0.07309513,14624,0.183294896,63.23529412,4.264705882,0,Black Friday,1
2024-10-05 00:00:00+02:00,39356,37886,2239.994,63,59471.37571,75846.881,105.1428571,18378.58828,82124,94131.5,87620,94131.5,147,-0.520773465,-0.581904038,4,279,40,-0.974927912,-0.222520934,-0.995918996,0.09025161,3465,0.091458586,81.66666667,3.5,0,Black Friday,1
2024-10-06 00:00:00+02:00,83167.6,80287.6,17127.56,139,64582.31857,75642.671,110.2857143,19405.14731,39356,47391,89293.9,47391,103,1.113212725,0.754923931,4,280,40,-0.781831482,0.623489802,-0.994217907,0.107381347,16281.4,0.202788475,71.84210526,3.657894737,0,Black Friday,1
2024-10-07 00:00:00+02:00,51777,49467,15082.442,86,60439.31857,75046.011,102.2857143,18443.08089,83167.6,80778,69676.8,80778,142,-0.377437848,-0.359021021,4,281,41,0,1,-0.992222209,0.124479264,10735,0.217013362,79.65517241,2.965517241,0,Black Friday,1
2024-10-08 00:00:00+02:00,69127,66167,15082.442,110,63969.64,74905.026,109,17186.86621,51777,44414.75,73356.55,44414.75,63,0.33509087,0.556397368,4,282,41,0.781831482,0.623489802,-0.989932495,0.141540295,8405,0.127027068,82.22222222,3.055555556,0,Black Friday,1
2024-10-09 00:00:00+02:00,85341,82851,2025.71,184,69110.8,75859.986,121.8571429,17466.13339,69127,49352.88,56692.2,49352.88,94,0.234553792,0.729199998,4,283,41,0.974927912,-0.222520934,-0.987349442,0.158559385,19587,0.236412355,69.16666667,5.111111111,0,Black Friday,1
2024-10-10 00:00:00+02:00,112125.2,109215.2,61620.4,269,74716.82857,76394.63267,142.2857143,23966.68213,85341,72883,96085.8,72883,126,0.313849146,0.538427342,4,284,41,0.433883739,-0.900968868,-0.984473817,0.17553149,22687.8,0.207734821,67.6744186,6.255813953,0,Black Friday,1
2024-10-11 00:00:00+02:00,119044.25,114404.25,16539.9828,232,79991.15,78568.77433,154.7142857,29330.68913,112125.2,82124,53820,82124,145,0.061708251,0.449567118,4,285,41,-0.433883739,-0.900968868,-0.98130647,0.192451582,25160.75,0.219928455,82.85714286,4.142857143,0,Black Friday,1
2024-10-12 00:00:00+02:00,106140,102260,15031.496,192,89531.72143,79273.141,173.1428571,24348.59807,119044.25,39356,85009,39356,63,-0.108398768,1.696920419,4,286,41,-0.974927912,-0.222520934,-0.977848342,0.209314646,19776,0.1933894,76.07843137,3.764705882,0,Black Friday,1
2024-10-13 00:00:00+02:00,132832.5,128732.5,15031.496,230,96626.70714,81120.37767,186.1428571,28980.47905,106140,83167.6,77415.4,83167.6,139,0.251483889,0.597166445,4,287,41,-0.781831482,0.623489802,-0.974100455,0.226115686,21115.5,0.164026178,73.21428571,4.107142857,0,Black Friday,1
2024-10-14 00:00:00+02:00,47329,45449,33624.28,68,95991.27857,78748.64933,183.5714286,30152.80614,132832.5,51777,118480.85,51777,86,-0.643694126,-0.08590687,4,288,42,0,1,-0.970063922,0.242849722,6327,0.139210984,81.73913043,2.956521739,0,Black Friday,1
2024-10-15 00:00:00+02:00,110720,107010,15016.5638,150,101933.1357,78348.24933,189.2857143,27997.78686,47329,69127,122732,69127,110,1.339369097,0.601689644,4,289,42,0.781831482,0.623489802,-0.965739938,0.259511797,11902,0.11122325,80.65217391,3.260869565,0,Black Friday,1
2024-10-16 00:00:00+02:00,71227,68867,35171.92,122,99916.85,77928.926,180.4285714,29839.4771,110720,85341,83806.7,85341,184,-0.356692558,-0.165383579,4,290,42,0.974927912,-0.222520934,-0.961129784,0.276096973,12520,0.181799701,76.12903226,3.935483871,0,Black Friday,1
2024-10-17 00:00:00+02:00,81976.38,79856.38,0,172,95609.87571,77570.862,166.5714286,29959.23014,71227,112125.2,92718.3,112125.2,269,0.150917208,-0.268885317,4,291,42,0.433883739,-0.900968868,-0.956234827,0.292600336,16219.62,0.203109883,62.35294118,5.058823529,0,Black Friday,1
2024-10-18 00:00:00+02:00,92156.28,88766.28,38531.87,185,91768.73714,78165.11133,159.8571429,28121.19554,81976.38,119044.25,74328.8,119044.25,232,0.124180892,-0.22586534,4,292,42,-0.433883739,-0.900968868,-0.951056516,0.309016994,15244.72,0.17173999,80.71428571,4.404761905,0,Black Friday,1
2024-10-19 00:00:00+02:00,81470.7,79500.7,18135.2457,147,88244.55143,76966.97467,153.4285714,27560.19777,92156.28,106140,117414.8,106140,192,-0.115950644,-0.232422272,4,293,42,-0.974927912,-0.222520934,-0.945596387,0.325342085,8864.3,0.111499647,61.5625,4.59375,0,Black Friday,1
2024-10-20 00:00:00+02:00,57487,54847,31777.86,134,77480.90857,76030.008,139.7142857,21230.23303,81470.7,132832.5,85596,132832.5,230,-0.294384361,-0.567221877,4,294,42,-0.781831482,0.623489802,-0.939856058,0.341570769,4850,0.088427808,77.64705882,3.941176471,0,Black Friday,1
2024-10-21 00:00:00+02:00,93400.76,92050.76,20650.75,118,84062.58857,76496.28667,146.8571429,17055.84585,57487,47329,79412.4,47329,68,0.624728373,0.97343616,4,295,43,0,1,-0.933837229,0.357698239,9771.24,0.106150563,61.36363636,5.363636364,0,Black Friday,1
2024-10-22 00:00:00+02:00,64493.64,62303.64,8623.44,86,77458.82286,76604.26467,137.7142857,13616.59146,93400.76,110720,61254.3,110720,150,-0.309495554,-0.417506864,4,296,43,0.781831482,0.623489802,-0.927541684,0.373719715,6905.36,0.110833974,81.11111111,3.185185185,0,Black Friday,1
2024-10-23 00:00:00+02:00,89624,86954,46332.72,91,80086.96571,77457.098,133.2857143,13983.77246,64493.64,71227,64039,71227,122,0.389656406,0.258286886,4,297,43,0.974927912,-0.222520934,-0.920971288,0.38963045,3339,0.038399614,74.11764706,2.676470588,0,Black Friday,1
2024-10-24 00:00:00+02:00,113191.2,107441.2,0,97,84546.22571,79685.038,122.5714286,18825.51812,89624,81976.38,46353,81976.38,172,0.262956351,0.380778219,4,298,43,0.433883739,-0.900968868,-0.914127988,0.405425728,4917.8,0.045772013,121.7391304,2.108695652,0,Black Friday,1
2024-10-25 00:00:00+02:00,108833,105213,0,123,86928.61429,80414.65467,113.7142857,20891.00623,113191.2,92156.28,86944.5,92156.28,185,-0.038502993,0.180961297,4,299,43,-0.433883739,-0.900968868,-0.907013813,0.421100871,5095,0.048425575,84.18604651,2.860465116,0,Black Friday,1
2024-10-26 00:00:00+02:00,97997.62,94887.62,49402.08,168,89289.60286,82168.142,116.7142857,21104.1822,108833,81470.7,45393,81470.7,147,-0.099559692,0.202857224,4,300,43,-0.974927912,-0.222520934,-0.89963087,0.436651232,8826.38,0.0930193,72.3255814,3.906976744,0,Black Friday,1
2024-10-27 00:00:00+02:00,79911,76741,26570.4264,118,92493.03143,81993.442,114.4285714,16718.4429,97997.62,57487,85152,57487,134,-0.184561829,0.390070799,4,301,43,-0.781831482,0.623489802,-0.891981346,0.452072204,4837,0.063030192,93.23529412,3.470588235,0,Black Friday,1
2024-10-28 00:00:00+02:00,79501.7,77671.7,28197.3,112,90507.45143,81505.782,113.5714286,17403.97954,79911,93400.76,94131.5,93400.76,118,-0.005121948,-0.148810995,4,302,44,0,1,-0.88406751,0.467359217,7685.3,0.098945948,61,3.733333333,0,Black Friday,1
2024-10-29 00:00:00+02:00,113515.1,110215.1,0,117,97510.51714,83709.91867,118,14870.1268,79501.7,64493.64,47391,64493.64,86,0.427832361,0.760097585,4,303,44,0.781831482,0.623489802,-0.875891705,0.482507742,7834.9,0.071087356,80.48780488,2.853658537,0,Black Friday,1
2024-10-30 00:00:00+02:00,77044.5,74764.5,48034.4,111,95713.44571,83585.46867,120.8571429,16637.19964,113515.1,89624,80778,89624,91,-0.321284129,-0.140358609,4,304,44,0.974927912,-0.222520934,-0.867456355,0.497513289,16543.5,0.221274803,69.375,3.46875,0,Black Friday,1
2024-10-31 00:00:00+02:00,71272,70072,0,157,89724.98857,84480.71033,129.4285714,16840.72203,77044.5,113191.2,44414.75,113191.2,97,-0.074924232,-0.370339744,4,305,44,0.433883739,-0.900968868,-0.858763958,0.512371412,21730,0.310109602,26.25,3.925,0,Black Friday,1
2024-11-01 00:00:00+02:00,218418,218088,66746.4,475,105379.9886,90116.21433,179.7142857,51934.06305,71272,108833,49352.88,108833,123,2.064569536,1.006909669,4,306,44,-0.433883739,-0.900968868,-0.849817092,0.527077709,78422,0.35958879,3.548387097,5.107526882,0,Black Friday,1
2024-11-02 00:00:00+02:00,164580.85,164580.85,29037.12,344,114891.8786,93172.80933,204.8571429,56272.83491,218418,97997.62,72883,97997.62,168,-0.246486782,0.679437215,4,307,44,-0.974927912,-0.222520934,-0.840618406,0.541627821,50298.15,0.305613624,0,4.845070423,0,Black Friday,1
2024-11-03 00:00:00+02:00,125430.3,125280.3,0,252,121394.6357,94616.35267,224,54146.69458,164580.85,79911,82124,79911,118,-0.237880349,0.569624958,4,308,44,-0.781831482,0.623489802,-0.831170626,0.556017437,29375.7,0.234479802,2.23880597,3.76119403,0,Black Friday,1
2024-11-04 00:00:00+02:00,100917,100917,0,221,124453.9643,96668.386,239.5714286,51945.46221,125430.3,79501.7,39356,79501.7,112,-0.195433639,0.269369083,4,309,45,0,1,-0.821476553,0.570242293,35360,0.350386952,0,3.946428571,0,Black Friday,1
2024-11-05 00:00:00+02:00,125858.5,125858.5,36207.0449,310,126217.3071,98091.416,267.1428571,51721.2635,100917,113515.1,83167.6,113515.1,117,0.247148647,0.108737956,4,310,45,0.781831482,0.623489802,-0.811539059,0.584298174,33074.5,0.26279115,0,4.84375,0,Black Friday,1
2024-11-06 00:00:00+02:00,142648.7,142648.7,0,289,135589.3357,101120.4727,292.5714286,47059.74192,125858.5,77044.5,51777,77044.5,111,0.133405372,0.851510491,4,311,45,0.974927912,-0.222520934,-0.801361088,0.598180914,51293.3,0.35957776,0,6.422222222,0,Black Friday,1
2024-11-07 00:00:00+02:00,149995.11,149995.11,104008.97,365,146835.4943,103816.0763,322.2857143,37579.22729,142648.7,71272,69127,71272,157,0.051500014,1.104544702,4,312,45,0.433883739,-0.900968868,-0.790945657,0.611886401,48296.89,0.321989764,0,4.451219512,0,Black Friday,1
2024-11-08 00:00:00+02:00,187773,187773,112618.8,446,142457.6371,107230.4763,318.1428571,28550.69981,149995.11,218418,85341,218418,475,0.251860811,-0.140304371,4,313,45,-0.433883739,-0.900968868,-0.780295851,0.625410573,63862,0.340102145,0,4.744680851,0,Black Friday,1
2024-11-09 00:00:00+02:00,161682.17,161282.17,44575.2,359,142043.54,108882.3753,320.2857143,28195.15484,187773,164580.85,112125.2,164580.85,344,-0.138948784,-0.017612499,4,314,45,-0.974927912,-0.222520934,-0.769414827,0.638749422,44973.83,0.278851841,4.938271605,4.432098765,0,Black Friday,1
2024-11-10 00:00:00+02:00,104694.7,104694.7,17712,330,139081.3114,108404.057,331.4285714,31164.38421,161682.17,125430.3,119044.25,125430.3,252,-0.352466014,-0.165315717,4,315,45,-0.781831482,0.623489802,-0.758305808,0.651898996,40600.3,0.38779709,0,4.583333333,0,Black Friday,1
2024-11-11 00:00:00+02:00,178681.05,178681.05,18794.7753,458,150190.4614,110822.092,365.2857143,29083.34343,104694.7,100917,106140,100917,221,0.70668668,0.770574333,4,316,46,0,1,-0.746972088,0.664855398,56235.95,0.314728115,0,4.872340426,0,Black Friday,1
2024-11-12 00:00:00+02:00,157512.5,157512.5,43501.64,344,154712.4614,111644.7587,370.1428571,27060.03728,178681.05,125858.5,132832.5,125858.5,310,-0.118471153,0.251504666,4,317,46,0.781831482,0.623489802,-0.735417023,0.677614789,38772.5,0.246155067,0,5.548387097,0,Black Friday,1
2024-11-13 00:00:00+02:00,84290.5,84290.5,48955.2,143,146375.5757,112876.8087,349.2857143,38124.06583,157512.5,142648.7,47329,142648.7,289,-0.464864693,-0.409104324,4,318,46,0.974927912,-0.222520934,-0.723644038,0.690173388,14811.5,0.175719684,0,3.404761905,0,Black Friday,1
2024-11-14 00:00:00+02:00,134252.9,134252.9,0,248,144126.6886,113661.2387,332.5714286,38338.67098,84290.5,149995.11,110720,149995.11,365,0.592740582,-0.104951488,4,319,46,0.433883739,-0.900968868,-0.711656622,0.702527474,41660.3,0.310312105,0,4.275862069,0,Black Friday,1
2024-11-15 00:00:00+02:00,75613.54,75613.54,102733.25,154,128103.9086,113807.4567,290.8571429,40437.33182,134252.9,187773,71227,187773,446,-0.436782818,-0.597314097,4,320,46,-0.433883739,-0.900968868,-0.699458327,0.714673386,24978.06,0.330338455,0,4.052631579,0,Black Friday,1
2024-11-16 00:00:00+02:00,135295.7,135295.7,27923.64,208,124334.4129,115584.7673,269.2857143,37938.16321,75613.54,161682.17,81976.38,161682.17,359,0.789305196,-0.163199628,4,321,46,-0.974927912,-0.222520934,-0.687052767,0.726607525,29446.8,0.217647715,0,3.781818182,0,Black Friday,1
2024-11-17 00:00:00+02:00,139834.22,139834.22,30450.6304,275,129354.3443,117174.032,261.4285714,37224.43885,135295.7,104694.7,92156.28,104694.7,330,0.03354519,0.335638003,4,322,46,-0.781831482,0.623489802,-0.674443619,0.738326354,30904.78,0.221010136,0,4.166666667,0,Black Friday,1
2024-11-18 00:00:00+02:00,112243.7,112243.7,30450.6304,350,119863.2943,118199.7987,246,30394.74496,139834.22,178681.05,81470.7,178681.05,458,-0.197308785,-0.371820907,4,323,47,0,1,-0.661634618,0.749826401,30428.5,0.271093166,0,6.140350877,0,Black Friday,1
2024-11-19 00:00:00+02:00,111804,111804,33431.6275,217,113333.5086,120010.3653,227.8571429,25469.15112,112243.7,157512.5,57487,157512.5,344,-0.003917369,-0.290189667,4,324,47,0.781831482,0.623489802,-0.648629561,0.761104259,25621,0.229159958,0,3.945454545,0,Black Friday,1
2024-11-20 00:00:00+02:00,108830.29,108830.29,0,201,116839.1929,120524.683,236.1428571,22296.56112,111804,84290.5,93400.76,84290.5,143,-0.026597528,0.29113352,4,325,47,0.974927912,-0.222520934,-0.635432301,0.772156584,18198.81,0.16722192,0,6.090909091,15,Black Friday,0
2024-11-21 00:00:00+02:00,61586.2,61586.2,36574.7844,147,106458.2357,120427.7683,221.7142857,28804.2993,108830.29,134252.9,64493.64,134252.9,248,-0.434107912,-0.541267265,4,326,47,0.433883739,-0.900968868,-0.622046748,0.782980104,12405.8,0.201437984,0,4.741935484,14,Black Friday,0
2024-11-22 00:00:00+02:00,120765.6,120765.6,75380.76,221,112908.53,121465.8217,231.2857143,25626.1172,61586.2,75613.54,89624,75613.54,154,0.960919816,0.597142522,4,327,47,-0.433883739,-0.900968868,-0.60847687,0.793571609,31762.4,0.263008671,0,5.139534884,13,Black Friday,0
2024-11-23 00:00:00+02:00,79366.2,79366.2,0,147,104918.6014,120338.3217,222.5714286,26195.47387,120765.6,135295.7,113191.2,135295.7,208,-0.342807886,-0.413387122,4,328,47,-0.974927912,-0.222520934,-0.594726687,0.803927962,17405,0.219299903,0,3.5,12,Black Friday,0
2024-11-24 00:00:00+02:00,121462.5,121462.5,40373.0628,178,102294.07,120759.305,208.7142857,22816.66098,79366.2,139834.22,108833,139834.22,275,0.530405891,-0.131382147,4,329,47,-0.781831482,0.623489802,-0.580800273,0.814046094,18227,0.150062777,0,5.085714286,11,Black Friday,0
2024-11-25 00:00:00+02:00,79188.85,79188.85,0,160,97571.94857,120132.346,181.5714286,23813.04666,121462.5,112243.7,97997.62,112243.7,350,-0.348038695,-0.294491807,4,330,48,0,1,-0.566701756,0.823923006,13241.75,0.167217354,0,3.80952381,10,Black Friday,0
2024-11-26 00:00:00+02:00,105644,105644,81194.1,243,96691.94857,120990.1127,185.2857143,23307.9138,79188.85,111804,79911,111804,217,0.334076704,-0.055096419,4,331,48,0.781831482,0.623489802,-0.552435313,0.833555772,35070,0.331963954,0,4.5,9,Black Friday,0
2024-11-27 00:00:00+02:00,152392.05,152392.05,0,298,102915.0571,123419.791,199.1428571,31473.86609,105644,108830.29,79501.7,108830.29,201,0.44250549,0.400272387,4,332,48,0.974927912,-0.222520934,-0.538005172,0.842941537,52051.95,0.341566046,0,4.73015873,8,Black Friday,0
2024-11-28 00:00:00+02:00,214867.6,214867.6,1701.7381,453,124812.4,126798.2077,242.8571429,47280.13594,152392.05,61586.2,113515.1,61586.2,147,0.40996594,2.488891992,4,333,48,0.433883739,-0.900968868,-0.523415607,0.852077521,38489.4,0.179130776,0,5.08988764,7,Black Friday,1
2024-11-29 00:00:00+02:00,463292.48,463142.48,217562.73,957,173744.8114,139673.1403,348,136139.7501,214867.6,120765.6,77044.5,120765.6,221,1.156176548,2.836295104,4,334,48,-0.433883739,-0.900968868,-0.508670944,0.860961016,69754.02,0.150610283,0.646551724,4.125,6,Black Friday,1
2024-11-30 00:00:00+02:00,471757,471757,59682.28,948,229800.64,153022.6403,462.4285714,167885.05,463292.48,79366.2,71272,79366.2,147,0.018270359,4.94405427,4,335,48,-0.974927912,-0.222520934,-0.49377555,0.869589389,40942.5,0.086787265,0,3.498154982,5,Black Friday,1
2024-12-01 00:00:00+02:00,299386.4,299386.4,6805.961,604,255218.34,155721.587,523.2857143,162118.7575,471757,121462.5,218418,121462.5,178,-0.365380058,1.464846352,4,336,48,-0.781831482,0.623489802,-0.47873384,0.877960085,21974.1,0.073397122,0,3.751552795,4,Black Friday,1
2024-12-02 00:00:00+02:00,200880,200880,129920.88,371,272602.79,156931.5587,553.4285714,145799.9139,299386.4,79188.85,164580.85,79188.85,160,-0.329027638,1.536720763,4,337,49,0,1,-0.463550271,0.886070622,11466,0.057078853,0,2.944444444,3,Black Friday,1
2024-12-03 00:00:00+02:00,90673,90673,35128.875,172,270464.0757,155772.982,543.2857143,148737.3981,200880,105644,125430.3,105644,243,-0.548621067,-0.141711787,4,338,49,0.781831482,0.623489802,-0.448229342,0.893918597,4640,0.051172896,0,3.245283019,2,Black Friday,1
2024-12-04 00:00:00+02:00,221440.25,221440.25,68153.76,415,280328.1043,159790.4237,560,141726.3328,90673,152392.05,100917,152392.05,298,1.442185105,0.453095814,4,339,49,0.974927912,-0.222520934,-0.432775593,0.901501684,10223.75,0.046169339,0,3.167938931,1,Black Friday,1
2024-12-05 00:00:00+02:00,147620,147620,29388.24,263,270721.3043,160515.807,532.8571429,148995.777,221440.25,214867.6,125858.5,214867.6,453,-0.333364192,-0.312972268,4,340,49,0.433883739,-0.900968868,-0.417193603,0.908817637,10784,0.073052432,0,2.988636364,0,Black Friday,1
2024-12-06 00:00:00+02:00,149555,149555,19075,282,225901.6643,160746.017,436.4285714,126974.0552,147620,463292.48,142648.7,463292.48,957,0.01310798,-0.677190962,4,341,49,-0.433883739,-0.900968868,-0.401487989,0.915864288,10116.5,0.067644011,0,3.317647059,0,Christmas,1
2024-12-07 00:00:00+02:00,81934.5,81934.5,23313,179,170212.7357,158477.33,326.5714286,76710.89131,149555,471757,149995.11,471757,948,-0.452144696,-0.826320542,4,342,49,-0.974927912,-0.222520934,-0.385663406,0.922639549,5037,0.061475935,0,3.377358491,0,Christmas,1
2024-12-08 00:00:00+02:00,115471.48,115471.48,0,253,143939.1757,156067.2793,276.4285714,52893.02872,81934.5,299386.4,187773,299386.4,604,0.409314513,-0.614306194,4,343,49,-0.781831482,0.623489802,-0.369724543,0.929141411,3856.62,0.033398896,0,4.773584906,0,Christmas,1
2024-12-09 00:00:00+02:00,92577.7,92577.7,123333,203,128467.4186,153763.797,252.4285714,49170.03111,115471.48,200880,161682.17,200880,371,-0.198263502,-0.539139287,4,344,50,0,1,-0.353676122,0.935367949,8291.9,0.089566926,0,4.229166667,0,Christmas,1
2024-12-10 00:00:00+02:00,100182.1,100182.1,77333,203,129825.8614,153613.377,256.8571429,48070.91178,92577.7,90673,104694.7,90673,172,0.082140732,0.104872454,4,345,50,0.781831482,0.623489802,-0.3375229,0.941317318,11112,0.110918018,0,3.690909091,15,Christmas,0
2024-12-11 00:00:00+02:00,89836.75,89836.75,10423,162,111025.3614,150651.9003,220.7142857,27678.50127,100182.1,221440.25,178681.05,221440.25,415,-0.103265454,-0.594307042,4,346,50,0.974927912,-0.222520934,-0.321269662,0.946987753,2569.75,0.028604663,0,2.571428571,14,Christmas,0
2024-12-12 00:00:00+02:00,108782.7,108782.7,0,222,105477.1757,149027.5737,214.8571429,22535.09115,89836.75,147620,157512.5,147620,263,0.210893092,-0.26308969,4,347,50,0.433883739,-0.900968868,-0.304921225,0.952377576,10205.3,0.09381363,0,4.036363636,13,Christmas,0
2024-12-13 00:00:00+02:00,102971.6,102971.6,82393,231,98822.40429,149650.277,207.5714286,11549.91657,108782.7,149555,84290.5,149555,282,-0.05341934,-0.311480058,4,348,50,-0.433883739,-0.900968868,-0.288482433,0.957485188,2405,0.023355954,0,3.915254237,12,Christmas,0
2024-12-14 00:00:00+02:00,51113,51113,12000,90,94419.33286,146878.947,194.8571429,21038.37809,102971.6,81934.5,134252.9,81934.5,179,-0.503620416,-0.37617243,4,349,50,-0.974927912,-0.222520934,-0.271958158,0.962309077,3580,0.07004089,0,2.727272727,11,Christmas,0
2024-12-15 00:00:00+02:00,50661.7,50661.7,72000,92,85160.79286,146047.219,171.8571429,24245.8715,51113,115471.48,75613.54,115471.48,253,-0.008829456,-0.561262227,4,350,50,-0.781831482,0.623489802,-0.255353295,0.966847814,1921.5,0.03792806,0,3.407407407,10,Christmas,0
2024-12-16 00:00:00+02:00,46296,46296,5000,91,78549.12143,143080.5623,155.8571429,27918.44053,50661.7,92577.7,135295.7,92577.7,203,-0.086173579,-0.499922768,4,351,51,0,1,-0.238672766,0.971100052,5376,0.116122343,0,4.136363636,9,Christmas,0
2024-12-17 00:00:00+02:00,49848,49848,12333,107,71358.53571,140081.0217,142.1428571,27900.03846,46296,100182.1,139834.22,100182.1,203,0.076723691,-0.502426082,4,352,51,0.781831482,0.623489802,-0.221921513,0.975064532,4805,0.096393035,0,3.057142857,8,Christmas,0
2024-12-18 00:00:00+02:00,43119.6,43119.6,78000,66,64684.65714,137776.885,128.4285714,28327.49365,49848,89836.75,112243.7,89836.75,162,-0.134978334,-0.520022708,4,353,51,0.974927912,-0.222520934,-0.2051045,0.97874008,1720,0.039889053,0,2.75,7,Christmas,1
2024-12-19 00:00:00+02:00,38014,38014,21323,80,54574.84286,135317.2183,108.1428571,21855.24168,43119.6,108782.7,111804,108782.7,222,-0.118405551,-0.650551053,4,354,51,0.433883739,-0.900968868,-0.18822671,0.982125606,4120,0.108381123,0,3.076923077,6,Christmas,1
2024-12-20 00:00:00+02:00,54298,54298,16000,113,47621.47143,133499.4753,91.28571429,5557.194329,38014,102971.6,108830.29,102971.6,231,0.428368496,-0.472689557,4,355,51,-0.433883739,-0.900968868,-0.171293144,0.985220107,6294,0.115915872,0,4.185185185,5,Christmas,1
2024-12-21 00:00:00+02:00,27321,27321,3124,70,44222.61429,132357.302,88.42857143,9168.307843,54298,51113,61586.2,51113,90,-0.496832296,-0.46547845,4,356,51,-0.974927912,-0.222520934,-0.154308821,0.988022666,5900,0.2159511,0,3.684210526,4,Christmas,1
2024-12-22 00:00:00+02:00,48501,48501,30000,119,43913.94286,129948.482,92.28571429,8949.143584,27321,50661.7,120765.6,50661.7,92,0.775227847,-0.042649576,4,357,51,-0.781831482,0.623489802,-0.137278772,0.990532452,3521,0.072596441,0,4.958333333,3,Christmas,1
2024-12-23 00:00:00+02:00,17680,17680,21308,38,39825.94286,127892.2753,84.71428571,13204.08004,48501,46296,79366.2,46296,91,-0.635471434,-0.618109556,4,358,52,0,1,-0.120208045,0.992748722,1115,0.063065611,0,1.80952381,2,Christmas,1
2024-12-24 00:00:00+02:00,51758,51758,0,73,40098.8,125568.792,79.85714286,13462.89704,17680,49848,121462.5,49848,107,1.927488688,0.038316482,4,359,52,0.781831482,0.623489802,-0.103101697,0.99467082,5784.5,0.111760501,0,3.041666667,1,Christmas,1
2024-12-25 00:00:00+02:00,67467.7,67467.7,43123,190,43577.1,125178.087,97.57142857,17042.78458,51758,43119.6,79188.85,43119.6,66,0.303522161,0.564664329,4,360,52,0.974927912,-0.222520934,-0.085964799,0.996298175,3747.3,0.055542133,0,5.588235294,0,Christmas,1
2024-12-26 00:00:00+02:00,73358.6,73358.6,15261,133,48626.32857,124101.907,105.1428571,20084.26306,67467.7,38014,105644,38014,80,0.087314374,0.929778503,4,361,52,0.433883739,-0.900968868,-0.068802427,0.997630305,3719,0.050696169,0,3.022727273,0,Valentine's Day,1
2024-12-27 00:00:00+02:00,64464,64464,32132,135,50078.61429,121170.972,108.2857143,20913.17678,73358.6,54298,152392.05,54298,113,-0.121248224,0.187226049,4,362,52,-0.433883739,-0.900968868,-0.051619667,0.998666816,7015,0.108820427,0,4.655172414,0,Valentine's Day,1
2024-12-28 00:00:00+02:00,44460.1,44460.1,0,76,52527.05714,115490.722,109.1428571,18689.83844,64464,27321,214867.6,27321,70,-0.310311181,0.627323304,4,363,52,-0.974927912,-0.222520934,-0.034421612,0.999407401,2275.9,0.051189718,0,2.814814815,0,Valentine's Day,1
2024-12-29 00:00:00+02:00,49144.5,49144.5,31231,88,52618.98571,101685.7893,104.7142857,18668.30543,44460.1,48501,463292.48,48501,119,0.105361886,0.013267768,4,364,52,-0.781831482,0.623489802,-0.017213356,0.999851839,5546,0.112850879,0,2.666666667,0,Valentine's Day,1
2024-12-30 00:00:00+02:00,39579,39219,3113,78,55747.41429,87279.856,110.4285714,12726.8274,49144.5,17680,471757,17680,38,-0.194640295,1.238631222,4,365,1,0,1,6.43E-16,1,341,0.008694765,17.14285714,3.714285714,0,Valentine's Day,1
2024-12-31 00:00:00+02:00,32672.6,32252.6,21333,116,53020.92857,78389.396,116.5714286,15472.17056,39579,51758,299386.4,51758,73,-0.174496576,-0.368742996,4,366,1,0.781831482,0.623489802,0.017213356,0.999851839,2294.5,0.071141551,32.30769231,8.923076923,0,Valentine's Day,1
2025-01-01 00:00:00+02:00,18504,18054,352.3438,30,46026.11429,72310.196,93.71428571,18603.51909,32672.6,67467.7,200880,67467.7,190,-0.433653887,-0.725735426,1,1,1,0.974927912,-0.222520934,0.017213356,0.999851839,0,0,56.25,3.75,0,Valentine's Day,1
2025-01-02 00:00:00+02:00,26199,25839,37494.6604,52,39289.02857,70161.06267,82.14285714,15301.83515,18504,73358.6,90673,73358.6,133,0.415856031,-0.642863959,1,2,1,0.433883739,-0.900968868,0.034421612,0.999407401,1095,0.042377801,51.42857143,7.428571429,0,Valentine's Day,1
2025-01-03 00:00:00+02:00,22991.39,22211.39,0,18,33364.37,63546.10067,65.42857143,11481.86786,26199,64464,221440.25,64464,135,-0.122432536,-0.643345278,1,3,1,-0.433883739,-0.900968868,0.051619667,0.998666816,1517.61,0.068325755,65,1.5,0,Valentine's Day,1
2025-01-04 00:00:00+02:00,36075.5,34825.5,34372.4675,65,32166.57,59827.95067,63.85714286,10529.25816,22991.39,44460.1,147620,44460.1,76,0.569087384,-0.18858707,1,4,1,-0.974927912,-0.222520934,0.068802427,0.997630305,0,0,69.44444444,3.611111111,0,Valentine's Day,1
2025-01-05 00:00:00+02:00,23860,23230,44786.875,24,28554.49857,55638.11733,54.71428571,7687.774304,36075.5,49144.5,149555,49144.5,88,-0.338609305,-0.514492975,1,5,1,-0.781831482,0.623489802,0.085964799,0.996298175,685,0.029487731,63.33333333,2.666666667,0,Valentine's Day,1
2025-01-06 00:00:00+02:00,55463.67,54503.67,17239.2843,86,30823.73714,54755.75633,55.85714286,12390.37941,23860,39579,81934.5,39579,78,1.324546102,0.401340863,1,6,2,0,1,0.103101697,0.99467082,3342.33,0.061323027,60,5.375,0,Valentine's Day,1
2025-01-07 00:00:00+02:00,58095,56955,5642.0028,96,34455.50857,52843.207,53,16171.49833,55463.67,32672.6,115471.48,32672.6,116,0.047442407,0.778095407,1,7,2,0.781831482,0.623489802,0.120208045,0.992748722,160,0.002809235,54.28571429,4.571428571,0,Valentine's Day,1
2025-01-08 00:00:00+02:00,60098.46,58058.46,36956.4342,104,40397.57429,51760.56567,63.57142857,16956.10739,58095,18504,92577.7,18504,30,0.034485928,2.247863165,1,8,2,0.974927912,-0.222520934,0.137278772,0.990532452,2891.04,0.049795327,65.80645161,3.35483871,0,Valentine's Day,1
2025-01-09 00:00:00+02:00,31857.6,30777.6,19026.8295,56,41205.94571,49483.08233,64.14285714,16288.10847,60098.46,26199,100182.1,26199,52,-0.469909878,0.215985343,1,9,2,0.433883739,-0.900968868,0.154308821,0.988022666,0,0,72,3.733333333,0,Valentine's Day,1
2025-01-10 00:00:00+02:00,46145.7,45335.7,20924.3489,69,44513.70429,48026.714,71.42857143,14188.35867,31857.6,22991.39,89836.75,22991.39,18,0.448498945,1.007086131,1,10,2,-0.433883739,-0.900968868,0.171293144,0.985220107,2900,0.063967249,47.64705882,4.058823529,0,Valentine's Day,1
2025-01-11 00:00:00+02:00,75868,74338,0,157,50198.34714,46929.55733,84.57142857,17764.85082,46145.7,36075.5,108782.7,36075.5,65,0.64409685,1.103033915,1,11,2,-0.974927912,-0.222520934,0.18822671,0.982125606,4030,0.054211843,51.11111111,5.814814815,0,Valentine's Day,1
2025-01-12 00:00:00+02:00,95937.93,94797.93,58.6612,118,60495.19429,46695.10167,98,20614.5783,75868,23860,102971.6,23860,24,0.264537486,3.020868818,1,12,2,-0.781831482,0.623489802,0.2051045,0.97874008,4147.07,0.043746419,51.81818182,5.363636364,0,Valentine's Day,1
2025-01-13 00:00:00+02:00,72099,71109,22999.236,137,62871.67,47394.635,105.2857143,20894.83047,95937.93,55463.67,51113,55463.67,86,-0.248482847,0.29993201,1,13,3,0,1,0.221921513,0.975064532,1030,0.014484805,47.14285714,6.523809524,0,Valentine's Day,1
2025-01-14 00:00:00+02:00,96485.69,94805.69,427.7262,187,68356.05429,48922.10133,118.2857143,24207.7815,72099,58095,50661.7,58095,96,0.338238949,0.660826061,1,14,3,0.781831482,0.623489802,0.238672766,0.971100052,8245.81,0.086975898,50.625,5.84375,0,Valentine's Day,1
2025-01-15 00:00:00+02:00,57575,55805,25265.57,100,67995.56,49298.068,117.7142857,24369.49489,96485.69,60098.46,46296,60098.46,104,-0.403279388,-0.041988763,1,15,3,0.974927912,-0.222520934,0.255353295,0.966847814,2860,0.051249888,63.33333333,3.703703704,0,Valentine's Day,1
2025-01-16 00:00:00+02:00,30298,29008,0,60,67772.76,48646.40133,118.2857143,24758.97172,57575,31857.6,49848,31857.6,56,-0.473764655,-0.048955351,1,16,3,0.433883739,-0.900968868,0.271958158,0.962309077,105,0.003619691,92.14285714,4.285714286,0,Valentine's Day,1
2025-01-17 00:00:00+02:00,54671.6,53391.6,27756.0918,110,68990.74571,49031.468,124.1428571,23705.01469,30298,46145.7,43119.6,46145.7,69,0.804462341,0.184760444,1,17,3,-0.433883739,-0.900968868,0.288482433,0.957485188,1410,0.026408649,60.95238095,5.238095238,0,Valentine's Day,1
2025-01-18 00:00:00+02:00,88536.51,87036.51,0,167,70800.53286,50715.55167,125.5714286,24776.93584,54671.6,75868,38014,75868,157,0.619424162,0.166980941,1,18,3,-0.974927912,-0.222520934,0.304921225,0.952377576,3167.49,0.036392659,50,5.566666667,0,Valentine's Day,1
2025-01-19 00:00:00+02:00,35038,34378,0,56,62100.54286,50073.55167,116.7142857,25168.1695,88536.51,95937.93,54298,95937.93,118,-0.604253658,-0.634784699,1,19,3,-0.781831482,0.623489802,0.321269662,0.946987753,1872,0.05445343,47.14285714,4,0,Valentine's Day,1
2025-01-20 00:00:00+02:00,84496.6,83066.6,51425.7073,133,63871.62857,51979.405,116.1428571,26395.32015,35038,72099,27321,72099,137,1.411570295,0.171952454,1,20,4,0,1,0.3375229,0.941317318,7185.4,0.086501675,52.96296296,4.925925926,0,Valentine's Day,1
2025-01-21 00:00:00+02:00,61062,59652,33665.9427,85,58811.10143,52398.105,101.5714286,22155.63141,84496.6,96485.69,48501,96485.69,187,-0.277343704,-0.367139314,1,21,4,0.781831482,0.623489802,0.353676122,0.935367949,2605,0.043669952,58.75,3.541666667,0,Valentine's Day,1
2025-01-22 00:00:00+02:00,62364.39,60894.39,417.573,128,59495.3,53887.58467,105.5714286,22185.02888,61062,57575,17680,57575,100,0.021328977,0.083185237,1,22,4,0.974927912,-0.222520934,0.369724543,0.929141411,3617.21,0.059401367,48.88888889,4.740740741,0,Valentine's Day,1
2025-01-23 00:00:00+02:00,50302.6,48772.6,36974.128,65,62353.1,53839.07133,106.2857143,18832.18565,62364.39,30298,51758,30298,60,-0.19340829,0.660261403,1,23,4,0.433883739,-0.900968868,0.385663406,0.922639549,2210,0.045312327,66.52173913,2.826086957,0,Valentine's Day,1
2025-01-24 00:00:00+02:00,36166.06,35236.06,0,65,59709.45143,52795.68333,99.85714286,21235.74336,50302.6,54671.6,67467.7,54671.6,110,-0.281030006,-0.338485429,1,24,4,-0.433883739,-0.900968868,0.401487989,0.915864288,2145.94,0.060901815,62,4.333333333,0,Valentine's Day,1
2025-01-25 00:00:00+02:00,51513.29,49983.29,0,72,54420.42,52067.50633,86.28571429,17059.21822,36166.06,88536.51,73358.6,88536.51,167,0.424354491,-0.418168957,1,25,4,-0.974927912,-0.222520934,0.417193603,0.908817637,2091.21,0.041838182,72.85714286,3.428571429,0,Valentine's Day,1
2025-01-26 00:00:00+02:00,22854.5,22614.5,20905.8688,29,52679.92,50680.523,82.42857143,19772.14066,51513.29,35038,64464,35038,56,-0.556337792,-0.347722473,1,26,4,-0.781831482,0.623489802,0.432775593,0.901501684,0,0,40,4.833333333,0,Valentine's Day,1
2025-01-27 00:00:00+02:00,71698,70348,36616.4064,115,50851.54857,51588.453,79.85714286,16691.36964,22854.5,84496.6,44460.1,84496.6,133,2.137150233,-0.151468816,1,27,5,0,1,0.448229342,0.893918597,3170,0.045061693,71.05263158,6.052631579,0,Valentine's Day,1
2025-01-28 00:00:00+02:00,53204,52274,40671.6714,130,49728.97714,51723.76967,86.28571429,16145.53842,71698,61062,49144.5,61062,85,-0.257943039,-0.128688874,1,28,5,0.781831482,0.623489802,0.463550271,0.886070622,7056,0.134981061,48.94736842,6.842105263,0,Valentine's Day,1
2025-01-29 00:00:00+02:00,37632,36942,20192.9598,41,46195.77857,51658.86967,73.85714286,15617.13385,53204,62364.39,39579,62364.39,128,-0.292684761,-0.396578721,1,29,5,0.974927912,-0.222520934,0.47873384,0.877960085,298.5,0.008080234,62.72727273,3.727272727,0,Valentine's Day,1
2025-01-30 00:00:00+02:00,36499.5,35659.5,0,74,44223.90714,51786.433,75.14285714,15881.34711,37632,50302.6,32672.6,50302.6,65,-0.030094069,-0.274401323,1,30,5,0.433883739,-0.900968868,0.49377555,0.869589389,2271.5,0.063699715,60,5.285714286,15,Valentine's Day,0
2025-01-31 00:00:00+02:00,59111.6,58361.6,708.4245,78,47501.84143,53140.01967,77,16303.3925,36499.5,36166.06,18504,36166.06,65,0.619518076,0.634449536,1,31,5,-0.433883739,-0.900968868,0.508670944,0.860961016,500,0.008567277,41.66666667,4.333333333,14,Valentine's Day,0
2025-02-01 00:00:00+02:00,18319,17629,3142.847,22,42759.8,52877.353,69.85714286,19463.39067,59111.6,51513.29,26199,51513.29,72,-0.690094668,-0.644383032,1,32,5,-0.974927912,-0.222520934,0.523415607,0.852077521,550,0.031198593,62.72727273,2,13,Valentine's Day,0
2025-02-02 00:00:00+02:00,30740.9,29870.9,2374.506,43,43886.42857,53135.67,71.85714286,18313.42587,18319,22854.5,22991.39,22854.5,29,0.678088324,0.345069899,1,33,5,-0.781831482,0.623489802,0.538005172,0.842941537,1952.1,0.065351228,72.5,3.583333333,12,Valentine's Day,0
2025-02-03 00:00:00+02:00,35228,34748,23052.7475,46,38676.42857,53107.42,62,13685.54946,30740.9,71698,36075.5,71698,115,0.145965147,-0.508661329,1,34,6,0,1,0.552435313,0.833555772,1415,0.040721768,43.63636364,4.181818182,11,Valentine's Day,0
2025-02-04 00:00:00+02:00,19528,18988,44892.5635,29,33865.57143,52963.02,47.57142857,13646.53279,35228,53204,23860,53204,130,-0.445668218,-0.632959928,1,35,6,0.781831482,0.623489802,0.566701756,0.823923006,1950,0.10269644,67.5,3.625,10,Valentine's Day,0
2025-02-05 00:00:00+02:00,29965,29365,0,47,32770.28571,52113.06433,48.42857143,13601.45863,19528,37632,55463.67,37632,41,0.534463335,-0.203736182,1,36,6,0.974927912,-0.222520934,0.580800273,0.814046094,1730,0.058913673,50,3.916666667,9,Valentine's Day,0
2025-02-06 00:00:00+02:00,45020,44150,11073.2832,67,33987.5,51677.231,47.42857143,14351.3951,29965,36499.5,58095,36499.5,74,0.502419489,0.233441554,1,37,6,0.433883739,-0.900968868,0.594726687,0.803927962,2560,0.057984145,54.375,4.1875,8,Valentine's Day,0
2025-02-07 00:00:00+02:00,54202.5,52792.5,25287.8164,57,33286.2,51480.699,44.42857143,12972.78125,45020,59111.6,60098.46,59111.6,78,0.203964904,-0.083047997,1,38,6,-0.433883739,-0.900968868,0.60847687,0.793571609,2737.5,0.051853957,58.75,2.375,7,Valentine's Day,1
2025-02-08 00:00:00+02:00,22655,21785,0,28,33905.62857,51173.94567,45.28571429,12220.73249,54202.5,18319,31857.6,18319,22,-0.582030349,0.236694143,1,39,6,-0.974927912,-0.222520934,0.622046748,0.782980104,1505,0.069084232,72.5,2.333333333,6,Valentine's Day,1
2025-02-09 00:00:00+02:00,57893.5,56423.5,0,78,37784.57143,51565.539,50.28571429,15034.16609,22655,30740.9,46145.7,30740.9,43,1.5554403,0.883272773,1,40,6,-0.781831482,0.623489802,0.635432301,0.772156584,1309.5,0.023208415,58.8,3.12,5,Valentine's Day,1
2025-02-10 00:00:00+02:00,64740,62220,10485.3166,130,42000.57143,51194.60567,62.28571429,18036.04438,57893.5,35228,75868,35228,46,0.118260254,0.837742705,1,41,7,0,1,0.648629561,0.761104259,2200,0.035358406,66.31578947,3.421052632,4,Valentine's Day,1
2025-02-11 00:00:00+02:00,81275.5,78365.5,28042.3725,223,50821.64286,50705.858,90,20185.05148,64740,19528,95937.93,19528,29,0.255413964,3.161998156,1,42,7,0.781831482,0.623489802,0.661634618,0.749826401,5549.5,0.070815601,58.2,4.46,3,Valentine's Day,1
2025-02-12 00:00:00+02:00,101878,98998,0,224,61094.92857,51698.49133,115.2857143,25421.73308,81275.5,29965,72099,29965,47,0.253489674,2.399899883,1,43,7,0.974927912,-0.222520934,0.674443619,0.738326354,2805,0.028333906,57.6,4.48,2,Valentine's Day,1
2025-02-13 00:00:00+02:00,53282.5,50942.5,0,103,62275.28571,50258.385,120.4285714,24733.46279,101878,45020,96485.69,45020,67,-0.476996996,0.183529542,1,44,7,0.433883739,-0.900968868,0.687052767,0.726607525,1591.5,0.031241105,58.5,2.575,1,Valentine's Day,1
2025-02-14 00:00:00+02:00,77515,74665,30922.672,142,65605.64286,50923.05167,132.5714286,25032.99543,53282.5,54202.5,57575,54202.5,57,0.454792849,0.430100088,1,45,7,-0.433883739,-0.900968868,0.699458327,0.714673386,3180,0.042590236,58.16326531,2.897959184,0,Valentine's Day,1
2025-02-15 00:00:00+02:00,102291,99351,0,200,76982.21429,53322.81833,157.1428571,19811.52116,77515,22655,30298,22655,28,0.319628459,3.515162216,1,46,7,-0.974927912,-0.222520934,0.711656622,0.702527474,5230,0.052641644,60,4.081632653,0,Mother's Day,1
2025-02-16 00:00:00+02:00,70108,66688,0,136,78727.14286,53837.365,165.4285714,18332.76031,102291,57893.5,54671.6,57893.5,78,-0.31462201,0.210982235,1,47,7,-0.781831482,0.623489802,0.723644038,0.690173388,682,0.010226727,63.33333333,2.518518519,0,Mother's Day,1
2025-02-17 00:00:00+02:00,55258,52778,82876.0196,107,77372.57143,52728.08133,162.1428571,19827.83001,70108,64740,88536.51,64740,130,-0.211816055,-0.146462774,1,48,8,0,1,0.735417023,0.677614789,2337,0.044279814,62,2.675,0,Mother's Day,1
2025-02-18 00:00:00+02:00,41797,39487,0,97,71732.78571,52953.38133,144.1428571,23757.78893,55258,81275.5,35038,81275.5,223,-0.243602736,-0.485736784,1,49,8,0.781831482,0.623489802,0.746972088,0.664855398,1908,0.0483197,60.78947368,2.552631579,0,Mother's Day,1
2025-02-19 00:00:00+02:00,48346,46076,0,94,64085.35714,51748.36133,125.5714286,20878.30159,41797,101878,84496.6,101878,224,0.156685887,-0.525452011,1,50,8,0.974927912,-0.222520934,0.758305808,0.651898996,1394,0.030254362,63.05555556,2.611111111,0,Mother's Day,1
2025-02-20 00:00:00+02:00,29520,27690,36998.0505,64,60690.71429,50696.96133,120,24538.46591,48346,53282.5,61062,53282.5,103,-0.389401398,-0.445971942,1,51,8,0.433883739,-0.900968868,0.769414827,0.638749422,1030,0.037197544,63.10344828,2.206896552,0,Mother's Day,1
2025-02-21 00:00:00+02:00,40676,38696,3743.733,99,55428,49974.015,113.8571429,24277.82569,29520,77515,62364.39,77515,142,0.377913279,-0.475249952,1,52,8,-0.433883739,-0.900968868,0.780295851,0.625410573,1105,0.028555923,60,3,0,Mother's Day,1
2025-02-22 00:00:00+02:00,34090,32710,5474.565,46,45685,49433.595,91.85714286,13730.52593,40676,102291,50302.6,102291,200,-0.161913659,-0.666735099,1,53,8,-0.974927912,-0.222520934,0.790945657,0.611886401,500,0.015285845,57.5,1.916666667,0,Mother's Day,1
2025-02-23 00:00:00+02:00,61778.5,59288.5,0,149,44495.07143,50287.343,93.71428571,11429.27788,34090,70108,36166.06,70108,136,0.812217659,-0.118809551,1,54,8,-0.781831482,0.623489802,0.801361088,0.598180914,4834.5,0.081541952,57.85714286,3.547619048,0,Mother's Day,1
2025-02-24 00:00:00+02:00,30404,28904,0,67,40944.5,49583.7,88,11388.89896,61778.5,55258,51513.29,55258,107,-0.507854674,-0.449781027,1,55,9,0,1,0.811539059,0.584298174,1900,0.065734846,68.18181818,3.045454545,0,Mother's Day,1
2025-02-25 00:00:00+02:00,45772,43372,0,99,41512.35714,50347.61667,88.28571429,11536.62924,30404,41797,22854.5,41797,97,0.505459808,0.095102519,1,56,9,0.781831482,0.623489802,0.821476553,0.570242293,6548,0.150972978,63.15789474,2.605263158,0,Mother's Day,1
2025-02-26 00:00:00+02:00,34950,33210,0,80,39598.64286,49122.68333,86.28571429,11323.22558,45772,48346,71698,48346,94,-0.236432754,-0.277086005,1,57,9,0.974927912,-0.222520934,0.831170626,0.556017437,1650,0.04968383,58,2.666666667,0,Mother's Day,1
2025-02-27 00:00:00+02:00,33433,32023,59665.7,66,40157.64286,48463.65,86.57142857,10828.52228,34950,29520,53204,29520,64,-0.043404864,0.132554201,1,58,9,0.433883739,-0.900968868,0.840618406,0.541627821,1100,0.034350311,58.75,2.75,0,Mother's Day,1
2025-02-28 00:00:00+02:00,43630,41620,0,101,40579.64286,48663.58333,86.85714286,10909.34882,33433,40676,37632,40676,99,0.304998056,0.072622677,1,59,9,-0.433883739,-0.900968868,0.849817092,0.527077709,4370,0.104997597,62.8125,3.15625,0,Mother's Day,1
2025-03-01 00:00:00+02:00,23814,22644,2578.085,45,39111.64286,48240.73333,86.71428571,12503.1296,43630,34090,36499.5,34090,46,-0.454182902,-0.301437372,1,60,9,-0.974927912,-0.222520934,0.858763958,0.512371412,561,0.024774775,58.5,2.25,0,Mother's Day,1
2025-03-02 00:00:00+02:00,22310,21650,0,38,33473.28571,47014.01333,70.85714286,8980.912996,23814,61778.5,59111.6,61778.5,149,-0.063156127,-0.638871128,1,61,9,-0.781831482,0.623489802,0.867456355,0.497513289,0,0,50.76923077,2.923076923,0,Mother's Day,1
2025-03-03 00:00:00+02:00,44098,42228,0,95,35429.57143,47873.31333,74.85714286,9666.225148,22310,30404,18319,30404,67,0.97660242,0.450401263,1,62,10,0,1,0.875891705,0.482507742,310,0.007341101,74.8,3.8,0,Mother's Day,1
2025-03-04 00:00:00+02:00,64565,62165,0,226,38114.28571,49000.78333,93,14445.69708,44098,45772,30740.9,45772,99,0.464125357,0.41057852,1,63,10,0.781831482,0.623489802,0.88406751,0.467359217,5661,0.091064104,66.66666667,6.277777778,0,Mother's Day,1
2025-03-05 00:00:00+02:00,32898,31908,44785.743,65,37821.14286,48923.11667,90.85714286,14541.11635,64565,34950,35228,34950,80,-0.490466971,-0.058712446,1,64,10,0.974927912,-0.222520934,0.891981346,0.452072204,1560,0.04889056,58.23529412,3.823529412,0,Mother's Day,1
2025-03-06 00:00:00+02:00,21372.5,20232.5,36962.9512,39,36098.21429,48984.6,87,15807.10317,32898,33433,19528,33433,66,-0.350340446,-0.360736398,1,65,10,0.433883739,-0.900968868,0.89963087,0.436651232,127.5,0.006301742,67.5,2.4375,15,Mother's Day,0
2025-03-07 00:00:00+02:00,35593,34283,0,75,34950.07143,49172.2,83.28571429,15456.85869,21372.5,43630,29965,43630,101,0.66536437,-0.184208114,1,66,10,-0.433883739,-0.900968868,0.907013813,0.421100871,2295,0.0669428,61.17647059,4.411764706,14,Mother's Day,0
2025-03-08 00:00:00+02:00,26405,25175,0,43,35320.21429,48551.7,83,15174.17764,35593,23814,45020,23814,45,-0.258140646,0.108801545,1,67,10,-0.974927912,-0.222520934,0.914127988,0.405425728,335,0.013306852,85.38461538,3.307692308,13,Mother's Day,0
2025-03-09 00:00:00+02:00,41625.5,39725.5,31925.4254,66,38079.57143,48132.46667,87,14134.63,26405,22310,54202.5,22310,38,0.57642492,0.865777678,1,68,10,-0.781831482,0.623489802,0.920971288,0.38963045,1293.5,0.03256095,76,2.64,12,Mother's Day,0
2025-03-10 00:00:00+02:00,29710,28690,0,63,36024.14286,48367.63333,82.42857143,14159.69238,41625.5,44098,22655,44098,95,-0.28625482,-0.3262733,1,69,11,0,1,0.927541684,0.373719715,35,0.001219937,60,3.705882353,11,Mother's Day,0
2025-03-11 00:00:00+02:00,24548,23738,0,62,30307.42857,47256.11667,59,6968.224334,29710,64565,57893.5,64565,226,-0.173746213,-0.619794006,1,70,11,0.781831482,0.623489802,0.933837229,0.357698239,510,0.02148454,57.85714286,4.428571429,10,Mother's Day,0
2025-03-12 00:00:00+02:00,37757,36557,0,61,31001.57143,46356.68333,58.42857143,7491.652201,24548,32898,64740,32898,65,0.538088643,0.147698948,1,71,11,0.974927912,-0.222520934,0.939856058,0.341570769,2180,0.059632902,66.66666667,3.388888889,9,Mother's Day,0
2025-03-13 00:00:00+02:00,20068,18988,0,34,30815.21429,44316.43333,57.71428571,7781.70912,37757,21372.5,81275.5,21372.5,39,-0.468495908,-0.061036379,1,72,11,0.433883739,-0.900968868,0.945596387,0.325342085,300,0.015799452,71.53846154,2.615384615,8,Mother's Day,0
2025-03-14 00:00:00+02:00,40012,39022,514.794,70,31446.5,42254.23333,57,8389.417545,20068,35593,101878,35593,75,0.993821009,0.124153626,1,73,11,-0.433883739,-0.900968868,0.951056516,0.309016994,568,0.014555892,54.70588235,4.117647059,7,Mother's Day,1
2025-03-15 00:00:00+02:00,27741,26931,0,66,31637.35714,41402.85,60.28571429,8269.955495,40012,26405,53282.5,26405,43,-0.306682995,0.050596478,1,74,11,-0.974927912,-0.222520934,0.956234827,0.292600336,1204,0.044706843,55,5.5,6,Mother's Day,1
2025-03-16 00:00:00+02:00,31014.5,29914.5,0,56,30121.5,39852.83333,58.85714286,7010.62499,27741,41625.5,77515,41625.5,66,0.118002235,-0.254915857,1,75,11,-0.781831482,0.623489802,0.961129784,0.276096973,209.5,0.007003293,64.70588235,3.294117647,5,Mother's Day,1
2025-03-17 00:00:00+02:00,34864,33394,49208.6556,74,30857.78571,37605.26667,60.42857143,7227.497653,31014.5,29710,102291,29710,63,0.124119364,0.173476944,1,76,12,0,1,0.965739938,0.259511797,2540,0.076061568,63.91304348,3.217391304,4,Mother's Day,1
2025-03-18 00:00:00+02:00,40740,39420,0,53,33170.92857,36626.33333,59.14285714,7458.895005,34864,24548,70108,24548,62,0.168540615,0.659605671,1,77,12,0.781831482,0.623489802,0.970063922,0.242849722,70,0.001775748,69.47368421,2.789473684,3,Mother's Day,1
2025-03-19 00:00:00+02:00,44070,42810,0,108,34072.78571,36253.4,65.85714286,8424.913164,40740,37757,55258,37757,61,0.08173785,0.167200784,1,78,12,0.974927912,-0.222520934,0.974100455,0.226115686,1630,0.038075216,63,5.4,2,Mother's Day,1
2025-03-20 00:00:00+02:00,48237,47277,0,86,38096.92857,36468.06667,73.28571429,7268.766908,44070,20068,41797,20068,34,0.094554118,1.403677497,1,79,12,0.433883739,-0.900968868,0.977848342,0.209314646,647,0.013685302,45.71428571,4.095238095,1,Mother's Day,1
2025-03-21 00:00:00+02:00,36168,34048,0,58,37547.78571,36062.13333,71.57142857,7245.138553,48237,40012,48346,40012,70,-0.250202127,-0.096071179,1,80,12,-0.433883739,-0.900968868,0.98130647,0.192451582,204,0.005991541,92.17391304,2.52173913,0,Mother's Day,1
2025-03-22 00:00:00+02:00,33325,32245,0,52,38345.5,36188.96667,69.57142857,6220.351444,36168,27741,29520,27741,66,-0.078605397,0.201290509,1,81,12,-0.974927912,-0.222520934,0.984473817,0.17553149,100,0.003101256,56.66666667,2.888888889,0,Black Friday,1
2025-03-23 00:00:00+02:00,27673,26803,261.9067,56,37868.14286,35755.53333,69.57142857,6960.84572,33325,31014.5,40676,31014.5,56,-0.169602401,-0.107739928,1,82,12,-0.781831482,0.623489802,0.987349442,0.158559385,112,0.004178637,79.09090909,5.090909091,0,Black Friday,1
2025-03-24 00:00:00+02:00,33283,32063,54305.136,42,37642.28571,35728.63333,65,7098.847552,27673,34864,34090,34864,74,0.202724677,-0.045347637,1,83,13,0,1,0.989932495,0.141540295,762,0.023765711,76.25,2.625,0,Black Friday,1
2025-03-25 00:00:00+02:00,75122,73892,0,41,42554,36173.41667,63.28571429,15961.51835,33283,40740,61778.5,40740,53,1.257068173,0.843937162,1,84,13,0.781831482,0.623489802,0.992222209,0.124479264,188,0.002544254,72.35294118,2.411764706,0,Black Friday,1
2025-03-26 00:00:00+02:00,21552,20442,0,31,39337.14286,35878.35,52.28571429,17771.55483,75122,44070,30404,44070,108,-0.71310668,-0.510959837,1,85,13,0.974927912,-0.222520934,0.994217907,0.107381347,253,0.01237648,79.28571429,2.214285714,0,Black Friday,1
2025-03-27 00:00:00+02:00,30614,29924,0,59,36819.57143,35373.08333,48.42857143,17547.4954,21552,48237,45772,48237,86,0.420471418,-0.365341957,1,86,13,0.433883739,-0.900968868,0.995918996,0.09025161,356,0.011896805,57.5,4.916666667,0,Black Friday,1
2025-03-28 00:00:00+02:00,40056,38796,0,69,37375,35543.28333,50,17584.9272,30614,36168,34950,36168,58,0.308420984,0.107498341,1,87,13,-0.433883739,-0.900968868,0.997324973,0.07309513,140,0.003608619,60,3.45,0,Black Friday,1
2025-03-29 00:00:00+02:00,29844,29044,0,51,36877.71429,35423.65,49.85714286,17766.82488,40056,33325,33433,33325,52,-0.25494308,-0.104456114,1,88,13,-0.974927912,-0.222520934,0.998435421,0.05591699,300,0.010329156,61.53846154,3.923076923,0,Black Friday,1
2025-03-30 00:00:00+02:00,76436.5,73166.5,17824.4079,101,43843.92857,36517.2,56.28571429,22488.6422,29844,27673,43630,27673,56,1.561201582,1.762132765,1,89,13,-0.781831482,0.623489802,0.999250011,0.038722281,1844.5,0.025209625,68.125,2.104166667,0,Black Friday,1
2025-03-31 00:00:00+02:00,70772,67982,699.8888,151,49199.5,38082.46667,71.85714286,23969.58827,76436.5,33283,23814,33283,42,-0.074107266,1.12637082,1,90,14,0,1,0.999768502,0.021516097,2729,0.040142979,64.28571429,3.595238095,0,Black Friday,1
2025-04-01 00:00:00+02:00,74334,72024,9406.5257,108,49086.92857,39816.6,81.42857143,23828.99266,70772,75122,22310,75122,41,0.050330639,-0.010489604,2,91,14,0.781831482,0.623489802,0.99999074,0.004303538,1000,0.013884261,60.78947368,2.842105263,0,Black Friday,1
2025-04-02 00:00:00+02:00,89556,85416,62584.4206,144,58801.78571,41331.86667,97.57142857,24582.68243,74334,21552,44098,21552,31,0.204778432,3.155345212,2,92,14,0.974927912,-0.222520934,0.999916659,-0.012910296,535,0.006263464,83.125,3,0,Black Friday,1
2025-04-03 00:00:00+02:00,50655,47845,0,91,61664.78571,40868.2,102.1428571,21757.34024,89556,30614,64565,30614,59,-0.434376256,0.654635134,2,93,14,0.433883739,-0.900968868,0.999546281,-0.030120305,1457,0.030452503,72.05128205,2.333333333,0,Black Friday,1
2025-04-04 00:00:00+02:00,114208.5,109958.5,54217.1084,206,72258,43578.55,121.7142857,26921.73872,50655,40056,32898,40056,69,1.254634291,1.851220791,2,94,14,-0.433883739,-0.900968868,0.998879716,-0.047321388,3221.5,0.029297417,64.0625,3.21875,0,Black Friday,1
2025-04-05 00:00:00+02:00,76397,73367,0,153,78908.42857,45412.7,136.2857143,19396.16207,114208.5,29844,21372.5,29844,51,-0.331074307,1.559878032,2,95,14,-0.974927912,-0.222520934,0.997917161,-0.064508449,4799,0.06541088,63.125,3.1875,0,Black Friday,1
2025-04-06 00:00:00+02:00,116945.14,114495.14,0,143,84695.37714,48124.438,142.2857143,24026.11838,76397,76436.5,35593,76436.5,101,0.530755658,0.529964611,2,96,14,-0.781831482,0.623489802,0.996658902,-0.081676395,1709.86,0.014933909,59.75,3.575,0,Black Friday,1
2025-04-07 00:00:00+02:00,65928.5,62848.5,0,106,84003.44857,49441.888,135.8571429,24557.78925,116945.14,70772,26405,70772,151,-0.436244208,-0.068438083,2,97,15,0,1,0.995105311,-0.098820139,2171.5,0.034551342,77,2.65,0,Black Friday,1
2025-04-08 00:00:00+02:00,42751,41051,18653.7559,75,79491.59143,49479.40467,131.1428571,29109.7875,65928.5,74334,41625.5,74334,108,-0.351555094,-0.424879597,2,98,15,0.781831482,0.623489802,0.993256849,-0.1159346,2520,0.061387055,68,3,0,Black Friday,1
2025-04-09 00:00:00+02:00,43110,41550,47873.6076,71,72856.44857,49926.07133,120.7142857,31618.64007,42751,89556,29710,89556,144,0.008397464,-0.518625218,2,99,15,0.974927912,-0.222520934,0.991114064,-0.133014707,1260,0.03032491,65,2.958333333,0,Black Friday,1
2025-04-10 00:00:00+02:00,26275,25375,0,40,69373.59143,49983.638,113.4285714,35567.88199,43110,50655,24548,50655,91,-0.390512642,-0.481295035,2,100,15,0.433883739,-0.900968868,0.98867759,-0.150055398,0,0,60,2.666666667,0,Black Friday,1
2025-04-11 00:00:00+02:00,50483,48953,0,83,60269.94857,50407.838,95.85714286,29880.30734,26275,114208.5,37757,114208.5,206,0.921332065,-0.557975107,2,101,15,-0.433883739,-0.900968868,0.98594815,-0.167051626,2520,0.051477948,58.84615385,3.192307692,0,Black Friday,1
2025-04-12 00:00:00+02:00,40080,39030,0,71,55081.80571,51074.90467,84.14285714,29766.11903,50483,76397,20068,76397,153,-0.20606937,-0.47537207,2,102,15,-0.974927912,-0.222520934,0.982926552,-0.183998352,0,0,61.76470588,4.176470588,0,Black Friday,1
2025-04-13 00:00:00+02:00,32050,30370,0,55,42953.92857,50809.50467,71.57142857,12844.74711,40080,116945.14,40012,116945.14,143,-0.200349301,-0.725939872,2,103,15,-0.781831482,0.623489802,0.979613692,-0.200890555,0,0,70,2.291666667,0,Black Friday,1
2025-04-14 00:00:00+02:00,19175,17915,53430.2392,42,36274.85714,50523.97133,62.42857143,10918.34629,32050,65928.5,27741,65928.5,106,-0.401716069,-0.709154614,2,104,16,0,1,0.976010551,-0.21772323,1260,0.070332124,66.31578947,2.210526316,0,Black Friday,1
2025-04-15 00:00:00+02:00,27477,26307,0,59,34092.85714,50406.05467,60.14285714,10934.6217,19175,42751,31014.5,42751,75,0.432959583,-0.357278192,2,105,16,0.781831482,0.623489802,0.972118197,-0.23449139,468,0.017789942,65,3.277777778,0,Black Friday,1
2025-04-16 00:00:00+02:00,42940,42220,0,75,34068.57143,50675.25467,60.71428571,10911.42103,27477,43110,34864,43110,71,0.562761582,-0.003943401,2,106,16,0.974927912,-0.222520934,0.967937783,-0.251190064,0,0,51.42857143,5.357142857,0,Black Friday,1
2025-04-17 00:00:00+02:00,33120,32130,65115.4491,69,35046.42857,50421.25467,64.85714286,10390.87142,42940,26275,40740,26275,40,-0.228691197,0.260513796,2,107,16,0.433883739,-0.900968868,0.963470549,-0.267814305,56,0.001742919,70.71428571,4.928571429,0,Black Friday,1
2025-04-18 00:00:00+02:00,26779.1,26059.1,520.871,41,31660.15714,49844.89133,58.85714286,8140.581456,33120,50483,44070,50483,83,-0.191452295,-0.469542222,2,108,16,-0.433883739,-0.900968868,0.958717817,-0.284359187,1169.9,0.044894106,60,3.416666667,0,Black Friday,1
2025-04-19 00:00:00+02:00,36268,34918,0,116,31115.58571,49445.92467,65.28571429,7592.506771,26779.1,40080,48237,40080,71,0.354339765,-0.09510978,2,109,16,-0.974927912,-0.222520934,0.953680997,-0.300819808,300,0.008591557,61.36363636,5.272727273,0,Black Friday,1
2025-04-20 00:00:00+02:00,17555,16635,0,76,29044.87143,48825.49133,68.28571429,9118.463921,36268,32050,36168,32050,55,-0.515964487,-0.45226209,2,110,16,-0.781831482,0.623489802,0.94836158,-0.317191289,2520,0.151487827,102.2222222,8.444444444,0,Black Friday,1